Current Assets,Cash,Accounts Receivable,Inventory,Non-Current Assets,Total Assets,Current Liabilities,Long-Term Liabilities,Equity,Retained Earnings,Revenue,COGS,Gross Profit,Operating Income,EBIT,Pretax Income,Tax Expense,Net Income,Interest Expense,SGA Expense,Admin Expense,RD Expense,CFO,company,year,short_term_liabilities_to_assets,equity_to_assets,equity_to_short_term_liabilities,equity_to_long_term_liabilities,fixed_assets_to_total_liabilities,gross_profit_to_long_term_liabilities,current_assets_to_total_liabilities,quick_ratio,working_capital_to_total_assets,operating_income_to_assets,ebit_to_current_liabilities,net_operating_profit_margin,sales_to_current_assets,asset_turnover,operating_income_to_assets_trend_1yr,short_term_liabilities_to_assets_trend_1yr,asset_turnover_trend_1yr,gross_profit_to_long_term_liabilities_trend_1yr,bankruptcy_label,gdp_growth,inflation_rate,interest_rate,usdtry_avg,usdtry_change,unemployment_rate,industrial_prod_growth,credit_growth,m2_growth,gdp_growth_lag1,inflation_rate_lag1,interest_rate_lag1,usdtry_avg_lag1,usdtry_change_lag1,unemployment_rate_lag1,industrial_prod_growth_lag1,credit_growth_lag1,m2_growth_lag1,stl_ta_x_interest,oi_ta_x_unemployment,gp_ltl_x_inflation,margin_x_usdtry,fixed_assets_x_interest,quick_x_unemployment,turnover_x_gdp,equity_stl_x_interest,wc_ta_x_credit,cfo_x_interest,log_assets_x_gdp
341287000.0,59155000.0,77794000.0,158379000.0,124745000.0,466032000.0,266216000.0,11035000.0,188781000.0,93523000.0,385115000.0,-210841000.0,174274000.0,66571000.0,66182000.0,21357000.0,-7527000.0,13830000.0,-49319000.0,-72721000.0,-29799000.0,0.0,7683000.0,ADEL,2018,0.5712397431936005,0.405081625296117,0.7091271749256243,17.10747621205256,0.4499352572217954,15.792840960579973,1.2309676069698576,0.6870661417796076,0.1610855048580355,0.14284641398015588,0.2486026384589957,0.17286005478882932,1.128419775731276,0.8263702921687781,-0.022475344645242597,-0.06639626081577812,0.06731344843530868,-2.024287840680893,0,3.0,16.3,17.75,4.83,39.0,10.9,1.9,14,20,3.75,17.950000000000003,16.875,7.95,32.9,11.45,2.05,35.5,39.0,10.139505441686408,1.5570259123836991,257.42330765745356,6.741542136764344,7.986350815686868,7.489020945397723,2.4791108765063345,12.587007354929831,2.255197068012497,0.29262636471315273,59.87929457778051
261640000.0,13421000.0,82018000.0,137387000.0,127881000.0,389521000.0,166702000.0,59600000.0,163219000.0,85460000.0,347114000.0,-195290000.0,151824000.0,50880000.0,47959000.0,-17916000.0,3243000.0,-14673000.0,-69762000.0,-64314000.0,-32191000.0,-1492000.0,105210000.0,ADEL,2019,0.42796665648321913,0.41902490494735845,0.9791064294369594,2.7385738255033556,0.5650900124612244,2.5473825503355703,1.1561541656724201,0.7453599836834591,0.24373011981382262,0.13062196903376197,0.2876930090820746,0.1465800860812298,1.3266855220914233,0.8911303883487668,-0.012224444946393909,-0.14327308671038136,0.06476009617998868,-13.245458410244403,0,0.9,15.2,19.75,5.67,17.4,13.7,-0.6,8,25,3.0,16.3,17.75,4.83,39.0,10.9,1.9,14.0,20.0,8.452341465543578,1.789520975762539,38.720214765100664,2.5504934978133984,11.160527746109182,10.211431776463389,0.8020173495138901,19.337351981379946,1.949840958510581,5.334494160776954,17.802385503387928
513831000.0,279347000.0,59496000.0,139751000.0,120588000.0,634419000.0,409440000.0,79590000.0,145389000.0,55332000.0,391147000.0,-242358000.0,148789000.0,34800000.0,35022000.0,3725000.0,-1810000.0,1915000.0,-38827000.0,-74414000.0,-35070000.0,-2176000.0,90521000.0,ADEL,2020,0.6453778969419264,0.22916873548869124,0.35509232121922624,1.8267244628722201,0.24658609901233053,1.869443397411735,1.0507146800809766,0.9136381398983978,0.16454582854548808,0.05485333825121883,0.08553634232121923,0.08896910880052768,0.7612366712012315,0.6165436407169395,-0.07576863078254314,0.21741124045870724,-0.27458674763182733,-0.6779391529238352,0,1.9,12.3,10.25,7.01,23.6,13.2,2.2,34,36,0.9,15.2,19.75,5.67,17.4,13.7,-0.6,8.0,25.0,6.6151234436547455,0.7240640649160885,22.994153788164343,2.0996709676924534,2.5275075148763877,12.060023446658851,1.171432917362185,3.639696292497069,5.594558170546595,1.4625038815041793,38.50961833705063
592411000.0,342560000.0,92569000.0,113968000.0,115846000.0,708257000.0,548312000.0,28680000.0,131265000.0,78436000.0,486155000.0,-332290000.0,153865000.0,37150000.0,37772000.0,-13776000.0,1078000.0,-12698000.0,-65465000.0,-73567000.0,-39383000.0,-1334000.0,41003000.0,ADEL,2021,0.7741709577173258,0.18533526671815456,0.23939837172996395,4.576882845188284,0.200775747324053,5.364888423988843,1.0267230741500748,0.8725743737142357,0.062264121639461385,0.05245271137454342,0.06888778651570639,0.07641595787351771,0.8206380367683922,0.6864104414075681,-0.002400626876675409,0.12879306077539943,0.06986680069062867,3.4954450265771078,0,11.4,19.6,16.0,8.89,26.8,12.0,17.0,37,42,1.9,12.3,10.25,7.01,23.6,13.2,2.2,34.0,36.0,12.386735323477213,0.629432536494521,105.15181311018132,2.0479476710102746,3.212411957184848,10.470892484570829,7.825079032046277,3.830373947679423,2.303772500660071,0.9262852326203623,232.31282041361612
1156436000.0,481745000.0,92978000.0,493060000.0,749680000.0,1906116000.0,1001884000.0,211548000.0,692684000.0,127565000.0,1675122000.0,-1253242000.0,421880000.0,-7164000.0,-6465000.0,-11951000.0,-7476000.0,-19427000.0,-103816000.0,-282259000.0,-145648000.0,-10152000.0,104720000.0,ADEL,2022,0.5256154399837156,0.36340075840085284,0.6913814373719912,3.2743585380150133,0.6178178917318812,1.9942518955508914,0.9530290943373836,0.6621285498121539,0.08108215869338488,-0.0037584281334399373,-0.00645284284408175,-0.004276703428168217,1.4485211460037564,0.8788143009134806,-0.05621113950798336,-0.24855551773361018,0.19240385950591243,-3.3706365284379514,0,5.5,72.3,10.5,16.55,86.2,10.4,8.5,54,72,11.4,19.6,16.0,8.89,26.8,12.0,17.0,37.0,42.0,5.518962119829014,-0.03908765258777535,144.18441204832945,-0.3686518355081003,6.487087863184752,6.8861369180464,4.833478655024143,7.259505092405908,4.378436569442783,0.5768589110001701,117.52583425421967
2639716000.0,1146378000.0,171023000.0,888797000.0,1159167000.0,3798883000.0,2036566000.0,158510000.0,1603807000.0,123742000.0,3265499000.0,-1740926000.0,1524573000.0,556600000.0,555499000.0,637865000.0,-8422000.0,629443000.0,-232894000.0,-575010000.0,-410976000.0,-17878000.0,356774000.0,ADEL,2023,0.5360960050625407,0.42217857196444325,0.7875055362801893,10.118017790675667,0.5280760210580409,9.618150274430635,1.2025624625297713,0.8597408578951038,0.15877035433836736,0.14651675242433104,0.27276258171844175,0.17044868180942638,1.2370645175465846,0.859594517651636,0.15027518055777098,0.01048056507882511,-0.019219783261844592,7.623898378879743,0,4.5,53.9,25.0,23.75,43.5,9.4,1.6,60,70,5.5,72.3,10.5,16.55,86.2,10.4,8.5,54.0,72.0,13.402400126563519,1.377257472788712,518.4182997918111,7.414517658710047,13.201900526451022,8.081564064213977,3.8681753294323618,19.68763840700473,9.526221260302043,2.3478875237800163,99.260878108947
1792338000.0,659335000.0,131206000.0,789434000.0,1049595000.0,2841933000.0,826787000.0,566060000.0,1449086000.0,554502000.0,2711979000.0,-1324068000.0,1387911000.0,323385000.0,278327000.0,76277000.0,-57633000.0,18644000.0,-464202000.0,-581457000.0,-433542000.0,-18964000.0,372912000.0,ADEL,2024,0.29092417027424644,0.5098944978646576,1.7526714861264148,2.559951241917818,0.7535608720842992,2.451879659400064,1.2868161398918905,1.213013750820949,0.33975150012333155,0.11379050808023976,0.33663688471153996,0.11924317998037595,1.5130957442178874,0.9542726728603383,-0.032726244344091285,-0.2451718347882943,0.09467815520870237,-7.166270615030571,0,3.2,65.0,45.0,32.5,36.8,9.8,3.0,45,60,4.5,53.9,25.0,23.75,43.5,9.4,1.6,60.0,70.0,13.09158766234109,1.1151469791863498,159.37217786100416,4.388149023277835,33.91023924379346,11.887534758045302,3.053672553153083,78.87021687568867,15.28881750554992,5.9047978963613845,69.65680093246787
10368047000.0,4770052000.0,2413804000.0,1943100000.0,29328123000.0,39696170000.0,8075465000.0,10298431000.0,21322274000.0,4178878000.0,18689686000.0,-11957339000.0,6732347000.0,1362993000.0,1334698000.0,376058000.0,-277172000.0,98886000.0,-4052020000.0,-3957760000.0,-1557701000.0,0.0,2818246000.0,AEFES,2018,0.20343184241703924,0.5371368069010184,2.6403772414343942,2.070439079506383,1.5961842278850387,0.6537255043996508,0.564281358727621,1.043277012531167,0.0577532290898593,0.034335629860512994,0.16527816045267982,0.07292754945160662,1.8026235799278303,0.47081836862347176,0.007262094430947788,0.02277233148839619,0.029048583128417266,0.13028388609878783,0,3.0,16.3,17.75,4.83,39.0,10.9,1.9,14,20,3.75,17.950000000000003,16.875,7.95,32.9,11.45,2.05,35.5,39.0,3.6109152029024463,0.3742583654795916,10.655725721714308,2.844174428612658,28.332270044959436,11.371719436589721,1.4124551058704153,46.8666960354605,0.8085452072580301,1.2601685880527014,73.21356163930214
12683956000.0,5814721000.0,2727201000.0,2257493000.0,33214176000.0,45898132000.0,9696522000.0,11821310000.0,24380300000.0,4178878000.0,23076564000.0,-14320243000.0,8756321000.0,2246158000.0,2810013000.0,1957862000.0,-652273000.0,1308595000.0,-1948990000.0,-4908553000.0,-1770749000.0,0.0,4157115000.0,AEFES,2019,0.21126180037130923,0.5311828376806271,2.514334521181925,2.0624025594456112,1.5435651695765633,0.7407234054432208,0.5894625443678527,1.0752786411457633,0.06508835697278487,0.04893789577318746,0.28979597014269654,0.09733502786636693,1.8193506820742678,0.5027778472553088,0.014602265912674467,0.007829957954269995,0.03195947863183707,0.08699790104356997,0,0.9,15.2,19.75,5.67,17.4,13.7,-0.6,8,25,3.0,16.3,17.75,4.83,39.0,10.9,1.9,14.0,20.0,4.172420557333357,0.6704491720926682,11.258995762736955,1.6936294848747844,30.485412099137125,14.731317383696958,0.452500062529778,49.658106793343016,0.5207068557822789,1.788809645891471,22.094721230415303
15722558000.0,8524950000.0,2745025000.0,2708747000.0,34838810000.0,50561368000.0,12542103000.0,13004537000.0,25014728000.0,5213040000.0,26742693000.0,-16799303000.0,9943390000.0,2717199000.0,2784273000.0,2066950000.0,-610076000.0,1452910000.0,-2975745000.0,-5210101000.0,-2057227000.0,0.0,4972316000.0,AEFES,2020,0.2480570343745446,0.49473993662513244,1.9944604186395216,1.923538531206455,1.3637335477385675,0.7646093051986396,0.6154452405482678,1.0376099606262204,0.06290286686863378,0.05374061477134084,0.22199411055705728,0.10160528709655381,1.700912345179455,0.5289155348803063,0.004802718998153377,0.036795234003235366,0.026137687624997463,0.02388589975541877,0,1.9,12.3,10.25,7.01,23.6,13.2,2.2,34,36,0.9,15.2,19.75,5.67,17.4,13.7,-0.6,8.0,25.0,2.5425846023390823,0.7093761149816991,9.404694453943268,2.39788477547867,13.978268864320317,13.696451480266107,1.0049395162725818,20.443219291055097,2.1386974735335484,1.008007516727,46.828261922423906
24663860000.0,10260355000.0,5117061000.0,5903274000.0,60849021000.0,85512881000.0,24521394000.0,21658994000.0,39332493000.0,6000867000.0,39284384000.0,-25142116000.0,14142268000.0,4385568000.0,4310650000.0,3802921000.0,-1435655000.0,2367266000.0,-4207822000.0,-7273129000.0,-2820859000.0,0.0,8072534000.0,AEFES,2021,0.28675672849801426,0.45995986265507766,1.6040072191654358,1.815988914351239,1.3176377166861395,0.6529512866571735,0.5340765001801198,0.7650701261111011,0.0016660180119530763,0.05128546657198931,0.17579139261006124,0.11163642021216369,1.5927913959939766,0.4593972690500277,-0.0024551481993515256,0.03869969412346966,-0.06951826583027859,-0.11165801854146606,0,11.4,19.6,16.0,8.89,26.8,12.0,17.0,37,42,1.9,12.3,10.25,7.01,23.6,13.2,2.2,34.0,36.0,4.588107655968228,0.6154255988638717,12.797845218480601,2.991856061685987,21.082203466978232,9.180841513333213,5.237128867170316,25.664115506646972,0.06164266644226382,1.5104220848318746,286.5257698522922
85826237000.0,39326756000.0,12989626000.0,23545932000.0,182418333000.0,268244570000.0,69258939000.0,64260413000.0,134725218000.0,26388363000.0,155060052000.0,-101504427000.0,53555625000.0,17179576000.0,17170186000.0,29822023000.0,-6818445000.0,23003578000.0,3715439000.0,-26284248000.0,-10555189000.0,0.0,14550131000.0,AEFES,2022,0.258193256251189,0.5022476988070999,1.94523941523274,2.096550764465208,1.3662314134059008,0.8334155119731335,0.6427999815337629,0.8992385084039477,0.0617619137639953,0.06404445018216026,0.24791292283585228,0.11079304939224449,1.8066742457787122,0.5780547654701826,0.01275898361017095,-0.02856347224682526,0.11865749642015494,0.18046422531595996,0,5.5,72.3,10.5,16.55,86.2,10.4,8.5,54,72,11.4,19.6,16.0,8.89,26.8,12.0,17.0,37.0,42.0,2.7110291906374844,0.6660622818944667,60.25594151565755,9.550360857611475,14.345429840761959,9.352080487401057,3.1793012100860043,20.425013859943768,3.335143343255746,0.5695413536236726,144.73340736767585
130126100000.0,59587969000.0,22206667000.0,35918488000.0,252804093000.0,382930193000.0,113333758000.0,82080033000.0,187516402000.0,52179899000.0,230829114000.0,-145645251000.0,85183863000.0,28247198000.0,28719329000.0,59849108000.0,-11421812000.0,48427296000.0,14444278000.0,-40636451000.0,-16430908000.0,0.0,34409262000.0,AEFES,2023,0.29596453889442975,0.4896882132248057,1.6545502885380365,2.284555636082651,1.2936860377474586,1.0378146777791866,0.6659002895041323,0.8312405205869905,0.04385222765654313,0.07376592004590246,0.25340489459460086,0.12237276966717466,1.7738878979697386,0.6027968497119787,0.0097214698637422,0.037771282643240756,0.024742084241796025,0.2043991658060531,0,4.5,53.9,25.0,23.75,43.5,9.4,1.6,60,70,5.5,72.3,10.5,16.55,86.2,10.4,8.5,54.0,72.0,7.399113472360744,0.6933996484314832,55.93821113229816,5.323215480522098,32.34215094368646,7.813660893517711,2.712585823703904,41.36375721345091,2.631133659392588,2.2464448239525474,120.02003345613348
121296707000.0,54232855000.0,21785132000.0,30208749000.0,230924298000.0,352221005000.0,107326660000.0,75127175000.0,169767170000.0,84233458000.0,231354487000.0,-140346588000.0,91007899000.0,26050243000.0,25999131000.0,30996314000.0,-7651513000.0,23344801000.0,-9271544000.0,-45297777000.0,-18973240000.0,0.0,32413330000.0,AEFES,2024,0.30471396786798677,0.4819904764055738,1.5817800535300361,2.2597305169534194,1.2656587788357532,1.2113845489331923,0.6648076594279314,0.8486983383252586,0.039662731074201554,0.07395993603504708,0.24224298976600966,0.1125988232940561,1.9073435109825363,0.6568446620609694,0.00019401598914461915,0.008749428973557016,0.0540478123489907,0.17356987115400568,0,3.2,65.0,45.0,32.5,36.8,9.8,3.0,45,60,4.5,53.9,25.0,23.75,43.5,9.4,1.6,60.0,70.0,13.712128554059404,0.7248073731434614,78.7399956806575,4.143636697221264,56.95464504760889,8.317243715587535,2.101902918595102,71.18010240885162,1.78482289833907,4.141149531953666,85.08007894604668
53446690.0,1265455.0,11282874.0,10558667.0,988424488.0,1041871178.0,115480012.0,134728120.0,791663046.0,-20938010.0,206690394.0,-175913738.0,30776656.0,18848537.0,62012513.0,61969001.0,-3844577.0,58124424.0,-374520.0,-5381.0,-7614160.0,-1537718.0,306572749.0,AGROT,2021,0.11083905039169824,0.7598473426625494,6.855411878550896,5.876004549013228,3.950409125791323,0.22843528136516714,0.2136089245892296,0.37138914568176523,-0.05954029952059966,0.018091043689472328,0.5369978052998471,0.09119212864822349,3.8672253417377203,0.19838382936820237,0.015251556874838177,-0.08318096696985826,0.14294461187495744,0.1650841112735396,1,11.4,19.6,16.0,8.89,26.8,12.0,17.0,37,42,1.9,12.3,10.25,7.01,23.6,13.2,2.2,34.0,36.0,1.7734248062671718,0.21709252427366793,4.477331514757276,2.4439490477723895,63.20654601266117,4.4566697481811826,2.261575654797507,109.68659005681434,-2.202991082262187,4.708033092359908,236.7128392310696
920765562.0,2014362.0,496177033.0,49012945.0,3279604622.0,4200370184.0,392052797.0,737186692.0,3071130695.0,166717357.0,877073473.0,-490345886.0,386727587.0,314718501.0,352596505.0,398087427.0,-60365930.0,337721497.0,44808248.0,-3564.0,-45173684.0,-5663917.0,700314996.0,AGROT,2022,0.09333767735363012,0.7311571505527095,7.833462019657521,4.166014834950385,2.9042595959022472,0.5245992517184507,0.8153855501594135,2.223559234038573,0.12587289734937324,0.07492637248945866,0.8993597487330258,0.3588279781436281,0.9525480851986947,0.20880861318865127,0.05683532879998633,-0.01750137303806812,0.010424783820448896,0.29616397035328357,1,5.5,72.3,10.5,16.55,86.2,10.4,8.5,54,72,11.4,19.6,16.0,8.89,26.8,12.0,17.0,37.0,42.0,0.9800456122131163,0.77923427389037,37.92852589924398,30.930971715980743,30.494725756973597,23.12501603400116,1.148447372537582,82.25135120640397,6.797136456866155,1.7506331908578274,121.87141173569634
3088717943.0,493807559.0,344924162.0,342992.0,6114251220.0,9202969163.0,732093794.0,1284520052.0,7186355317.0,720533694.0,841128293.0,-564546878.0,276581415.0,216100463.0,640583431.0,423735449.0,-39326912.0,384408537.0,-258955991.0,-3508567.0,-69758665.0,-10379335.0,-434358756.0,AGROT,2023,0.0795497388976745,0.7808735626206726,9.816167512820085,5.594583989413659,3.0319395218513243,0.215318876937236,1.531635790920777,4.21855092381783,0.25607215532946365,0.023481602423359116,0.8750018593928963,0.25691736302110096,0.27232279169623097,0.0913974911903114,-0.05144477006609954,-0.01378793845595562,-0.11741112199833986,-0.3092803747812147,1,4.5,53.9,25.0,23.75,43.5,9.4,1.6,60,70,5.5,72.3,10.5,16.55,86.2,10.4,8.5,54.0,72.0,1.9887434724418624,0.2207270627795757,11.60568746691702,11.175905291417893,75.79848804628311,39.6543786838876,0.4112887103564013,245.40418782050213,15.364329319767819,-1.1799418978450835,103.24256401819048
2177144936.0,81305570.0,1072206285.0,224394714.0,6141982993.0,8319127929.0,506307849.0,1389245295.0,6423574785.0,1039380068.0,2121664932.0,-2045528144.0,76136788.0,-377723432.0,381581226.0,-344800373.0,27084341.0,-317716032.0,-808662354.0,-25444669.0,-229111208.0,0.0,901480189.0,AGROT,2024,0.060860687961660026,0.7721452103901166,12.687093035762912,4.623787324037689,3.2402061701309917,0.05480442386526132,1.1485538893442915,3.856843669038202,0.20084281685049682,-0.04540421005947966,0.7536545735043503,-0.17803161390047428,0.974517082862691,0.2550345360844853,-0.06888581248283877,-0.018689050936014473,0.16363704489417388,-0.16051445307197468,1,3.2,65.0,45.0,32.5,36.8,9.8,3.0,45,60,4.5,53.9,25.0,23.75,43.5,9.4,1.6,60.0,70.0,2.7387309582747013,-0.4449612585829007,3.562287551241986,-6.551563391537453,145.80927765589462,37.79706795657438,0.816110515470353,570.9191866093311,9.037926758272357,4.876305407395786,73.09383446419189
749890492.0,243633827.0,441793823.0,12653896.0,1450216896.0,2200107388.0,1729502574.0,970853558.0,-500248744.0,-676698188.0,2689962540.0,-2369955987.0,320006553.0,272331211.0,273361924.0,47800776.0,-7949905.0,39850871.0,-233238663.0,-6343058.0,-74364059.0,0.0,449566368.0,AHGAZ,2020,0.78609916199236,-0.2270753134688389,-0.28421434112225646,-0.5152669420407068,0.5370465320534988,0.3296136171754134,0.2777005903456885,0.4262708868336151,-0.4452564849075449,0.12378087200896214,0.1580581192011571,0.10123977823126117,3.5871404807730247,1.2226505645459884,-0.02225995226617032,-0.11835558111692845,-0.22700694486052245,-0.0041688203856564965,0,1.9,12.3,10.25,7.01,23.6,13.2,2.2,34,36,0.9,15.2,19.75,5.67,17.4,13.7,-0.6,8.0,25.0,8.05751641042169,1.6339075105183,4.054247491257585,2.389258766257764,5.504726953548363,5.626775706203719,2.323036072637378,-2.9647539720863114,-15.138720486856526,2.0944683414698844,40.872366816808636
1625478320.0,269886357.0,835903327.0,22000649.0,1923385623.0,3548863943.0,2383892937.0,1509093744.0,-344122738.0,-643154371.0,3700025016.0,-3215316577.0,484708439.0,395344724.0,396749747.0,-51731047.0,206500343.0,154769296.0,-529496600.0,-7933902.0,-123673618.0,0.0,323829608.0,AHGAZ,2021,0.6717341028816105,-0.09696701353647809,-0.1443532688313846,-0.22803271126674288,0.4940642700852847,0.32119173572029597,0.41754016984780945,0.6726299013318483,-0.2137063097321452,0.11140036089008216,0.16642934791328676,0.10684920298928055,2.276268450015378,1.0425942147762974,-0.012380511118879972,-0.11436505911074946,-0.18005634976969098,-0.008421881455117408,0,11.4,19.6,16.0,8.89,26.8,12.0,17.0,37,42,1.9,12.3,10.25,7.01,23.6,13.2,2.2,34.0,36.0,10.747745646105768,1.336804330680986,6.295358020117801,2.8635586401127187,7.905028321364555,8.07155881598218,11.885574048449792,-2.3096523013021537,-7.907133460089372,1.4599809435410638,250.6847844540392
10768102668.0,6101656156.0,4156191322.0,122254847.0,18778211667.0,29546314335.0,9789004069.0,5226447557.0,14530862709.0,-990330563.0,23481276300.0,-21802144258.0,1679132042.0,1504201972.0,2685012447.0,3361631753.0,-649852305.0,2711779448.0,486879210.0,-22722269.0,-279648513.0,0.0,1546403661.0,AHGAZ,2022,0.3313104963959628,0.4917995031206656,1.4844066471497959,2.7802561014006937,1.2505925319278839,0.3212759764041004,0.7171347846344159,1.0875312489360862,0.03313775748470186,0.05090996985089782,0.2742886230380624,0.06405963427124274,2.180632654049654,0.7947277631235558,-0.06049039103918435,-0.34042360648564773,-0.24786645165274168,8.424068380441518e-05,0,5.5,72.3,10.5,16.55,86.2,10.4,8.5,54,72,11.4,19.6,16.0,8.89,26.8,12.0,17.0,37.0,42.0,3.478760212157609,0.5294636864493373,23.228253094016456,5.521940474181124,13.13122158524278,11.310324988935298,4.371002697179557,15.586269795072857,1.7894389041739003,0.549552078015554,132.60073665642977
16711218439.0,12245397973.0,3403108378.0,118466119.0,45262006172.0,61973224611.0,12950197280.0,13294683696.0,35728343635.0,2170430041.0,28902244013.0,-26816954137.0,2121111761.0,4734527012.0,7767375416.0,8245642055.0,-2294671997.0,5950970058.0,403541448.0,-30301115.0,-801610475.0,0.0,8392473059.0,AHGAZ,2023,0.20896439327285532,0.576512580380695,2.7589034253692852,2.6874158462114948,1.7246032174194457,0.15954586130079826,0.6367420166348557,1.2812740965441107,0.06068784031503233,0.07639633150797256,0.5997881922614232,0.16381174450919614,1.7295114726972303,0.46636663162868514,0.025486361657074748,-0.12234610312310745,-0.3283611314948706,-0.16173011510330212,0,4.5,53.9,25.0,23.75,43.5,9.4,1.6,60,70,5.5,72.3,10.5,16.55,86.2,10.4,8.5,54.0,72.0,5.224109831821383,0.7181255161749421,8.599521924113025,7.125810886150032,43.11508043548614,12.04397650751464,2.098649842329083,68.97258563423213,3.64127041890194,3.385523793411893,111.82485720419879
45269483033.0,9755739619.0,4571742513.0,246325703.0,55337932995.0,100607416028.0,41301295902.0,19224624796.0,40081495330.0,6008464531.0,26179980665.0,-24072554897.0,3874637829.0,4452576183.0,5016800672.0,3229052623.0,-409587718.0,2819464905.0,-1966780304.0,-16666150.0,-2186403961.0,0.0,7462382503.0,AHGAZ,2024,0.41051939839609297,0.3983950379845253,0.9704658039085662,2.0849039060746515,0.9142848610451385,0.20154556305339089,0.7479354714631523,1.0901148825167921,0.039442292503522956,0.044256938094511894,0.12146835982831869,0.17007561006157068,0.578314107230154,0.2602191935603819,-0.03213939341346067,0.20155500512323765,-0.2061474380683032,0.04199970175259263,0,3.2,65.0,45.0,32.5,36.8,9.8,3.0,45,60,4.5,53.9,25.0,23.75,43.5,9.4,1.6,60.0,70.0,18.473372927824183,0.4337179933262166,13.100461598470407,6.258782450265801,41.142818747031235,10.683125848664563,0.8327014193932222,43.67096117588548,1.774903162658533,3.3377978074851034,81.07037379157498
995968009.0,275421213.0,443942043.0,244939954.0,1164559084.0,2160527093.0,864750419.0,188210624.0,1107566050.0,170869425.0,1715570101.0,-1350035351.0,365534750.0,266230989.0,301894991.0,221750037.0,-41992608.0,179757429.0,-119889486.0,-21626468.0,-73808950.0,0.0,276596335.0,AKCNS,2018,0.40024974544487235,0.5126369641873313,1.2807927300929125,5.884715891489739,1.1059849666252088,1.9421578985891892,0.9458735587808447,0.8684911143130651,0.060734063657492864,0.12322501757213558,0.3491122806845382,0.1551851415717812,1.7225152670541248,0.7940516490435883,-0.018064178916265477,-0.056136566364211424,0.03384151375849165,-0.2811833672659074,0,3.0,16.3,17.75,4.83,39.0,10.9,1.9,14,20,3.75,17.950000000000003,16.875,7.95,32.9,11.45,2.05,35.5,39.0,7.104432981646484,1.343152691536278,31.657173747003785,6.052220521299467,19.631233157597457,9.46655314601241,2.382154947130765,22.734070959149197,0.8502768912049001,2.2724014719171124,64.48085416023113
762909724.0,152041813.0,369076028.0,181225628.0,1246836764.0,2009746488.0,649159854.0,319512646.0,1041073988.0,170642103.0,1826105824.0,-1573110547.0,252995277.0,148558944.0,219191347.0,87313818.0,-12345052.0,74968766.0,-154978074.0,-23328261.0,-82462345.0,0.0,350922064.0,AKCNS,2019,0.32300584072472327,0.5180125922429277,1.6037251558073091,3.258318570589535,1.2871602775964013,0.7918161617928575,0.7875827217145114,0.8960567915834179,0.05659911370871369,0.07391924548047774,0.3376538854788762,0.08135286687525509,2.393606696249162,0.9086249608612328,-0.049305772091657846,-0.07724390472014908,0.11457331181764452,-1.1503417367963316,0,0.9,15.2,19.75,5.67,17.4,13.7,-0.6,8,25,3.0,16.3,17.75,4.83,39.0,10.9,1.9,14.0,20.0,6.379365354313284,1.012693663082545,12.035605659251434,1.4155398836294384,25.421415482528925,12.275978044692824,0.8177624647751095,31.673571827194355,0.45279290966970953,3.4485497575851465,19.27914698312081
1036792286.0,318373248.0,442284699.0,180076748.0,1395063825.0,2431856111.0,837726837.0,387077017.0,1207052257.0,170591530.0,1967108077.0,-1635163166.0,331944911.0,183661393.0,186793218.0,145852441.0,-31014245.0,114838196.0,-98037895.0,-17340831.0,-92552123.0,0.0,277015204.0,AKCNS,2020,0.3444804292534888,0.49635019586074514,1.4408661674521477,3.1183774907514077,1.1390099895946277,0.8575681231934263,0.8464965901389138,1.0226669364777674,0.08185741257452218,0.07552313320234924,0.22297628504886968,0.09336619332075469,1.8973019992164564,0.8088916396419147,0.0016038877218715053,0.021474588528765548,-0.0997333212193181,0.06575196140056883,0,1.9,12.3,10.25,7.01,23.6,13.2,2.2,34,36,0.9,15.2,19.75,5.67,17.4,13.7,-0.6,8.0,25.0,3.5309243998482605,0.9969053582710099,10.548087915279144,2.203442162369811,11.674852393344935,13.49920356150653,1.5368941153196378,14.768878216384513,2.7831520275337542,1.1675879293008056,41.06264920538879
1795274126.0,264962767.0,562588532.0,772668477.0,1707922829.0,3503196955.0,1796321732.0,164285222.0,1542590001.0,171163576.0,2871403785.0,-2450487165.0,420916620.0,244308046.0,284072611.0,233182925.0,70436008.0,303618933.0,-180100446.0,-16792841.0,-107622084.0,0.0,77542133.0,AKCNS,2021,0.5127664116732483,0.44033778882980334,0.8587492838949855,9.389706403415884,0.8711194385572908,2.5621088426322363,0.9156726300176123,0.5692775580137557,-0.00029904284956196533,0.06973859852535753,0.15814127610854958,0.08508313852487312,1.5994235885288974,0.8196523980479424,-0.005784534676991707,0.1682859824197595,0.010760758406027748,1.70454071943881,0,11.4,19.6,16.0,8.89,26.8,12.0,17.0,37,42,1.9,12.3,10.25,7.01,23.6,13.2,2.2,34.0,36.0,8.204262586771973,0.8368631823042905,50.21733331559184,2.2802281124665997,13.937911016916653,6.831330696165068,9.344037337746544,13.739988542319768,-0.011064585433792717,0.3541548316971519,250.53713656840196
7335050467.0,2234191729.0,3083462240.0,1716105052.0,11246484651.0,18581535118.0,6516940029.0,723866917.0,11340728172.0,-1192493924.0,16683577346.0,-15283625861.0,1399951485.0,732015402.0,770656625.0,1181198512.0,753765988.0,1934964500.0,178969076.0,-89959553.0,-461912917.0,0.0,1017250780.0,AKCNS,2022,0.3507212933492786,0.6103224572126011,1.7401921947316419,15.666869013714022,1.5532087424610643,1.9339901466998526,1.01301561023555,0.862206095191305,0.04402814045258798,0.03939477536981829,0.11825436808849296,0.043876405330749144,2.274500689676032,0.8978578594315686,-0.030343823155539247,-0.16204511832396973,0.07820546138362616,-0.6281186959323837,0,5.5,72.3,10.5,16.55,86.2,10.4,8.5,54,72,11.4,19.6,16.0,8.89,26.8,12.0,17.0,37.0,42.0,3.6825735801674253,0.4097056638461102,139.82748760639933,3.7821461395105764,16.308691795841174,8.966943389989572,4.938218226873627,18.27201804468224,2.377519584439751,0.5748251219380227,130.04988803942206
11237844000.0,3926538000.0,4115923000.0,2253238000.0,17076677000.0,28314521000.0,7753078000.0,640627000.0,19920816000.0,492636000.0,27034142000.0,-21291440000.0,5742702000.0,4119059000.0,4329857000.0,4544177000.0,-1120651000.0,3423526000.0,-1000916000.0,-242403000.0,-1002470000.0,0.0,3709652000.0,AKCNS,2023,0.2738198537775017,0.7035547590580818,2.569407401808675,31.095810822834505,2.0344623738861443,8.964189770334375,1.3388419059283116,1.1588437521201258,0.12307345760855358,0.1454751433019121,0.5584694233696604,0.1523650722852606,2.4056342123987484,0.9547801285425241,0.10608036793209383,-0.07690143957177692,0.05692226911095555,7.030199623634522,0,4.5,53.9,25.0,23.75,43.5,9.4,1.6,60,70,5.5,72.3,10.5,16.55,86.2,10.4,8.5,54.0,72.0,6.845496344437542,1.3674663470379738,483.1698286210228,6.627880644408837,50.86155934715361,10.893131269929183,4.296510578441358,64.23518504521688,7.384407456513215,3.2753971010139993,108.29988278793249
10857810000.0,4509346000.0,3417579000.0,2067429000.0,17539897000.0,28397707000.0,6771381000.0,1071564000.0,20554762000.0,2291082000.0,21614189000.0,-18009034000.0,3605155000.0,2505101000.0,2616769000.0,2525670000.0,-853163000.0,1672507000.0,-1213030000.0,-133473000.0,-881488000.0,0.0,3645571000.0,AKCNS,2024,0.23844816062085575,0.7238176659826795,3.035534701119314,19.182019926014686,2.236391687051229,3.3643860749334618,1.3844047102204593,1.29816665167711,0.1438999634724029,0.08821490411180029,0.3864453942260818,0.115900763151465,1.990658245078888,0.7611244457166911,-0.05726023919011182,-0.03537169315664593,-0.193655682825833,-5.599803695400913,0,3.2,65.0,45.0,32.5,36.8,9.8,3.0,45,60,4.5,53.9,25.0,23.75,43.5,9.4,1.6,60.0,70.0,10.730167227938509,0.8645060602956429,218.68509487067502,4.265148083973911,100.6376259173053,12.722033186435679,2.4355982262934117,136.59906155036913,6.47549835625813,5.776899346133828,77.02263756613553
2448122000.0,837838000.0,920208000.0,485190000.0,1740505000.0,4188627000.0,2057250000.0,683895000.0,1447482000.0,457561000.0,3537548000.0,-2916366000.0,621182000.0,531719000.0,537133000.0,256575000.0,-32279000.0,224296000.0,-1154681000.0,-88835000.0,-65595000.0,-4855000.0,281525000.0,AKSA,2018,0.4911513963883631,0.34557433736639714,0.7036004374772147,2.1165266597942667,0.6349554656904323,0.9083002507694895,0.8931019701621038,0.954153360068052,0.09331745223434791,0.12694350678635266,0.2610927208652327,0.1503072184462232,1.4450047832583506,0.8445602819253183,-0.01805214065928408,-0.0017830325341693098,-0.005121494170893304,0.046797983263904275,0,3.0,16.3,17.75,4.83,39.0,10.9,1.9,14,20,3.75,17.950000000000003,16.875,7.95,32.9,11.45,2.05,35.5,39.0,8.717937285893445,1.3836842239712441,14.805294087542679,5.861981519402704,11.270459516005173,10.400271624741766,2.533680845775955,12.48890776522056,1.3064443312808707,1.1930087711319246,66.46691649664743
2179759000.0,635091000.0,721132000.0,672302000.0,2008162000.0,4187921000.0,2071596000.0,581105000.0,1535220000.0,457609000.0,3645900000.0,-3025933000.0,619967000.0,496086000.0,484080000.0,347552000.0,-69870000.0,277682000.0,-417768000.0,-90610000.0,-59486000.0,-7568000.0,677021000.0,AKSA,2019,0.4946597607739019,0.366582846238026,0.7410807898837418,2.6418977637432133,0.7570253865776806,1.066876037893324,0.8217130388988431,0.7276790455281822,0.025827373534505545,0.11845638922033153,0.2336749057248614,0.13606681477824406,1.6726161011377862,0.8705751612793078,-0.008487117566021135,0.003508364385538809,0.026014879353989495,0.15857578712383447,0,0.9,15.2,19.75,5.67,17.4,13.7,-0.6,8,25,3.0,16.3,17.75,4.83,39.0,10.9,1.9,14.0,20.0,9.769530275284563,1.6228525323185419,16.216515775978525,2.3675625771414466,14.951251384909192,9.969202923736095,0.783517645151377,14.636345600203901,0.20661898827604436,3.1927929753211677,19.939923239721743
2653990000.0,906204000.0,830008000.0,630967000.0,2272022000.0,4926012000.0,1818201000.0,1241651000.0,1866160000.0,479272000.0,4109857000.0,-3141662000.0,968195000.0,826278000.0,840528000.0,492675000.0,-52722000.0,439953000.0,-682566000.0,-86115000.0,-77069000.0,-11065000.0,862084000.0,AKSA,2020,0.3691020241119997,0.378837891584511,1.0263771717208383,1.5029666146123186,0.7425267627323151,0.7797642010516643,0.8673589441580835,1.1126509115328833,0.16966848639426782,0.16773771562066842,0.46228552288773356,0.20104787100865065,1.5485578317928854,0.8343172935835317,0.04928132640033689,-0.12555773666190218,-0.0362578676957761,-0.28711183684165964,0,1.9,12.3,10.25,7.01,23.6,13.2,2.2,34,36,0.9,15.2,19.75,5.67,17.4,13.7,-0.6,8.0,25.0,3.783295747147997,2.214137846192823,9.591099672935472,4.744729755804156,7.61089931800623,14.686992032234059,1.58520285780871,10.520366010138593,5.768728537405106,1.793816377223604,42.40381158812123
6028316000.0,2835689000.0,1142812000.0,1559041000.0,3414734000.0,9443050000.0,5908199000.0,700572000.0,2834279000.0,608107000.0,8348157000.0,-6504250000.0,1843907000.0,1246618000.0,1332666000.0,1131838000.0,35370000.0,1167208000.0,-1226833000.0,-150100000.0,-116506000.0,-14873000.0,2910752000.0,AKSA,2021,0.6256663895669302,0.30014444485626995,0.4797196235265603,4.045664114466464,0.5166972800237745,2.632002135397932,0.912168994810079,0.7564530240095163,0.012720148680775808,0.13201433858763853,0.22556213830983013,0.14932852844046896,1.3848240536826537,0.8840530337126247,-0.035723377033029885,0.2565643654549305,0.04973574012909299,1.8522379343462676,0,11.4,19.6,16.0,8.89,26.8,12.0,17.0,37,42,1.9,12.3,10.25,7.01,23.6,13.2,2.2,34.0,36.0,10.010662233070883,1.5841720630516622,51.58724185379947,4.002004562204568,8.267156480380391,9.077436288114196,10.078204584323922,7.6755139764249645,0.4706455011887049,4.931884507653777,261.84141138280495
10614003000.0,2599318000.0,2797521000.0,4063214000.0,14758754000.0,25372757000.0,7158954000.0,2194866000.0,16018937000.0,3764117000.0,34464528000.0,-28830258000.0,5634270000.0,4130743000.0,4110790000.0,4151523000.0,412351000.0,4563874000.0,-955861000.0,-613319000.0,-451969000.0,-67702000.0,-3021587000.0,AKSA,2022,0.2821512065086187,0.6313439647098658,2.2376085947751583,7.298366734005629,1.5778317307795104,2.567022314801906,1.13472388820824,0.9150483436546736,0.1361716032672366,0.1628022922380883,0.5742165685098689,0.11985491285416705,3.247081049440065,1.358328068171701,0.030787953650449756,-0.3435151830583115,0.47427503445907626,-0.06497982059602592,0,5.5,72.3,10.5,16.55,86.2,10.4,8.5,54,72,11.4,19.6,16.0,8.89,26.8,12.0,17.0,37.0,42.0,2.9625876683404964,1.6931438392761182,185.5957133601778,10.3314934880292,16.56723317318486,9.516502774008606,7.470804374944355,23.49489024513916,7.3532665764307765,-1.2504223920167603,131.76318031971988
14110637000.0,4890151000.0,3385847000.0,4978501000.0,21986493000.0,36097130000.0,9948059000.0,1987972000.0,24161099000.0,10254906000.0,34553569000.0,-28846492000.0,5707077000.0,3781739000.0,4100620000.0,3342688000.0,-957578000.0,2385110000.0,-2512983000.0,-762139000.0,-625642000.0,-124078000.0,5267924000.0,AKSA,2023,0.27559141128394415,0.6693357338935256,2.428724940211955,12.153641499980885,1.8420271361560638,2.870803512323111,1.1821883673056814,0.9179816886892207,0.11531603759080016,0.10476564203303698,0.4122030237255328,0.1094456841780946,2.4487603926031123,0.9572386779779999,-0.058036650205051304,-0.006559795224674536,-0.40108939019370105,0.303781197521205,0,4.5,53.9,25.0,23.75,43.5,9.4,1.6,60,70,5.5,72.3,10.5,16.55,86.2,10.4,8.5,54.0,72.0,6.889785282098604,0.9847970351105476,154.73630931421567,4.760887261747115,46.05067840390159,8.629027873678675,4.307574050901,60.71812350529887,6.918962255448009,3.6484368701888488,109.3926563898291
12604629000.0,3162396000.0,3871117000.0,4501714000.0,23028219000.0,35632848000.0,9926782000.0,1829181000.0,23876885000.0,10377529000.0,28361359000.0,-24105577000.0,4255782000.0,2749020000.0,2826447000.0,1940016000.0,-803391000.0,1136625000.0,-2077716000.0,-733893000.0,-689164000.0,-94555000.0,2050957000.0,AKSA,2024,0.27858514144028007,0.6700807356178771,2.4052996227780565,13.053320037765536,1.9588543277994326,2.326605185599457,1.0721902578291544,0.8162680514188787,0.0751510797003933,0.07714847828048996,0.2847294319548873,0.09692835946260545,2.2500748732866316,0.7959329829599924,-0.027617163752547025,0.0029937301563359164,-0.1613056950180075,-0.5441983267236541,0,3.2,65.0,45.0,32.5,36.8,9.8,3.0,45,60,4.5,53.9,25.0,23.75,43.5,9.4,1.6,60.0,70.0,12.536331364812604,0.7560550871488017,151.2293370639647,3.56696362822388,88.14844475097446,7.999426903905012,2.546985545471976,108.23848302501254,3.3817985865176983,2.590111938287953,77.74890798723439
11616680000.0,3115691000.0,3072113000.0,3576618000.0,7856951000.0,19473631000.0,4684478000.0,4612132000.0,10177021000.0,2661896000.0,9008516000.0,-6797424000.0,2211092000.0,2225096000.0,2220934000.0,2241766000.0,77581000.0,2319347000.0,-855647000.0,-150760000.0,-221719000.0,-114408000.0,272200000.0,ASELS,2018,0.24055493297577632,0.5226052090645037,2.172498408574018,2.206576264512811,0.845141508571404,0.4794077879817837,1.2495608614322855,1.7163197265522434,0.3559789132288683,0.11426199869967753,0.4741049056052777,0.24699917278273137,0.7754811185295627,0.4626007342955199,0.02024850379129401,-0.0022714851626375876,0.016676319929858713,0.2637978843151706,0,3.0,16.3,17.75,4.83,39.0,10.9,1.9,14,20,3.75,17.950000000000003,16.875,7.95,32.9,11.45,2.05,35.5,39.0,4.26985006032003,1.2454557858264852,7.814346944103074,9.632967738526524,15.001261777142421,18.707885019419454,1.3878022028865598,38.56184675218882,4.983704785204156,0.24810729955805366,71.07698139294622
13976498000.0,3513842000.0,3884933000.0,4473927000.0,11656545000.0,25633043000.0,7743870000.0,4320274000.0,13568899000.0,4701953000.0,13012551000.0,-9640818000.0,3371733000.0,3177262000.0,3185966000.0,3308531000.0,44142000.0,3352673000.0,-862642000.0,-204118000.0,-343456000.0,-211565000.0,976852000.0,ASELS,2019,0.3021049822293826,0.5293518604092382,1.7522116202880471,3.140749637638724,0.9662140140237053,0.7804442496008355,1.1585155150667963,1.2271087970226773,0.24314818962383827,0.12395180704842573,0.41141780530923167,0.24416903342011878,0.9310308633822292,0.5076475313524033,0.009689808348748205,0.06155004925360627,0.04504679705688336,0.3010364616190518,0,0.9,15.2,19.75,5.67,17.4,13.7,-0.6,8,25,3.0,16.3,17.75,4.83,39.0,10.9,1.9,14.0,20.0,5.966573399030306,1.6981397565634324,11.862752593932699,4.248541181510067,19.08272677696818,16.81139051921068,0.45688277821716294,34.60617950068893,1.9451855169907062,0.752654571679219,21.570433288495053
19594261000.0,4081654000.0,7146519000.0,5532703000.0,14499968000.0,34094229000.0,12319765000.0,3676361000.0,18098103000.0,6531856000.0,16104455000.0,-11499440000.0,4605015000.0,5276389000.0,5296733000.0,4885151000.0,-423885000.0,4461266000.0,-1469171000.0,-280867000.0,-399590000.0,-282580000.0,1718600000.0,ASELS,2020,0.36134458415235027,0.5308259940413963,1.4690298881512756,4.9228307557391675,0.9064674784382168,1.2526014175430542,1.22493790058918,1.1413819987637752,0.2133644377175973,0.15475900628226555,0.4299378275478469,0.32763536549358546,0.8218965236810921,0.47235134720307065,0.030807199233839816,0.05923960192296768,-0.03529618414933261,0.47215716794221874,0,1.9,12.3,10.25,7.01,23.6,13.2,2.2,34,36,0.9,15.2,19.75,5.67,17.4,13.7,-0.6,8.0,25.0,3.70378198756159,2.0428188829259053,15.406997435779568,7.732194625648617,9.291291653991722,15.066242383681832,0.8974675596858341,15.057556353550574,7.254390882398308,0.5166754174144839,46.07954854181618
23175142000.0,2492096000.0,9803350000.0,7638954000.0,23238156000.0,46413298000.0,16749927000.0,3828161000.0,25835210000.0,10350992000.0,20138953000.0,-13490042000.0,6648911000.0,9418168000.0,9425947000.0,7196423000.0,-69082000.0,7127341000.0,-2743575000.0,-670136000.0,-576057000.0,-332748000.0,2432551000.0,ASELS,2021,0.36088637786524025,0.5566337906002715,1.5424073191483163,6.748726085449384,1.1292670145059152,1.7368420502690456,1.1262048252490708,0.92753765434321,0.13843478651312388,0.2029196029120792,0.5627455570403381,0.46765926709298145,0.8689894111544171,0.43390480461009256,0.048160596629813646,-0.000458206287110019,-0.038446542592978084,0.4842406327259914,0,11.4,19.6,16.0,8.89,26.8,12.0,17.0,37,42,1.9,12.3,10.25,7.01,23.6,13.2,2.2,34.0,36.0,5.774182045843844,2.4350352349449502,34.042104185273296,12.533268358091902,18.068272232094643,11.13045185211852,4.946514772555055,24.67851710637306,5.122087100985584,0.8385703597275074,279.99371108938163
72918181000.0,9370629000.0,24531953000.0,27648036000.0,71884446000.0,144802627000.0,51665811000.0,12330813000.0,80806003000.0,42468554000.0,66860171000.0,-49026909000.0,17833262000.0,17957213000.0,18002337000.0,-912225000.0,2101534000.0,1189309000.0,-20362858000.0,-1646303000.0,-2574579000.0,-2018251000.0,12044475000.0,ASELS,2022,0.3568016138270751,0.5580423827531803,1.5640130569130135,6.553177231704025,1.1232537203837503,1.4462357023823165,1.1394066818274664,0.8762108660212456,0.14676784834849715,0.12401165208142252,0.3484380996167853,0.26857862807440325,0.91692044539619,0.4617331355459456,-0.07890795083065667,-0.004084764038165156,0.02782833093585302,-0.2906063478867291,0,5.5,72.3,10.5,16.55,86.2,10.4,8.5,54,72,11.4,19.6,16.0,8.89,26.8,12.0,17.0,37.0,42.0,3.7464169451842886,1.2897211816467942,104.56284128224148,23.15147774001356,11.794164064029378,9.112593006620955,2.5395322455027007,16.422137097586642,7.925463810818846,0.8733749526519295,141.34250602449256
105228911000.0,9543479000.0,29732106000.0,46455849000.0,112173590000.0,217402501000.0,72447236000.0,17352761000.0,127602504000.0,57482723000.0,106252343000.0,-77224731000.0,29027612000.0,36056785000.0,36104197000.0,10409179000.0,237695000.0,10646874000.0,-27401135000.0,-2088462000.0,-4891203000.0,-3819905000.0,12091527000.0,ASELS,2023,0.33324012220080207,0.5869412882237266,1.7613163875568696,7.353440988439822,1.2491491508624437,1.672795009393606,1.1718141928223005,0.8112533375324353,0.15078793872753102,0.16585266882463326,0.4983516141319732,0.3393504931933595,1.0097257682349292,0.4887356056681243,0.04184101674321074,-0.023561491626273023,0.027002470122178712,0.22655930701128946,0,4.5,53.9,25.0,23.75,43.5,9.4,1.6,60,70,5.5,72.3,10.5,16.55,86.2,10.4,8.5,54.0,72.0,8.331003055020052,1.5590150869515527,90.16365100631536,14.76174645391114,31.228728771561094,7.625781372804893,2.1993102255065593,44.03290968892174,9.047276323651861,1.390453990223415,117.47257342068232
106118918000.0,16637264000.0,28355434000.0,43471734000.0,136678593000.0,242797511000.0,69761393000.0,31676969000.0,141359149000.0,67447621000.0,120205594000.0,-82047403000.0,38158191000.0,27315635000.0,27342742000.0,8265853000.0,6956866000.0,15222719000.0,-20845082000.0,-2629612000.0,-5275649000.0,-3318260000.0,21417440000.0,ASELS,2024,0.2873233449250639,0.5822100416836645,2.026323485254946,4.462521303727008,1.34740536326878,1.2046036033308616,1.0461418728350522,0.8980208293719135,0.14974422451966568,0.1125037686238884,0.3919466172356965,0.22724096351123227,1.1327442482969907,0.495085775405663,-0.053348900200744856,-0.045916777275738174,0.006350169737538713,-0.46819140606274434,0,3.2,65.0,45.0,32.5,36.8,9.8,3.0,45,60,4.5,53.9,25.0,23.75,43.5,9.4,1.6,60.0,70.0,12.929550521627876,1.1025369325141063,78.29923421650601,8.362467457213347,60.633241347095094,8.800604127844753,1.5842744812981218,91.18455683647258,6.738490103384955,3.9695003298448146,83.8895796634996
837685327.0,94004816.0,495324245.0,185872379.0,453598554.0,1291283881.0,663436031.0,297268733.0,330579117.0,-758382.0,1110723551.0,-862118326.0,248605225.0,197841957.0,200637411.0,129038995.0,-1592020.0,127446975.0,-72436983.0,-14934393.0,-15359357.0,-10625227.0,138020112.0,ASTOR,2019,0.5137801538157666,0.256008087659231,0.49828333336330355,1.1120547851226588,0.47215187328872243,0.8362979264287442,0.8719487592756436,0.9824804767047691,0.13494267106088037,0.15321337152198217,0.3024216376936573,0.17811989024801006,1.325943663091045,0.8601699187477119,-0.004804517859355706,-0.04587301739738292,-0.0016536447570097978,10.727478189660825,0,0.9,15.2,19.75,5.67,17.4,13.7,-0.6,8,25,3.0,16.3,17.75,4.83,39.0,10.9,1.9,14.0,20.0,10.14715803786139,2.0990231898511555,12.711728481716912,3.099286090315375,9.324999497452268,13.459982530855337,0.7741529268729407,9.841095833925245,1.079541368487043,2.110997629652902,18.881012535272703
1142626133.0,224697347.0,429845537.0,344535871.0,544897321.0,1687523454.0,789604267.0,339260334.0,558658853.0,126688593.0,1448766348.0,-1023311543.0,425454805.0,374009192.0,378899020.0,224618477.0,966959.0,225585436.0,-156449526.0,-45740997.0,-15048460.0,-17374432.0,-9057566.0,ASTOR,2020,0.46790713641838366,0.3310524968857707,0.707517520292225,1.6466966427027099,0.4826950198609337,1.2540658673053124,1.0121905957435546,1.0107471493691915,0.20919523527997141,0.22163199635150077,0.4798593875886438,0.25815701235490046,1.267926845149445,0.8585162739907021,0.0684186248295186,-0.04587301739738292,-0.0016536447570097978,0.4177679408765682,0,1.9,12.3,10.25,7.01,23.6,13.2,2.2,34,36,0.9,15.2,19.75,5.67,17.4,13.7,-0.6,8.0,25.0,4.796048148288433,2.92554235183981,15.425010167855344,6.092505491575651,4.9476239535745705,13.341862371673328,1.6311809205823338,7.2520545829953065,7.112637999519028,-0.055015562171854715,40.36840297063397
2498897647.0,293096282.0,1385671865.0,551630889.0,686061218.0,3184958865.0,1827581702.0,258801824.0,1098575339.0,-320746811.0,3154302309.0,-2270192749.0,884109560.0,1006310479.0,997623168.0,555096446.0,-37415289.0,517681157.0,-459442629.0,-65601239.0,-20464711.0,-22590286.0,-234572614.0,ASTOR,2021,0.5738164225866698,0.34492606829947237,0.6011087426612898,4.244851608928382,0.3288279501110286,3.416164331206568,1.1977173016654656,1.065488210934167,0.2107769592810738,0.3159571352894066,0.5458706261439686,0.31902791185510304,1.262277513761651,0.990374583377861,0.09432513893790584,0.1059092861682861,0.13185830938715892,2.1620984639012555,0,11.4,19.6,16.0,8.89,26.8,12.0,17.0,37,42,1.9,12.3,10.25,7.01,23.6,13.2,2.2,34.0,36.0,9.181062761386716,3.7914856234728793,66.95682089164875,8.549948037716762,5.261247201776458,12.785858531210003,11.290270250507616,9.617739882580636,7.7987474933997305,-1.1784019772575618,249.4514394015184
8528322665.0,235805647.0,4248287717.0,2129119803.0,3282242068.0,11810564733.0,4829626863.0,295910464.0,6685027406.0,2015270101.0,13783507804.0,-9598255983.0,4185251821.0,3674888130.0,3851808818.0,2283049769.0,-242559614.0,2040490155.0,-2285951955.0,-527454739.0,-121207139.0,-52208989.0,613050514.0,ASTOR,2022,0.4089242955085372,0.5660209784313961,1.3841705778999847,22.591385636163242,0.6403703375078357,14.143642520867393,1.6638885098104759,1.3249890816668666,0.31316841197825557,0.3111526174300509,0.7975375587519793,0.2666148691796395,1.6162038357867408,1.1670490036337875,-0.004804517859355706,-0.16489212707813256,0.1766744202559265,10.727478189660825,0,5.5,72.3,10.5,16.55,86.2,10.4,8.5,54,72,11.4,19.6,16.0,8.89,26.8,12.0,17.0,37.0,42.0,4.293705102839641,3.2359872212725294,1022.5853542587125,22.982201723284927,6.723888543832275,13.779886449335413,6.4187695199858315,14.533791067949839,16.9110942468258,0.5450230825130858,127.55743156319537
18818855765.0,2429146788.0,8559857772.0,2183348448.0,8257720575.0,27076576340.0,9242020130.0,164306749.0,17670249461.0,4502238615.0,24420785951.0,-15068861719.0,9351924232.0,7972594884.0,8358339697.0,7557088502.0,-918080648.0,6639007854.0,-2274122043.0,-976752037.0,-357025070.0,-102990490.0,5799052647.0,ASTOR,2023,0.3413289780047576,0.652602797307719,1.9119466537019976,107.54427050954553,0.8778900288310936,56.9174686305795,2.0006593441924547,1.7999860509933774,0.3536944817078746,0.294446195260741,0.9043844938043865,0.32646757970840545,1.2976764504682945,0.9019155761920822,-0.016706422169309898,-0.06759531750377962,-0.2651334274417053,42.773826109712104,0,4.5,53.9,25.0,23.75,43.5,9.4,1.6,60,70,5.5,72.3,10.5,16.55,86.2,10.4,8.5,54.0,72.0,8.53322445011894,2.7677942354509657,3067.851559188235,14.201339717315637,21.94725072077734,16.91986887933775,4.05862009286437,47.798666342549936,21.221668902472477,5.354307514899056,108.0987068221919
21116568588.0,4668328960.0,6544379158.0,2862701086.0,9435357159.0,30551925747.0,9640185465.0,87401427.0,20824338855.0,8903828199.0,26624069648.0,-17416546509.0,9207523139.0,6599287382.0,7874013681.0,5146184846.0,-121304762.0,5024880084.0,-4497759919.0,-1441580131.0,-466844151.0,-191515037.0,7060885450.0,ASTOR,2024,0.3155344623717084,0.6816047874509126,2.160159566494398,238.26085648464297,0.9699586612543826,105.34751496677508,2.1707920805483973,1.89351829052181,0.3756353435143742,0.21600233768072727,0.8167906841198931,0.24786922019247867,1.2608142055395197,0.8714367097011654,-0.07844385758001374,-0.025794515633049186,-0.0304788664909168,48.108736021542754,0,3.2,65.0,45.0,32.5,36.8,9.8,3.0,45,60,4.5,53.9,25.0,23.75,43.5,9.4,1.6,60.0,70.0,14.199050806726879,2.1168229092711273,6685.307181121164,9.121587303083215,43.648139756447215,18.55647924711374,2.7885974710437296,97.20718049224791,16.90359045814684,9.862780654745045,77.25661938075419
943055894.0,96506029.0,249815860.0,478046804.0,656609868.0,1599665762.0,920275876.0,134751823.0,544638063.0,-60331986.0,1187862785.0,-1003642016.0,184220769.0,39710347.0,40130288.0,-94129902.0,13621302.0,-80508600.0,-218149807.0,-77505316.0,-47965122.0,-2908365.0,-1754574.0,ASUZU,2018,0.5752926004051089,0.34046991311426217,0.5918204282038574,4.041786232457872,0.6223626816834882,1.3671115158122944,0.8938683741610466,0.5052931432052447,0.01424048606973936,0.024824152609449923,0.0436068020976788,0.03343007921575723,1.2595889517869872,0.7425693624366013,-0.0036890753324310896,-0.020475694776652842,0.055941600260180024,0.08226734087252846,0,3.0,16.3,17.75,4.83,39.0,10.9,1.9,14,20,3.75,17.950000000000003,16.875,7.95,32.9,11.45,2.05,35.5,39.0,10.211443657190683,0.27058326344300415,22.2839177077404,1.303773089414532,11.046937599881915,5.507695260937167,2.227708087309804,10.504812600618468,0.19936680497635104,-0.019468872335594817,63.579181636859296
857423932.0,140803554.0,402325775.0,258854407.0,719020218.0,1576444150.0,852110178.0,160245798.0,564088174.0,-140840586.0,1422987899.0,-1164119765.0,258868134.0,114589212.0,114709351.0,2788954.0,18998871.0,21787825.0,-172012924.0,-94335743.0,-61011520.0,-2570920.0,373073864.0,ASUZU,2019,0.5405267151392582,0.357823126179256,0.6619897151375183,3.5201433113397456,0.7102444545652585,1.6154441316458108,0.846958927814933,0.7024555514697772,0.0033707213795046275,0.0726884057389537,0.1346179801175899,0.08052718654918091,1.659608328963694,0.9026567157485408,0.04786425312950378,-0.03476588526585067,0.16008735331193946,0.2483326158335164,0,0.9,15.2,19.75,5.67,17.4,13.7,-0.6,8,25,3.0,16.3,17.75,4.83,39.0,10.9,1.9,14.0,20.0,10.67540262400035,0.9958311586236657,24.554750801016322,1.4011730459557477,14.027327977663855,9.623641055135948,0.8123910441736867,13.074296873965986,0.02696577103603702,4.673942184377417,19.060593848769592
1149598287.0,267087823.0,424999147.0,390663282.0,779795941.0,1929394228.0,1030954848.0,323292851.0,575146529.0,19384487.0,1241213253.0,-989548126.0,251665127.0,72440582.0,77231682.0,532551.0,13115767.0,13648318.0,-251726783.0,-84011758.0,-75551728.0,-3639463.0,212461348.0,ASUZU,2020,0.5343412108518032,0.29809694703823897,0.5578775153109324,1.7790264375502693,0.5758148539412804,0.7784432171065855,0.8488833230795838,0.7361476658966155,0.06149258522608164,0.03754576485651226,0.07491276863368511,0.05836272036647356,1.0796930258473845,0.643317594189465,-0.03514264088244144,-0.006185504287455013,-0.2593391215590758,-0.8370009145392253,0,1.9,12.3,10.25,7.01,23.6,13.2,2.2,34,36,0.9,15.2,19.75,5.67,17.4,13.7,-0.6,8.0,25.0,5.4769974112309825,0.4956040961059618,9.574851570411003,1.3773602006487762,5.902102252898124,9.717149189835323,1.2223034289599835,5.718244531937057,2.090747897686776,1.1287111702710038,40.622896646276025
2102108159.0,639182504.0,754433641.0,469735947.0,1505138953.0,3607247112.0,1565401869.0,649574373.0,1392270870.0,33032805.0,2678041855.0,-2113442723.0,564599132.0,235590229.0,235974700.0,203149977.0,8276769.0,211426746.0,-415155737.0,-156133363.0,-86660344.0,-11839308.0,392430562.0,ASUZU,2021,0.43396025290102164,0.3859649274840143,0.8894015636313259,2.143358678960692,0.6795282606015419,0.8691831997504003,0.9490432082927958,1.0427815657603512,0.1487855623238489,0.06531025507409152,0.1507438471060111,0.08797107803231104,1.2739790973809735,0.7424059876827201,0.027764490217579263,-0.10038095795078156,0.09908839349325516,0.09073998264381478,0,11.4,19.6,16.0,8.89,26.8,12.0,17.0,37,42,1.9,12.3,10.25,7.01,23.6,13.2,2.2,34.0,36.0,6.943364046416346,0.7837230608890983,17.035990715107847,2.3576248912659357,10.87245216962467,12.513378789124214,8.46342825958301,14.230425018101215,5.50506580598241,1.7406317884661737,250.87080249905839
8371412196.0,2432548278.0,1805832358.0,2665408912.0,6305137828.0,14676550024.0,7014873750.0,1422154066.0,6239522208.0,2115827522.0,11686265335.0,-10345205482.0,1341059853.0,-46978806.0,-13510691.0,735514010.0,48793973.0,784307983.0,-124141903.0,-623098353.0,-340343593.0,-45337924.0,780182019.0,ASUZU,2022,0.47796476273571414,0.42513548468793744,0.8894703497693027,4.38737430575964,0.7473174162165166,0.9429778988516424,0.99222289869952,0.8134149647383176,0.09242897300671511,-0.0032009434044906575,-0.0019260062948388771,-0.004020001656072273,1.395972992535703,0.7962542502079779,-0.06851119847858218,0.04400450983469251,0.05384826252525776,0.07379469910124214,0,5.5,72.3,10.5,16.55,86.2,10.4,8.5,54,72,11.4,19.6,16.0,8.89,26.8,12.0,17.0,37.0,42.0,5.018630008724998,-0.03328981140670284,68.17730208697374,-0.34652414275342996,7.846832870273424,8.459515633278503,4.379398376143879,9.339438672577678,4.991164542362616,0.558163273119642,128.7523425128822
16069930521.0,5291337828.0,4251609164.0,5302515683.0,11460564702.0,27530495223.0,13348403204.0,2264886167.0,11917205852.0,3468526358.0,21909106161.0,-18046634223.0,3862471938.0,1178130188.0,1246405282.0,2461593083.0,-131005869.0,2330587214.0,-586583309.0,-1366922720.0,-800902114.0,-167462937.0,-129265109.0,ASUZU,2023,0.484858811869401,0.4328729198464953,0.8927813814036479,5.261723977847934,0.7340262791315942,1.7053713313619263,1.029246953614282,0.8066444108291112,0.0988550076907565,0.04279364313852757,0.09337486012008542,0.05377353961145015,1.3633603538216568,0.795812279566127,0.04599458654301823,0.006894049133686853,-0.0004419706418509195,0.7623934325102839,0,4.5,53.9,25.0,23.75,43.5,9.4,1.6,60,70,5.5,72.3,10.5,16.55,86.2,10.4,8.5,54.0,72.0,12.121470296735025,0.40226024550215916,91.91951476040782,2.3391489730980815,18.350656978289855,7.582457461793646,3.5811552580475716,22.319534535091197,5.931300461445391,-0.11738356679832544,108.17352064990992
11082401874.0,3096662825.0,2916033289.0,4611276922.0,11054714690.0,22137116564.0,9639490406.0,1673294797.0,10824331361.0,5090927465.0,18901715383.0,-16475848055.0,2425867328.0,-95987638.0,-60081012.0,594649076.0,-151202903.0,443446173.0,-861648218.0,-1364907268.0,-863992229.0,-186093454.0,2639077014.0,ASUZU,2024,0.43544471467779183,0.48896753692858225,1.122915310363555,6.46887289699736,0.9771877121001499,1.4497548981502033,0.9796351362758213,0.6713140092936983,0.06518064192454509,-0.004336049716434063,-0.006232799605527197,-0.005078250098206973,1.705561267124286,0.8538472175612293,-0.04712969285496163,-0.04941409719160916,0.05803493799510229,-0.255616433211723,0,3.2,65.0,45.0,32.5,36.8,9.8,3.0,45,60,4.5,53.9,25.0,23.75,43.5,9.4,1.6,60.0,70.0,19.595012160500634,-0.04249328722105382,94.23406837976322,-0.1868796036140166,43.97344704450674,6.5788772910782445,2.732311096195934,50.53118896635997,2.9331288866045293,5.364676347376169,76.22566886160116
333503663.0,24823185.0,136223442.0,156284955.0,879440559.0,1212944222.0,312691926.0,94071163.0,806181133.0,257928181.0,426244937.0,-323035299.0,103209638.0,167263611.0,167518879.0,138504576.0,-5268426.0,133236150.0,-74256778.0,-28202207.0,-21257387.0,-18364455.0,64657258.0,ATEKS,2021,0.2577957999456961,0.6646481498305864,2.578196192376262,8.56990715635141,2.162046121643058,1.0971442757649335,0.8198965737522954,0.566751787508578,0.01715803300969927,0.13789884808074876,0.5357313862974511,0.3924119596052821,1.278081725297272,0.35141346920072963,0.05403791927518009,0.07038748493612956,-0.040357139224326766,0.36752298766900104,1,11.4,19.6,16.0,8.89,26.8,12.0,17.0,37,42,1.9,12.3,10.25,7.01,23.6,13.2,2.2,34.0,36.0,4.124732799131138,1.6547861769689851,21.5040278049927,10.51664051742156,34.59273794628893,6.801021450102937,4.006113548888318,41.251139078020195,0.634847221358873,0.8528967031098978,238.4460078986657
1231980509.0,18580726.0,358429476.0,758583111.0,2781315964.0,4013296473.0,1250749963.0,464194838.0,2298351672.0,1334802279.0,1897909403.0,-1900711198.0,-2801795.0,-295581349.0,-294154698.0,-31729643.0,-106966895.0,-138696538.0,205973434.0,-135028581.0,-74780816.0,-79543291.0,-190716319.0,ATEKS,2022,0.31165152423066456,0.5726842478402666,1.8375788446855226,4.951265037548737,1.6218107792030327,-0.006035816796394448,0.718379103678218,0.37849083510226733,-0.004676817206571721,-0.07365051423152112,-0.23518265576794584,-0.15574049453191943,1.540535251276447,0.4729053574208745,-0.2115493623122699,0.05385572428496843,0.12149188822014484,-1.103180092561328,1,5.5,72.3,10.5,16.55,86.2,10.4,8.5,54,72,11.4,19.6,16.0,8.89,26.8,12.0,17.0,37.0,42.0,3.272341004421978,-0.7659653480078197,-0.4363895543793186,-13.424830628651456,17.029013181631843,3.9363046850635803,2.6009794658148095,19.294577869197987,-0.25254812915487296,-0.49897169645258843,121.62083342006598
1271636897.0,54989486.0,521439710.0,609682672.0,4129379673.0,5401016570.0,1295958903.0,810073926.0,3294983741.0,1723674628.0,2473561806.0,-2365131671.0,108430135.0,-271247075.0,-197711806.0,193353920.0,-325400600.0,-132046680.0,337891105.0,-170017535.0,-125036786.0,-99811838.0,-26079495.0,ATEKS,2023,0.23994721849186995,0.6100673268254757,2.5425063506045453,4.067509933655117,1.9607385108810191,0.13385214795816056,0.6038067780756328,0.5107833461907241,-0.004503227435941749,-0.05022148543417633,-0.15256024364840526,-0.10965849906885246,1.945179328970037,0.4579807845321978,0.023429028797344792,-0.0717043057387946,-0.014924572888676657,0.139887964754555,1,4.5,53.9,25.0,23.75,43.5,9.4,1.6,60,70,5.5,72.3,10.5,16.55,86.2,10.4,8.5,54.0,72.0,5.998680462296749,-0.4720819630812575,7.214630774944854,-4.7701447094950815,49.01846277202548,4.801363454192806,2.06091353039489,63.56265876511363,-0.27019364615650493,-0.12071567760437364,100.84433861926277
887972953.0,48457880.0,357440048.0,436759409.0,4099663307.0,4987636260.0,944254567.0,766858646.0,3276523047.0,1590385657.0,1912488238.0,-1782549832.0,129938406.0,-306458814.0,-307655433.0,-95730518.0,-18989151.0,-114719669.0,168429629.0,-144417633.0,-169894186.0,-158023080.0,176200219.0,ATEKS,2024,0.18931905170646907,0.656929029343451,3.4699573203123304,4.2726558070260054,2.3959041843948405,0.16944244767633487,0.5189445948133182,0.4778515876640711,-0.011284225846894456,-0.0614436975803043,-0.3258183161109349,-0.16024088823703395,2.153768570921777,0.3834458124658834,-0.011222212146127973,-0.050628166785400885,-0.07453497206631443,0.03559029971817432,1,3.2,65.0,45.0,32.5,36.8,9.8,3.0,45,60,4.5,53.9,25.0,23.75,43.5,9.4,1.6,60.0,70.0,8.519357326791107,-0.6021482362869822,11.013759098961767,-5.896864687122849,107.81568829776782,4.682945559107897,1.227026599890827,156.14807941405488,-0.5077901631102505,1.5897329800469453,71.45672940508784
20836791.0,37019.0,15856169.0,1382290.0,7914217.0,28751008.0,22393372.0,465686.0,5891950.0,-8268811.0,40703892.0,-38049293.0,2654599.0,1824365.0,1824365.0,1814174.0,-455885.0,1358289.0,-18285.0,-305475.0,-1013825.0,0.0,1116591.0,ATSHY,2021,0.7788725877019685,0.2049302062731157,0.2631113349074896,12.65219482655695,0.34621798501058093,5.700405423396881,0.9115332311593942,0.8687615692714791,-0.05414004962886866,0.0634539491624085,0.081468972158369,0.04482040685446001,1.953462603718586,1.415737910823857,-0.0004709670326327742,0.007112955235800356,0.4014281548187495,1.0031801400035691,1,11.4,19.6,16.0,8.89,26.8,12.0,17.0,37,42,1.9,12.3,10.25,7.01,23.6,13.2,2.2,34.0,36.0,12.461961403231497,0.761447389948902,111.72794629857887,1.2011869036995282,5.539487760169295,10.42513883125775,16.139412183391972,4.209781358519834,-2.0031818362681406,0.6213853789056718,195.78569059427343
56686549.0,69694.0,29020364.0,21276961.0,59696776.0,116383325.0,37784856.0,593663.0,78004806.0,-90527211.0,98122939.0,-65518878.0,32604061.0,29959974.0,30008652.0,30900012.0,-8850766.0,22049246.0,822228.0,-53963.0,-3364288.0,0.0,6358277.0,ATSHY,2022,0.32465867425595546,0.6702403974108834,2.0644462956270098,131.3957683062613,1.5554736752608926,54.92014998408188,1.4770384704005906,0.9371370371240796,0.16240894475217993,0.2574249704586117,0.7941978659386713,0.30533098891381555,1.730973938808658,0.843101354940667,0.1939710212962032,-0.4542139134460131,-0.5726365558831901,48.108736021542754,1,5.5,72.3,10.5,16.55,86.2,10.4,8.5,54,72,11.4,19.6,16.0,8.89,26.8,12.0,17.0,37.0,42.0,3.408916079687532,2.6772196927695617,3970.7268438491196,26.3195312443709,16.332473590239374,9.746225186090427,4.637057452173668,21.676686104083604,8.770083016617717,0.573638092054854,102.14819904842159
71617877.0,184024.0,43550323.0,19299865.0,86010027.0,157627904.0,51715737.0,214820.0,105697347.0,-113284640.0,115970900.0,-91913523.0,24057377.0,17058099.0,17016695.0,-1962534.0,6750758.0,4788224.0,-18979229.0,-6592.0,-5571090.0,0.0,107293.0,ATSHY,2023,0.3280874495419288,0.6705497206890475,2.043813994181307,492.02749743971697,1.6562508081706113,111.98853458709617,1.3791085853363754,1.011645874833032,0.12626025909727254,0.10821750824016539,0.32904287915301295,0.14708947675666914,1.6193010021785483,0.7357256999369858,-0.14920746221844627,0.003428775285973351,-0.10737565500368118,48.108736021542754,1,4.5,53.9,25.0,23.75,43.5,9.4,1.6,60,70,5.5,72.3,10.5,16.55,86.2,10.4,8.5,54.0,72.0,8.20218623854822,1.0172445774575547,6036.182014244483,6.3983922389151076,41.40627020426528,9.5094712234305,3.310765649716436,51.09534985453268,7.575615545836352,0.017016815753637123,84.94086498998885
82677763.0,273299.0,52651656.0,23499063.0,83376193.0,166053956.0,56804532.0,1115793.0,108133631.0,-107183305.0,53633801.0,-35136953.0,18496848.0,13701191.0,13701191.0,3026775.0,-3770703.0,-743928.0,-10674416.0,0.0,-4711607.0,0.0,89272.0,ATSHY,2024,0.34208478598365943,0.6511957535055654,1.903609222588085,96.91191018405743,1.4394980173194816,16.577311383025346,1.4274395559762485,1.0417953975925724,0.15581219275498623,0.0825104762936211,0.24119890645344988,0.2554581391686187,0.6487089037471901,0.32299020325658484,-0.025707031946544293,0.013997336441730623,-0.41273549668040094,-95.41122320407082,1,3.2,65.0,45.0,32.5,36.8,9.8,3.0,45,60,4.5,53.9,25.0,23.75,43.5,9.4,1.6,60.0,70.0,15.393815369264674,0.8086026676774868,1077.5252398966475,9.400859521405167,64.77741077937667,10.20959489640721,1.0335686504210715,85.66241501646383,7.011548673974381,0.024192377566722954,60.5690346548883
4842262000.0,546919000.0,1159602000.0,2097894000.0,4105688000.0,8947950000.0,5131245000.0,304689000.0,3512016000.0,702337000.0,32322987000.0,-26613139000.0,5709848000.0,1543514000.0,1587841000.0,1626812000.0,-376348000.0,1250464000.0,-12596000.0,-3663526000.0,-516480000.0,0.0,1559358000.0,BIMAS,2018,0.5734548136724054,0.39249392318911036,0.6844374026186627,11.526559869243721,0.7552865800063062,18.739921690641932,0.8907874893256614,0.5348347233468681,-0.0322960007599506,0.17249917578886784,0.3094455634061519,0.047752826804032686,6.675183416345502,3.190762582643398,-0.0226301515850011,-0.029919184413746774,-0.07700600170783423,0.02993321675542382,0,3.0,16.3,17.75,4.83,39.0,10.9,1.9,14,20,3.75,17.950000000000003,16.875,7.95,32.9,11.45,2.05,35.5,39.0,10.178822942685196,1.8802410160986596,305.4607235574635,1.8623602453572747,13.406336795111935,5.829698484480862,10.837003000687307,12.148763896481263,-0.4521440106393084,3.0932900273246946,68.74407087815348
5806245000.0,1158847000.0,1433320000.0,2368527000.0,9046025000.0,14852270000.0,6998109000.0,3616871000.0,4237290000.0,924368000.0,40211942000.0,-33226484000.0,6985458000.0,2122063000.0,2233790000.0,1590874000.0,-365997000.0,1224877000.0,-663539000.0,-4278730000.0,-640439000.0,0.0,3384491000.0,BIMAS,2019,0.47118110564917015,0.28529578306885073,0.605490711848015,1.1715347326459804,0.852194257549237,1.9313539244280484,0.546985957580702,0.49123527512932424,-0.0802479351641197,0.1428780247059877,0.3191990864960806,0.05277196013064975,6.925636448341398,2.707461014376927,-0.02962115108288013,-0.10227370802323521,-0.904873319185509,-16.808567766213883,0,0.9,15.2,19.75,5.67,17.4,13.7,-0.6,8,25,3.0,16.3,17.75,4.83,39.0,10.9,1.9,14.0,20.0,9.30582683657111,1.9574289384720314,29.356579651306333,0.9182321062733055,16.83083658659743,6.729923269271742,2.4367149129392343,11.958441558998295,-0.6419834813129576,4.500571107985513,21.079276697219207
11135793000.0,1112693000.0,2615234000.0,4228394000.0,12294499000.0,23430292000.0,11020795000.0,5233810000.0,7175687000.0,1401656000.0,55495364000.0,-45375969000.0,10119395000.0,3785556000.0,3919346000.0,3351658000.0,-744843000.0,2606815000.0,-828409000.0,-5608409000.0,-814075000.0,0.0,4743926000.0,BIMAS,2020,0.47036524342078195,0.30625683196777914,0.6511042987370693,1.371025505320216,0.7563702101650578,1.9334662511631107,0.6850854265606577,0.6267605013975852,0.004908090774114126,0.1615667444520111,0.35563187592183687,0.06821391422894352,4.983512534760659,2.3685306183977564,0.018688719746023402,-0.0008158622283881978,-0.33893039597917074,0.002112326735062231,0,1.9,12.3,10.25,7.01,23.6,13.2,2.2,34,36,0.9,15.2,19.75,5.67,17.4,13.7,-0.6,8.0,25.0,4.821243745063015,2.1326810267665466,23.78163488930626,1.609848375803067,7.752794654191843,8.273238618448124,4.500208174955737,6.67381906205496,0.16687508631988027,2.0753152158752437,45.36686154888203
14011093000.0,1497058000.0,3775415000.0,6692940000.0,16401029000.0,30412122000.0,15864572000.0,6738478000.0,7809072000.0,397129000.0,70698507000.0,-57238477000.0,13460030000.0,4123282000.0,4457213000.0,3909625000.0,-958915000.0,2950710000.0,-1000480000.0,-7694012000.0,-992509000.0,0.0,5830034000.0,BIMAS,2021,0.5216529119539899,0.2567749793980177,0.4922333864411848,1.1588777168969016,0.725611322365787,1.9974881568211693,0.6198762113962496,0.4612890281565743,-0.06094540196833355,0.13558021370557438,0.2809538763478775,0.05832205197770301,5.045895206034247,2.3246818160205986,-0.025986530746436726,0.05128766853320793,-0.043848802377157714,0.06402190565805865,0,11.4,19.6,16.0,8.89,26.8,12.0,17.0,37,42,1.9,12.3,10.25,7.01,23.6,13.2,2.2,34.0,36.0,8.346446591263838,1.6269625644668926,39.150767873694925,1.5630309930024406,11.609781157852591,5.535468337878892,21.286468651000995,7.875734183058957,-2.2549798728283412,3.067215895030278,275.17442112101986
46717906000.0,3594938000.0,11656606000.0,24400577000.0,79383048000.0,126100954000.0,47471057000.0,20322548000.0,58307349000.0,20952338000.0,279252910000.0,-237182345000.0,42070565000.0,5801538000.0,6531853000.0,19293032000.0,-2693600000.0,16599432000.0,12327137000.0,-32672797000.0,-3887274000.0,0.0,16722063000.0,BIMAS,2022,0.3764527982873151,0.4623862639453148,1.2282715550235168,2.869096384961177,1.1709518619049688,2.070142238069754,0.689119659590311,0.47012496477590543,-0.005972603506235171,0.046007090477681874,0.137596535927144,0.020775210543016363,5.977427798240786,2.214518614982088,-0.08957312322789251,-0.1452001136666748,-0.11016320103851074,0.07265408124858452,0,5.5,72.3,10.5,16.55,86.2,10.4,8.5,54,72,11.4,19.6,16.0,8.89,26.8,12.0,17.0,37.0,42.0,3.9527543820168085,0.4784737409678915,149.6712838124432,1.7908231488080106,12.294994550002173,4.889299633669417,12.179852382401483,12.896851327746926,-0.32252058933669925,1.3923896364812594,140.58191754922115
78627174000.0,5207428000.0,23281120000.0,39455421000.0,135245043000.0,213872217000.0,78071363000.0,35108595000.0,100692259000.0,48507420000.0,474200415000.0,-399581632000.0,74618783000.0,5717514000.0,6942370000.0,31827741000.0,-9528022000.0,22299719000.0,24315122000.0,-60948267000.0,-8821127000.0,0.0,30234533000.0,BIMAS,2023,0.3650374232572714,0.47080570077038103,1.2897463952307326,2.868023029688314,1.1949557623974378,2.1253708101961926,0.6947093406767301,0.5017429118023724,0.00259879945042137,0.026733318054116398,0.08892338667124333,0.01205716785380713,6.03099909199331,2.2172137253339455,-0.019273772423565476,-0.011415375030043695,0.0026951103518575437,0.055228572126438724,0,4.5,53.9,25.0,23.75,43.5,9.4,1.6,60,70,5.5,72.3,10.5,16.55,86.2,10.4,8.5,54.0,72.0,9.125935581431785,0.25129318970869413,114.55748666957477,0.5244868016406101,29.873894059935946,4.7163833709423,9.977461764002754,32.24365988076832,0.1559279670252822,3.534181931634439,117.39890050560263
74041405000.0,2815106000.0,23731480000.0,37085931000.0,161807410000.0,235848815000.0,74673138000.0,42636979000.0,118538698000.0,61923657000.0,519566633000.0,-428749498000.0,90817135000.0,5301727000.0,9408778000.0,25933562000.0,-7320616000.0,18612946000.0,16418988000.0,-75008275000.0,-10463547000.0,0.0,31204109000.0,BIMAS,2024,0.31661442945982154,0.5026045943881465,1.587434265853405,2.780185200269466,1.3793133460091938,2.1300086715806015,0.6311595870286277,0.49489649142640824,-0.0026785506639073003,0.022479345507841537,0.12599949931125165,0.01020413295093182,7.017244378331286,2.2029647806371213,-0.00425397254627486,-0.048422993797449854,-0.01424894469682414,0.0046378613844089145,0,3.2,65.0,45.0,32.5,36.8,9.8,3.0,45,60,4.5,53.9,25.0,23.75,43.5,9.4,1.6,60.0,70.0,14.24764932569197,0.2202975859768471,138.4505636527391,0.37551209259429097,62.06910057041372,4.849985615978801,7.049487298038788,71.43454196340323,-0.12053477987582852,5.953750096221599,83.79666183130931
62812234.0,112905.0,24530751.0,28901965.0,106175774.0,168988008.0,63284029.0,20544787.0,85159192.0,-134530438.0,63899849.0,-44188607.0,19711242.0,11280427.0,11837090.0,4721609.0,-3645644.0,1075965.0,-7115481.0,-2704706.0,-5282163.0,-72734.0,-550097.0,BRKO,2021,0.3744882832159309,0.5039363029831088,1.3456664081864953,4.145051102257717,1.2665784758310317,0.9594279074297534,0.7492916755498491,0.5358424477050916,-0.002791884498691765,0.06675282544309298,0.1870470352006191,0.17653292107153493,1.017315337009029,0.37813244712607064,0.06697667695211851,0.1510719351421242,0.19643159520362966,0.7224762230705615,1,11.4,19.6,16.0,8.89,26.8,12.0,17.0,37,42,1.9,12.3,10.25,7.01,23.6,13.2,2.2,34.0,36.0,5.991812531454895,0.8010339053171158,18.804786985623167,4.731082284717136,20.265255613296507,6.430109372461099,4.3107098972372055,21.530662530983925,-0.10329972645159531,-0.05208388514763722,215.97685675440357
66599507.0,22926.0,36641910.0,29138899.0,769332802.0,835932309.0,78227384.0,33321755.0,724383170.0,-267276594.0,66402199.0,-50578743.0,15823456.0,-973816.0,-973816.0,-445880.0,142480438.0,142034558.0,-4828936.0,-1184704.0,-9374057.0,0.0,1945155.0,BRKO,2022,0.0935810031000967,0.866557210674818,9.25996924555217,21.73904615768287,6.896806276559428,0.4748686256171081,0.5970418740748864,0.4788682183210933,-0.01391007007960976,-0.0011649460004302813,-0.012448530811154313,-0.014665417932921167,0.9970373954870266,0.07943489955476765,-0.06791777144352326,-0.2809072801158342,-0.29869754757130296,-0.4845592818126453,1,5.5,72.3,10.5,16.55,86.2,10.4,8.5,54,72,11.4,19.6,16.0,8.89,26.8,12.0,17.0,37.0,42.0,0.9826005325510154,-0.012115438404474925,34.33300163211691,-1.2641590258178046,72.41646590387398,4.980229470539371,0.43689194755122207,97.22967707829778,-0.751143784298927,0.02443275284386693,112.99232008721265
59799720.0,30246.0,49044637.0,6696809.0,1151182517.0,1210982237.0,59625747.0,11127343.0,1140229147.0,-2028888549.0,65122963.0,-50942414.0,14180549.0,11577772.0,11577772.0,-584046463.0,105677752.0,-478368711.0,-595688352.0,-51545.0,-2943857.0,0.0,-2179577485.0,BRKO,2023,0.049237507519278335,0.941573800310004,19.12310041163929,102.47092652756368,16.270420373159673,1.2743876952476436,0.8451888108349755,0.8906037017867466,0.00014366271831615644,0.009560645603425148,0.1941740369307239,0.17778324981926882,1.0890178582775973,0.05377697625138658,0.010725591603855429,-0.04434349558081837,-0.02565792330338107,0.7995190696305355,1,4.5,53.9,25.0,23.75,43.5,9.4,1.6,60,70,5.5,72.3,10.5,16.55,86.2,10.4,8.5,54.0,72.0,1.2309376879819585,0.0898700686721964,68.68949677384799,7.733571367138194,406.7605093289918,8.37167479679542,0.2419963931312396,478.0775102909822,0.008619763098969387,-5.843986146011419,94.11613935015082
200669691.0,626413.0,106926992.0,10469017.0,1431982174.0,1632651865.0,48695062.0,73669182.0,1510287621.0,-2542788669.0,78206615.0,-19326660.0,58879955.0,51531942.0,51531942.0,26864375.0,0.0,26864375.0,-24667567.0,-1640588.0,-4693676.0,0.0,-103196640.0,BRKO,2024,0.029825747327952245,0.9250518456364242,31.01521096738721,20.50094191353991,11.702619386101057,0.7992481170756043,1.6399373251552145,3.9059540369822305,0.09308452846437044,0.03156333760106292,1.058258063209777,0.6589205018015419,0.3897280880349788,0.047901586784393865,0.02200269199763777,-0.01941176019132609,-0.005875389466992717,-0.47513957817203933,1,3.2,65.0,45.0,32.5,36.8,9.8,3.0,45,60,4.5,53.9,25.0,23.75,43.5,9.4,1.6,60.0,70.0,1.342158629757851,0.30932070849041665,51.95112760991428,24.248274466296742,510.5559514289608,38.27834956242586,0.1532850777100604,1395.6844935324243,4.18880378089667,-2.844359474026632,67.88310861063007
2156996.0,12078.0,2015919.0,79281.0,3906625.0,6063621.0,16263984.0,3404086.0,-13604449.0,-46806631.0,3124090.0,-1188049.0,1936041.0,-545659.0,-417476.0,-3132643.0,0.0,-3132643.0,-2715167.0,-1582117.0,-1033901.0,0.0,-36969.0,BRMEN,2021,1.0392412018551591,-0.2270753134688389,-0.28421434112225646,-1.23225020526797,0.1986277758824328,0.5687403314722366,0.10966993711126714,0.127749449335415,-0.8449325949949936,-0.08998896863771663,-0.025668741435062897,-0.17466174149912456,1.4483522454376365,0.5152185468056133,0.15748313485902757,0.3089503966755096,-0.05057092687859721,-0.0020846842177466574,1,11.4,19.6,16.0,8.89,26.8,12.0,17.0,37,42,1.9,12.3,10.25,7.01,23.6,13.2,2.2,34.0,36.0,37.14014261674661,-1.0798676236525995,11.147310496855837,-4.680934672176538,3.178044414118925,1.5329933920249799,5.873491433583991,-3.029218792226005,-31.2303038782101,-0.09754963247208227,178.04312182960297
9574767.0,5390795.0,1830591.0,1965429.0,5985180.0,15559947.0,16240470.0,2445047.0,-3125570.0,-615277840.0,3591143.0,-1614924.0,1976219.0,-7069911.0,-6799522.0,2750533.0,0.0,2750533.0,9550055.0,-5906707.0,-3246227.0,0.0,-2572445.0,BRMEN,2022,1.0392412018551591,-0.20087279217596307,-0.1924556370597649,-1.23225020526797,0.32031118004388104,0.8082539926635357,0.5124164881282118,0.4685417355532198,-0.42838854142626576,-0.14831760563498836,-0.4186776614223603,-1.9687077345569364,0.3750632260816373,0.23079403805167203,-0.3643770391642379,-0.49815439339372714,-0.28442450875394126,0.23951366119129913,1,5.5,72.3,10.5,16.55,86.2,10.4,8.5,54,72,11.4,19.6,16.0,8.89,26.8,12.0,17.0,37.0,42.0,10.959223382958825,-1.9442450183487274,58.43676366957363,-169.7026067188079,3.363267390460751,4.872834049753486,1.269367209284196,-2.0207841891275313,-23.132981237018353,-1.7359103151186825,91.08115868796479
74639879.0,16610290.0,2256643.0,24331133.0,11608398.0,86248277.0,51075699.0,2275498.0,32897080.0,-879160891.0,47367857.0,-27839786.0,19528071.0,-6633994.0,-6069131.0,-5710445.0,0.0,-5710445.0,-18591163.0,-23353105.0,-5428194.0,0.0,16332442.0,BRMEN,2023,0.5921938475362238,0.38142303990606097,0.644084773073786,14.457090272107468,0.21758458390352517,8.581888887619325,1.3990291351851019,0.9849839940516526,0.273213341989429,-0.07691740902835659,-0.11882619560429315,-0.14005265216030355,0.6346186198935291,0.5492035162627075,0.377448598773598,-0.451541712745569,0.31840947821103543,7.773634894955789,1,4.5,53.9,25.0,23.75,43.5,9.4,1.6,60,70,5.5,72.3,10.5,16.55,86.2,10.4,8.5,54.0,72.0,14.804846188405596,-0.7230236448665519,462.5638110426816,-6.092290368973204,5.439614597588129,9.258849544085535,2.4714158231821837,16.10211932684465,16.39280051936574,4.734135732357877,82.22733286589076
71597112.0,12076705.0,14737310.0,42393188.0,15952821.0,87549933.0,70440363.0,1023692.0,16085878.0,-883988714.0,129081801.0,-72363753.0,56718048.0,-9745330.0,-9361775.0,-16522078.0,1426022.0,-15096056.0,-8621942.0,-56146930.0,-7801376.0,0.0,-9442898.0,BRMEN,2024,0.8045735797422027,0.18373375568431333,0.22836165679611845,15.713591588094857,0.22322860072801634,55.405383650551144,1.0018618730773114,0.4145907652406618,0.01321244871769348,-0.11131167855947988,-0.13290355985246696,-0.07549731971898967,1.8028911696885204,1.4743792094049917,-0.03439426953112329,0.21237973220597883,0.9251756931422842,46.823494762931816,1,3.2,65.0,45.0,32.5,36.8,9.8,3.0,45,60,4.5,53.9,25.0,23.75,43.5,9.4,1.6,60.0,70.0,36.20581108839912,-1.090854449882903,3601.3499372858246,-2.7783013656588196,10.045287032760735,4.062989499358486,4.718013470095974,10.27627455582533,0.5945601922962066,-4.853577786290253,58.520703524540345
3199809115.0,778724987.0,1176969006.0,1053233356.0,3624210239.0,6824019354.0,2907917249.0,1144449448.0,2771652657.0,215167247.0,4864628668.0,-4195273343.0,669355325.0,490742904.0,529160120.0,358101287.0,-72017228.0,283224164.0,-192750478.0,-63559005.0,-186686686.0,0.0,-231629533.0,BRSAN,2018,0.4261296895788376,0.40616131244929055,0.9531401410934717,2.42182183043877,0.8943440981496152,0.584871027872609,0.7896148977260238,0.738183233975514,0.04277418495727203,0.07191405512534835,0.1819722071465315,0.10087982814148888,1.5202871462537226,0.7128685332858158,-0.009426938181683444,-0.009340912818315034,-0.03465499637103256,-0.09093250935996741,0,3.0,16.3,17.75,4.83,39.0,10.9,1.9,14,20,3.75,17.950000000000003,16.875,7.95,32.9,11.45,2.05,35.5,39.0,7.563801990024368,0.783863200866297,9.533397754323527,3.9343132975180666,15.874607742155671,8.046197250333103,2.1386055998574474,16.918237504409124,0.5988385894018085,-0.6024930466148265,67.93114344989472
2920630375.0,945308903.0,537813835.0,1188136911.0,4011109873.0,6931740248.0,2833307496.0,1210882285.0,2887550467.0,322610480.0,4574046063.0,-4071190700.0,502855363.0,258609763.0,274338847.0,81094946.0,-8716689.0,65704657.0,-205429938.0,-82886689.0,-259995433.0,0.0,254753759.0,BRSAN,2019,0.40874403751893157,0.4165693409866503,1.019144752582125,2.3846665384158294,0.9918203868286763,0.4152801384818343,0.7221793568445793,0.6114738574778401,0.012597540570738362,0.037308057392170184,0.09682635837702241,0.05653851304470346,1.566116035138476,0.6598698017167824,-0.03460599773317816,-0.017385652059906054,-0.05299873156903334,-0.1695908893907747,0,0.9,15.2,19.75,5.67,17.4,13.7,-0.6,8,25,3.0,16.3,17.75,4.83,39.0,10.9,1.9,14.0,20.0,8.072694740998898,0.5111203862727315,6.312258104923881,0.9837701269778402,19.588452639866357,8.37719184744641,0.5938828215451042,20.128108863496966,0.1007803245659069,0.7258475592332957,20.393439062994798
3087565000.0,789862000.0,851044000.0,1158928000.0,4951542000.0,8039107000.0,3126662000.0,1363243000.0,3549202000.0,379582000.0,3728998000.0,-3378959000.0,350039000.0,166321000.0,179952000.0,3305000.0,-13773000.0,-10661000.0,-195616000.0,-79110000.0,-236489000.0,0.0,-332251000.0,BRSAN,2020,0.388931506944739,0.441492071196465,1.1351409266495707,2.6034991560565506,1.1028166520227043,0.25676933606114244,0.6876682246060886,0.6168357820576704,-0.0048633511159883805,0.020688989461142886,0.05755403046443779,0.04460206200164227,1.2077472053219933,0.4638572418553454,-0.016619067931027298,-0.019812530574192577,-0.19601255986143706,-0.15851080242069188,0,1.9,12.3,10.25,7.01,23.6,13.2,2.2,34,36,0.9,15.2,19.75,5.67,17.4,13.7,-0.6,8.0,25.0,3.986547946183575,0.27309466088708606,3.1582628335520524,1.0526086632387577,11.303870683232718,8.142232323161249,0.8813287595251562,11.6351944981581,-0.16535393794360492,-0.42362575221352317,43.334409304202026
7613364000.0,2256973000.0,2020376000.0,2965119000.0,8863119000.0,16476483000.0,7295136000.0,2529352000.0,6651995000.0,369079000.0,7329974000.0,-6739585000.0,590389000.0,304060000.0,331922000.0,84897000.0,9528000.0,94425000.0,-293998000.0,-125157000.0,-303157000.0,0.0,1749663000.0,BRSAN,2021,0.44276050902367936,0.40372663268004466,0.9118397518565795,2.6299206278920453,0.9021456385309851,0.2334151197618995,0.7749374827471925,0.6371704379465989,0.01931407327643891,0.018454181028803297,0.045499083224767846,0.04148172967598521,0.962777295292856,0.4448749165704841,-0.002234808432339589,0.05382900207894037,-0.018982325284861268,-0.023354216299242947,0,11.4,19.6,16.0,8.89,26.8,12.0,17.0,37,42,1.9,12.3,10.25,7.01,23.6,13.2,2.2,34.0,36.0,7.08416814437887,0.22145017234563957,4.574936347333231,1.1117103553164036,14.434330216495761,7.646045255359187,5.0715740489035195,14.589436029705272,0.7146207112282397,1.6990645394408503,268.1872791844254
13737466000.0,1508492000.0,4683933000.0,6256799000.0,13860522000.0,27597988000.0,12732552000.0,3005859000.0,11859577000.0,516576000.0,22204754000.0,-19077007000.0,3127747000.0,2445825000.0,2639663000.0,1758556000.0,-408662000.0,1349894000.0,-1044547000.0,-293811000.0,-777133000.0,0.0,-1564730000.0,BRSAN,2022,0.4613579801542054,0.42972614525377717,0.9314375468484244,3.945486797617586,0.8806811564394906,1.0405501389120382,0.8728623239029658,0.5875229883215871,0.03641258196068496,0.08862330833682514,0.20731609813963453,0.11014870959615225,1.6163646192099765,0.8045787250867709,0.07016912730802184,0.018597471130526066,0.35970380851628675,0.8071350191501387,0,5.5,72.3,10.5,16.55,86.2,10.4,8.5,54,72,11.4,19.6,16.0,8.89,26.8,12.0,17.0,37.0,42.0,4.844258791619157,0.9216824067029814,75.23177504334036,9.494818767188324,9.247152142614652,6.110239078544506,4.42518298797724,9.780094241908456,1.966279425876988,-0.5953211154378355,132.2255478965386
31900641000.0,3808588000.0,5801133000.0,15795788000.0,24016385000.0,55917026000.0,25725288000.0,5238813000.0,24952925000.0,1866308000.0,42175476000.0,-35087591000.0,7087885000.0,5658261000.0,6372405000.0,4963851000.0,-861025000.0,4102826000.0,-1577845000.0,-168218000.0,-1865654000.0,0.0,8813557000.0,BRSAN,2023,0.4600618065774814,0.4462491442230851,0.9699765071629131,4.76308755437539,0.7756202900901272,1.3529562899076566,1.0302459935781763,0.626031980672092,0.11043779402717162,0.10119030650879036,0.24770976324929772,0.13415997960520942,1.3220886690019802,0.754251057629567,0.01256699817196523,-0.0012961735767240135,-0.05032766745720385,0.3124061509956184,0,4.5,53.9,25.0,23.75,43.5,9.4,1.6,60,70,5.5,72.3,10.5,16.55,86.2,10.4,8.5,54.0,72.0,11.501545164437035,0.9511888811826295,72.9243440260227,5.83595911282661,19.39050725225318,5.884700618317665,3.3941297593330515,24.249412679072826,6.626267641630297,3.940462159056885,111.36210637652528
24612142000.0,2356166000.0,5273083000.0,12445375000.0,30826913000.0,55439055000.0,19012272000.0,6324675000.0,30102108000.0,6142401000.0,55065658000.0,-51458673000.0,3606985000.0,1709296000.0,1852076000.0,-63417000.0,-164271000.0,-227688000.0,-2068267000.0,-290220000.0,-2378162000.0,0.0,1259395000.0,BRSAN,2024,0.34294004470314293,0.5429765712997814,1.583298829303515,4.759471119069359,1.2166782761948391,0.5703036124385839,0.971393356902866,0.6399428221940019,0.10100947788522009,0.030831982976621805,0.09741476452682772,0.031041052846403832,2.237337083460676,0.9932647300716074,-0.07035832353216856,-0.11712176187433848,0.23901367244204041,-0.7826526774690727,0,3.2,65.0,45.0,32.5,36.8,9.8,3.0,45,60,4.5,53.9,25.0,23.75,43.5,9.4,1.6,60.0,70.0,15.432302011641433,0.3021534331708937,37.06973480850795,1.142310744747661,54.75052242876776,6.271439657501219,3.1784471362291438,71.24844731865818,4.5454265048349045,1.0222536260764186,79.16336046793037
411652355.0,389265902.0,0.0,0.0,1618104268.0,2029756623.0,5693336.0,65762480.0,1958300807.0,171858238.0,78840633.0,0.0,78840633.0,57809296.0,48202317.0,48202317.0,-23805337.0,24396980.0,0.0,0.0,-20990483.0,0.0,64841435.0,BRYAT,2018,0.002859160780187407,0.9576674073914581,299.7763293928946,29.77839045911894,21.686367676739433,1.1988695225605848,5.76093561089555,24.926439683708757,0.20000379079930708,0.028480900293630918,8.466445156231776,0.7332424132109645,0.1915223660022545,0.038842407068229085,-0.007273143265150583,0.0007788116936789502,-0.006989044938752332,-0.2205152197530172,0,3.0,16.3,17.75,4.83,39.0,10.9,1.9,14,20,3.75,17.950000000000003,16.875,7.95,32.9,11.45,2.05,35.5,39.0,0.0497876015552235,0.310441813200577,19.541573217737533,28.596454115227615,401.9455988998852,299.11727620450506,0.11652722120468725,4421.037916833236,2.800053071190299,0.5670312677925426,64.29354519799477
472841480.0,455336726.0,9243.0,0.0,1871730058.0,2344571538.0,27644535.0,77813832.0,2239113171.0,149920251.0,49033084.0,0.0,49033084.0,32814422.0,77794016.0,77794016.0,-10209523.0,67584493.0,0.0,0.0,-20460793.0,0.0,39273226.0,BRYAT,2019,0.01179086863076984,0.955020196530254,80.99659375713861,28.77525901821671,17.748521158117306,0.6301332647388449,4.483679137569046,17.104338343907756,0.1898841377984859,0.013995914165191917,2.8140830004917787,0.6692302283087068,0.10369877871120782,0.020913451863288805,-0.014484986128439,0.00898593333188401,-0.01792895520494028,-0.5687362578217399,0,0.9,15.2,19.75,5.67,17.4,13.7,-0.6,8,25,3.0,16.3,17.75,4.83,39.0,10.9,1.9,14.0,20.0,0.23286965545770436,0.19174402406312926,9.578025624030442,11.644605972571497,350.5332928728168,234.32943531153623,0.018822106676959924,1599.6827267034876,1.5190731023878872,0.3308264221963783,19.417831658229783
568866669.0,518236620.0,2452.0,0.0,2741428295.0,3310294964.0,43286164.0,110273329.0,3156735471.0,165631710.0,34545856.0,0.0,34545856.0,16124995.0,173431421.0,173431421.0,-20859736.0,152571685.0,0.0,0.0,-20103469.0,0.0,40631257.0,BRYAT,2020,0.013076225674975833,0.9536115377421092,72.92712449640952,28.62646389318672,17.852548490766377,0.3132748082720891,3.7045359937467364,13.141997729343723,0.15877150245394264,0.004871165613748008,4.006624865164767,0.46677074668521745,0.060727509419259015,0.010435884528627159,-0.00912474855144391,0.0012853570442059922,-0.010477567334661646,-0.3168584564667558,0,1.9,12.3,10.25,7.01,23.6,13.2,2.2,34,36,0.9,15.2,19.75,5.67,17.4,13.7,-0.6,8.0,25.0,0.13403131316850228,0.0642993861014737,3.853280141746696,11.015789621771132,182.98862203035537,173.47437002733713,0.0198281806043916,747.5030260881975,5.39823108343405,0.1258106569895383,41.648575957176384
94562936.0,78350995.0,0.0,0.0,5836370738.0,5930933674.0,37521796.0,209624895.0,5683786983.0,235803153.0,47783263.0,0.0,47783263.0,23813701.0,287670018.0,287670018.0,-13025603.0,274644415.0,0.0,0.0,-24958307.0,0.0,-191166808.0,BRYAT,2021,0.0063264568552651125,0.9576674073914581,151.4796088918558,27.11408386394183,21.686367676739433,0.2279465089296765,0.38261866107687437,2.5202134780541954,0.009617564979702386,0.00401516899512709,7.6667443637292845,0.49836908375219163,0.5053064659498305,0.008056617326454357,-0.0008559966186209187,-0.00674976881971072,-0.002379267202172802,-0.0853282993424126,0,11.4,19.6,16.0,8.89,26.8,12.0,17.0,37,42,1.9,12.3,10.25,7.01,23.6,13.2,2.2,34.0,36.0,0.1012233096842418,0.048182027941525075,4.467751575021659,13.356291444558735,377.84010552664046,30.242561736650345,0.09184543752157967,2423.673742269693,0.35584990424898827,-0.5157145731385564,256.5393013495583
596581672.0,574657715.0,0.0,0.0,10391432415.0,10988014087.0,3258819.0,385842618.0,10598912650.0,321761749.0,264263503.0,0.0,264263503.0,218379907.0,1248058090.0,1248058090.0,-18513746.0,1229544344.0,0.0,0.0,-39979958.0,0.0,688311807.0,BRYAT,2022,0.002859160780187407,0.9576674073914581,299.7763293928946,27.469522949380362,21.686367676739433,0.6848997250998333,1.5332291666658635,24.926439683708757,0.053997278152561216,0.01987437450215566,28.05465922340838,0.826371801330432,0.44296282538160175,0.024050160557461616,0.015859205507028573,-0.0060298774211473925,0.01599354323100726,0.45695321617015683,0,5.5,72.3,10.5,16.55,86.2,10.4,8.5,54,72,11.4,19.6,16.0,8.89,26.8,12.0,17.0,37.0,42.0,0.04375395572850352,0.2066934948224189,49.518250124717945,71.23324927468325,280.41541351979123,299.11727620450506,0.13227588306603888,4421.037916833236,2.9158530202383055,0.6577416006456199,127.16038987967461
1056773088.0,1027915384.0,22815.0,0.0,25127981366.0,26184754454.0,14895087.0,1001643174.0,25168216193.0,1071687694.0,165945220.0,0.0,165945220.0,94795221.0,2306905373.0,2306905373.0,-37694122.0,2269211251.0,0.0,0.0,-68923959.0,0.0,1525759194.0,BRYAT,2023,0.002859160780187407,0.9576674073914581,299.7763293928946,25.12692827775413,21.686367676739433,0.165672990449591,1.039580238682231,24.926439683708757,0.039789489064345304,0.003620244794219142,28.05465922340838,0.5712440587321527,0.1570301343631491,0.006337474742851755,-0.016254129707936518,0.00027226634315190827,-0.01771268581460986,-0.5192267346502424,0,4.5,53.9,25.0,23.75,43.5,9.4,1.6,60,70,5.5,72.3,10.5,16.55,86.2,10.4,8.5,54.0,72.0,0.04375395572850352,0.034030301065659935,8.929774185232954,24.849116554848642,510.5559514289608,299.11727620450506,0.028518636342832897,4421.037916833236,2.387369343860718,1.4567247486322372,107.94799434276202
413280482.0,373696240.0,0.0,0.0,27592427545.0,28005708027.0,86147314.0,1914431961.0,26005128752.0,1974449045.0,79450855.0,0.0,79450855.0,-50446491.0,2129381273.0,2129381273.0,-96142249.0,2033239024.0,0.0,0.0,-125048714.0,0.0,884719092.0,BRYAT,2024,0.0030760627053937114,0.9285653027207431,299.7763293928946,13.583730987449806,13.792219028661085,0.04150100741031245,0.20658040756720325,4.797369329472072,0.011680946172994965,-0.0018012931846381132,24.717906735896605,-0.6349395610657683,0.192244392030108,0.0028369522000087372,-0.005421537978857255,0.002507216928124083,-0.0035005225428430178,-0.12417198303927854,0,3.2,65.0,45.0,32.5,36.8,9.8,3.0,45,60,4.5,53.9,25.0,23.75,43.5,9.4,1.6,60.0,70.0,0.138422821742717,-0.01765267320945351,2.6975654816703094,-23.365775847220274,510.5559514289608,47.01421942882631,0.00907824704002796,4421.037916833236,0.5256425777847734,1.4215801686433829,76.97815739024806
183389598.0,15125.0,8943319.0,0.0,123354666.0,306744264.0,8052579.0,84744825.0,213946860.0,-17086158.0,860459035.0,-793474064.0,66984971.0,76623432.0,50962687.0,50962687.0,-15347507.0,35615180.0,0.0,0.0,-12684875.0,0.0,-53984634.0,CASA,2021,0.02625176717240913,0.6974763185791797,26.568737791954604,2.5246008827087674,1.3292900521225788,0.7904314039234844,1.9762362964377753,22.774020348015213,0.5716065125833942,0.24979581036273266,6.328741015766502,0.08904948275660793,4.6919729602111895,2.805134882652606,0.1856634445611921,-0.2840002120063207,1.0629385649726146,0.331979176118255,1,11.4,19.6,16.0,8.89,26.8,12.0,17.0,37,42,1.9,12.3,10.25,7.01,23.6,13.2,2.2,34.0,36.0,0.4200282747585461,2.9975497243527918,15.492455516900296,2.3865261378770923,21.26864083396126,273.28824417618256,21.286468651000995,425.09980467127366,21.149440965585587,-2.8158770851539052,222.77338434009914
603866111.0,17837.0,83350995.0,0.0,89371027.0,693237138.0,35906910.0,181439626.0,475890602.0,-187938276.0,1705715830.0,-1464324291.0,241391539.0,189545181.0,202140206.0,202140206.0,-63922356.0,138217850.0,0.0,0.0,-34256086.0,0.0,39702142.0,CASA,2022,0.051795998846213,0.6864759198749101,13.253454613610584,2.6228592534686994,0.41119140265479087,1.3304234820237117,2.7783562697313933,16.817546009946273,0.7037999406520007,0.2734204078374116,5.629562833449049,0.11112353984543838,2.824658974777275,2.4605084414851417,0.02362459747467896,0.025544231673803867,-0.3446264411674642,0.5399920781002273,1,5.5,72.3,10.5,16.55,86.2,10.4,8.5,54,72,11.4,19.6,16.0,8.89,26.8,12.0,17.0,37.0,42.0,0.5438579878852365,2.8435722415090807,96.18961775031435,9.578849134676789,4.317509727875304,174.90247850344124,13.532796428168279,139.16127344291112,25.996504203423882,0.6013418326125511,111.96285479003107
28566591.0,13280.0,14747536.0,0.0,338504562.0,367071153.0,141246292.0,104027.0,225720834.0,-497852739.0,864496677.0,-577875747.0,286620930.0,281232704.0,281232704.0,280686887.0,260441.0,280947328.0,-620527.0,0.0,-7084783.0,0.0,58335841.0,CASA,2023,0.3847926780560716,0.6149239245721932,1.5980655548819647,935.7892879318963,2.3947916382134236,150.4045567211987,0.20209781769222607,0.20224666145572162,-0.3069696435666248,0.3773903655705024,1.9910802614202432,0.3253138056885787,9.061101272935645,2.355120172028337,0.3814843924994046,0.3289513826589396,-0.1053882694568049,48.108736021542754,1,4.5,53.9,25.0,23.75,43.5,9.4,1.6,60,70,5.5,72.3,10.5,16.55,86.2,10.4,8.5,54.0,72.0,9.61981695140179,4.2411558962138445,6685.307181121164,14.151150547453174,59.86979095533559,1.9011186176837833,10.598040774127515,39.95163887204912,-18.41817861399749,3.9730608441464756,88.74479819075061
22101125.0,1748.0,18347536.0,0.0,219582650.0,241683775.0,17763780.0,0.0,223919995.0,-216905411.0,0.0,0.0,0.0,-1110628.0,-1110628.0,7586742.0,0.0,7586742.0,8697370.0,0.0,-3798860.0,0.0,-4623188.0,CASA,2024,0.07350009325201909,0.9264999067479809,12.6054249151926,2.6228592534686994,12.361257007236073,1.3304234820237117,1.2441679079565273,1.2441679079565273,0.01794636400395517,-0.004595376747984013,-0.06252205330171844,0.11112353984543838,0.0010013699932637234,3.176650466975795e-05,-0.37624144492989975,-0.31129258480405253,-1.193588774332726,0.5399920781002273,1,3.2,65.0,45.0,32.5,36.8,9.8,3.0,45,60,4.5,53.9,25.0,23.75,43.5,9.4,1.6,60.0,70.0,3.307504196340859,-0.04503469213024333,96.18961775031435,9.578849134676789,510.5559514289608,12.192845497973968,0.00014482320883751968,567.244121183667,0.8075863801779826,-0.8608085503464186,61.77005028719543
940249594.0,202067347.0,435316646.0,190255123.0,2543739762.0,3483989356.0,1436408181.0,596101795.0,1451479380.0,830431391.0,1699958055.0,-1293977441.0,405980614.0,318761001.0,388157384.0,175110867.0,-21254018.0,153856849.0,-218188378.0,-14221118.0,-108623377.0,-3851468.0,357643049.0,CIMSA,2018,0.4122883379440497,0.41661418324953114,1.0104922815111703,2.4349522047656307,1.251526335435807,0.6810592039904863,0.46260515574463285,0.5221318570309647,-0.1424110513269892,0.091493104148278,0.2702277730900782,0.18751109773705563,1.807985949526504,0.4879343422999826,-0.0041763182793536115,-0.05111523336368594,-0.04433115021208345,-0.057076873754542234,0,3.0,16.3,17.75,4.83,39.0,10.9,1.9,14,20,3.75,17.950000000000003,16.875,7.95,32.9,11.45,2.05,35.5,39.0,7.318117998506882,0.9972748352162303,11.101265025044926,7.31293281174517,22.214592453985574,5.6912372416375145,1.4638030268999478,17.936237996823273,-1.9937547185778488,1.8220963014187808,65.9143315224688
1086647670.0,267350543.0,460975667.0,205947421.0,2709282618.0,3795930288.0,1366716261.0,943450788.0,1485763239.0,985356923.0,1577651788.0,-1303900929.0,273750859.0,157790801.0,232382525.0,-28747456.0,21438269.0,-15189674.0,-267228450.0,-13601062.0,-126883930.0,-6445651.0,335165250.0,CIMSA,2019,0.36004777677834954,0.3914095165806691,1.0871043839874237,1.5748179533027218,1.1727648090092726,0.2901591291055236,0.47037623122119077,0.6443914323193964,-0.07378127883048204,0.04156841380855201,0.1700298237689586,0.10001624071940012,1.451852179464941,0.41561663895340745,-0.049924690339726,-0.05224056116570014,-0.07231770334657517,-0.39090007488496264,0,0.9,15.2,19.75,5.67,17.4,13.7,-0.6,8,25,3.0,16.3,17.75,4.83,39.0,10.9,1.9,14.0,20.0,7.110943591372403,0.5694872691771625,4.410418762403959,1.740282588517562,23.162104977933133,8.82816262277573,0.37405497505806673,21.470311583751617,-0.5902502306438563,1.7438449036922883,19.85147581763804
2556901570.0,903961752.0,321765215.0,228653262.0,2572280843.0,5129182413.0,2938342751.0,351995325.0,1838844337.0,998526403.0,2076298962.0,-1608546273.0,467752689.0,350919550.0,458258113.0,236500594.0,-20684003.0,184430929.0,-253079904.0,-15955724.0,-147337906.0,-5096142.0,554045161.0,CIMSA,2020,0.5728676647476448,0.35850632497284907,0.6258100204185472,5.224058975783272,0.7817679471183921,1.328860515405993,0.7770938763558228,0.7923678431345806,-0.07436685816305359,0.06841627412403747,0.1559580184592291,0.16901205289915278,0.8120371102122637,0.40480115441743403,0.026847860315485465,0.2128198879692953,-0.010815484535973419,1.0387013863004693,0,1.9,12.3,10.25,7.01,23.6,13.2,2.2,34,36,0.9,15.2,19.75,5.67,17.4,13.7,-0.6,8.0,25.0,5.87189356366336,0.9030948184372946,16.344984339493713,3.9886844484200057,8.01312145796352,10.459255529376463,0.7691221933931246,6.414552709290108,-2.5284731775438223,1.107186768373956,42.48060300851273
2239831068.0,257911803.0,900920799.0,697558413.0,3008933169.0,5248764237.0,1935739767.0,540170372.0,2772854098.0,1174272645.0,3745370304.0,-3032410647.0,712959657.0,743689216.0,945776465.0,662364886.0,98390807.0,1050394723.0,-321201903.0,-11282624.0,-182217270.0,-6069138.0,-122447521.0,CIMSA,2021,0.36879914577881623,0.5282870353469832,1.4324518952758591,5.133295422578268,1.2152836735081523,1.3198792343242403,0.9046495802568383,0.7967355329948129,0.057935789696244265,0.14168843987267093,0.48858657611077533,0.19856226638144456,1.6721664225080746,0.7135718304125459,0.07327216574863346,-0.2040685189688286,0.3087706759951119,-0.008981281081752668,0,11.4,19.6,16.0,8.89,26.8,12.0,17.0,37,42,1.9,12.3,10.25,7.01,23.6,13.2,2.2,34.0,36.0,5.90078633246106,1.7002612784720512,25.86963299275511,5.3214687390227144,19.444538776130436,9.560826395937756,8.134718866703023,22.919230324413746,2.1436242187610377,-0.37326125684772304,255.14634692752352
14945477000.0,6911575000.0,2772475000.0,2855498000.0,22874740000.0,37820217000.0,10636585000.0,5956162000.0,21227470000.0,8639737000.0,20820386000.0,-18439737000.0,2380649000.0,1583863000.0,3996687000.0,3495462000.0,736162000.0,4231624000.0,-649153000.0,-32366000.0,-1236825000.0,-20198000.0,3947734000.0,CIMSA,2022,0.28124071842316506,0.5612730884119465,1.9957035082218588,3.563951081249973,1.378598733530982,0.3996951392524246,0.9007234908119794,1.1366410365732986,0.11393091689558524,0.04187873908814431,0.3757490773589456,0.07607270105366923,1.3930894276576118,0.5505094272727203,-0.09980970078452663,-0.08755842735565117,-0.16306240313982556,-0.9201840950718156,0,5.5,72.3,10.5,16.55,86.2,10.4,8.5,54,72,11.4,19.6,16.0,8.89,26.8,12.0,17.0,37.0,42.0,2.953027543443233,0.4355388865167008,28.897958567950297,6.557466830826288,14.47528670207531,11.821066780362306,3.0278018499999617,20.954886836329518,6.1522695123616025,1.0960065882223786,133.9586030082585
17449762000.0,9105525000.0,3385066000.0,4130951000.0,37971734000.0,55421496000.0,12816266000.0,8771092000.0,33834138000.0,16283572000.0,29604214000.0,-23786698000.0,5817516000.0,4858455000.0,5521127000.0,4240984000.0,203784000.0,4444768000.0,-2191040000.0,-108168000.0,-2042086000.0,-26970000.0,4090657000.0,CIMSA,2023,0.23125081286149332,0.6104876346174416,2.639937248493438,3.8574601657353496,1.7589801401357221,0.6632601733056728,0.8083324508724041,1.0392114988874295,0.08360467209329751,0.08766372888959909,0.4307906062499015,0.16411362922859563,1.6965397006560892,0.5341648301951286,0.045784989801454776,-0.04998990556167174,-0.016344597077591727,0.26356503405324816,0,4.5,53.9,25.0,23.75,43.5,9.4,1.6,60,70,5.5,72.3,10.5,16.55,86.2,10.4,8.5,54.0,72.0,5.781270321537333,0.8240390515622315,35.74972334117576,7.13894287144391,43.97450350339305,9.768588089541838,2.4037417358780786,65.99843121233594,5.016280325597851,1.8452483671678586,111.32205016446876
19282109000.0,7687489000.0,5657831000.0,5168066000.0,48322018000.0,67604127000.0,24736960000.0,10830097000.0,32037070000.0,18547933000.0,28150518000.0,-22106374000.0,6044144000.0,3546731000.0,3733251000.0,3904509000.0,-850173000.0,3054336000.0,-1167126000.0,-180727000.0,-2695765000.0,-40408000.0,6405749000.0,CIMSA,2024,0.3659090220926897,0.4738922225857602,1.2951094233082805,2.9581517136919455,1.3586172732818462,0.558087706878341,0.5421339471522764,0.5705649764562825,-0.08068813609559665,0.0524632320154064,0.15091793817833718,0.1259916780216975,1.459929409174069,0.41640235957784055,-0.03520049687419269,0.1346582092311964,-0.11776247061728806,-0.1051724664273318,0,3.2,65.0,45.0,32.5,36.8,9.8,3.0,45,60,4.5,53.9,25.0,23.75,43.5,9.4,1.6,60.0,70.0,16.465905994171038,0.5141396737509827,36.27570094709216,4.636493751198468,61.13777729768308,5.591536769271569,1.3324875506490899,58.27992404887262,-3.630966124301849,4.263921712945129,79.79819157896863
18359798.0,3519997.0,2355781.0,11050000.0,7241180.0,25600978.0,4139333.0,10633037.0,10828608.0,4548791.0,34823350.0,-28882624.0,5940726.0,5066042.0,5081281.0,5651112.0,-1275375.0,4375737.0,-179668.0,0.0,-1207537.0,0.0,1247537.0,COSMO,2019,0.16168651838222742,0.4229763409819734,2.6160272681613197,1.0183927696292225,0.4901840395278483,0.5587045356843957,1.2428471531649965,1.765936202765035,0.5554656935371766,0.19788470581084833,1.2275603339958394,0.14547830694060163,1.8967174911183664,1.360235144141759,0.056238778397991546,-0.13756262433108257,0.5508662470764624,0.10587541819049379,1,0.9,15.2,19.75,5.67,17.4,13.7,-0.6,8,25,3.0,16.3,17.75,4.83,39.0,10.9,1.9,14.0,20.0,3.1933087380489913,2.7110204696086218,8.492308942402815,2.531322540766468,9.681134780675004,24.193325977880978,1.2242116297275831,51.66653854618606,4.4437255482974125,0.9624185353387671,16.252965664963387
18272817.0,1518306.0,2185881.0,12405060.0,6659322.0,24932139.0,3019647.0,10576376.0,11336116.0,7789161.0,29737009.0,-27748241.0,1988768.0,630597.0,750557.0,914333.0,-378072.0,536261.0,-152261.0,0.0,-1453402.0,0.0,-1783948.0,COSMO,2020,0.12111463841911037,0.45467883842617757,3.754119604046433,1.071833679135462,0.4897992596805698,0.1880387005908262,1.3439825013535207,1.9431930288540349,0.611787460353883,0.025292535068892404,0.2485578612334488,0.02120579779896492,1.6273905112714695,1.1927179212341148,-0.17259217074195593,-0.04057187996311705,-0.16751722290764426,-0.37066583509356954,1,1.9,12.3,10.25,7.01,23.6,13.2,2.2,34,36,0.9,15.2,19.75,5.67,17.4,13.7,-0.6,8.0,25.0,1.2414250437958814,0.33386146290937974,2.3128760172671625,0.5004568280555721,5.02044241172584,25.65014798087326,2.266164050344818,38.47972594147594,20.80077365203202,-0.7334094760180825,32.360169678913586
26043700.0,1973010.0,2265186.0,19929160.0,28681399.0,54725099.0,7142762.0,8414068.0,39168269.0,8124770.0,29160276.0,-26619480.0,2540796.0,511169.0,5801611.0,5886141.0,-1367132.0,4519009.0,-135402.0,0.0,-2377332.0,0.0,-3988061.0,COSMO,2021,0.13052076890715172,0.7157276956228074,5.4836307019609505,4.655092994256761,1.843653173557852,0.3019699864560163,1.6741007004640405,0.8560470025460739,0.3453796949732334,0.009340668346712357,0.8122363589883017,0.017529635179036027,1.1196671747869926,0.5328501278727701,-0.015951866722180047,0.009406130488041356,-0.6598677933613447,0.11393128586519011,1,11.4,19.6,16.0,8.89,26.8,12.0,17.0,37,42,1.9,12.3,10.25,7.01,23.6,13.2,2.2,34.0,36.0,2.0883323025144276,0.11208802016054828,5.91861173453792,0.4697942227981655,29.498450776925633,10.272564030552887,6.074491457749579,87.73809123137521,12.779048714009635,-1.1659910564985914,203.12329631875141
94187795.0,37739850.0,18254063.0,25814935.0,11531536.0,105719331.0,55729333.0,2359103.0,47630895.0,-80400028.0,163581413.0,-139314048.0,24267365.0,8335358.0,26414781.0,10551246.0,-535855.0,10015391.0,-16408488.0,-490585.0,-14186330.0,0.0,-4143200.0,COSMO,2022,0.5271442079027155,0.4505410178957716,0.8546826677433946,20.1902566356789,0.19851689585858362,10.286691594220345,1.621455172248053,1.2268738260334104,0.363778900568336,0.07884421818749496,0.4739834406415738,0.05095541019687854,1.736758069344335,1.547317897802437,0.06950354984078261,0.3289513826589396,1.014467769929667,9.984721607764328,1,5.5,72.3,10.5,16.55,86.2,10.4,8.5,54,72,11.4,19.6,16.0,8.89,26.8,12.0,17.0,37.0,42.0,5.5350141829785136,0.8199798691499476,743.7278022621309,4.392356358970931,2.084427406515128,12.75948779074747,8.510248437913402,8.974168011305643,19.644060630690145,-0.4115009013819809,101.61964075804211
210110789.0,10598864.0,134504598.0,42716322.0,33256128.0,243366917.0,168328310.0,5155694.0,69882913.0,-101969633.0,464001570.0,-407179892.0,56821678.0,26416915.0,26673448.0,-1818640.0,-2961655.0,-4780295.0,-34201252.0,-1917275.0,-23508797.0,0.0,-30663845.0,COSMO,2023,0.6916647179287726,0.28715042233945054,0.41515840680631794,13.554511381009036,0.19169564474659,11.021150207906055,1.2111248539087212,0.9944522522682013,0.17168512267425404,0.1085476831676345,0.15846085545562716,0.05693281382647046,2.2083662253060217,1.9065926286110613,0.029703464980139538,0.16452051002605705,0.3592747308086244,0.7344586136857103,0,4.5,53.9,25.0,23.75,43.5,9.4,1.6,60,70,5.5,72.3,10.5,16.55,86.2,10.4,8.5,54.0,72.0,17.291617948219315,1.0203482217757642,594.0399962061364,2.476577401451465,4.79239111866475,9.347851171321093,8.579666828749776,10.37896017015795,10.301107360455243,-3.1499602922610883,86.8953636404275
347920209.0,9392115.0,220361631.0,43328564.0,34499872.0,382420081.0,288225679.0,2599553.0,91594849.0,-108450659.0,693839134.0,-637930098.0,55909036.0,39718616.0,38531192.0,32461974.0,-10893786.0,21568188.0,-10297789.0,-1255386.0,-26567963.0,0.0,3653554.0,COSMO,2024,0.7536886615533142,0.23951370116466242,0.31778864852635147,35.23484576002105,0.11862750615806265,21.507172963967268,1.1963205757882795,1.0567817761997536,0.15609674534847454,0.103861219568122,0.13368410522505872,0.05724470421698641,1.9942478650327553,1.8143376053518487,-0.004686463599512497,0.062023943624541555,-0.09225502325921253,10.486022756061212,0,3.2,65.0,45.0,32.5,36.8,9.8,3.0,45,60,4.5,53.9,25.0,23.75,43.5,9.4,1.6,60.0,70.0,33.915989769899134,1.0178399517675956,1397.9662426578725,2.1066051151850997,5.33823777711282,10.356461406757585,5.805880337125917,14.300489183685816,7.024353540681354,0.42991970915878763,63.23849680268182
225062015.0,23669986.0,59758368.0,80436649.0,234649782.0,459711797.0,174615151.0,96487920.0,188608726.0,52993856.0,452411065.0,-382161689.0,70249376.0,76179212.0,73571621.0,34842243.0,-8909898.0,25932345.0,-38729378.0,-8329591.0,-11566756.0,-1901284.0,66574646.0,CWENE,2020,0.37983613241928615,0.4102760190859318,1.080139523517063,1.9547392668429375,0.8655371594813104,0.7280639483160172,0.830171396324758,0.8282521028201041,0.10973584826234076,0.1657108051112293,0.4213358381484319,0.16838494434259693,2.0101617991823275,0.9841188935162349,-0.056285308437902325,0.06249820622136548,-0.03803058242176849,0.11984179749648993,0,1.9,12.3,10.25,7.01,23.6,13.2,2.2,34,36,0.9,15.2,19.75,5.67,17.4,13.7,-0.6,8.0,25.0,3.893320357297683,2.1873826274682266,8.955186564287011,3.9738846864852877,8.87175588468343,10.932927757225373,1.8698258976808464,11.071430116049896,3.7310188409195857,1.484386796147413,37.89760961338782
495030963.0,36249427.0,176921794.0,174977750.0,634564197.0,1129595160.0,534235807.0,113850151.0,481509202.0,74159215.0,1002995682.0,-842940412.0,160055270.0,78760844.0,99480417.0,-7477627.0,10475960.0,2998333.0,-106958044.0,-18252438.0,-20987074.0,-695202.0,43540793.0,CWENE,2021,0.47294449013042866,0.42626705482697,0.9013046218371507,4.2293242281250905,0.9791358525314631,1.405841525849184,0.7638353475944313,0.5990860380498606,-0.03470698652781055,0.06972484195134122,0.18621068767110924,0.0785256062548034,2.0261271657061983,0.8879249110805326,-0.09598596315988807,0.09310835771114251,-0.09619398243570232,0.6777775775331669,0,11.4,19.6,16.0,8.89,26.8,12.0,17.0,37,42,1.9,12.3,10.25,7.01,23.6,13.2,2.2,34.0,36.0,7.567111842086859,0.8366981034160947,27.55449390664401,2.104486247628731,15.666173640503409,7.189032456598327,10.122343986318072,14.42087394939441,-1.2841585015289902,0.6167277558094353,237.63442659590336
5045659092.0,747142186.0,1078427873.0,1606502925.0,2978512851.0,8024171943.0,4636977212.0,640284381.0,2746910350.0,780958055.0,8797946412.0,-6850615343.0,1947331069.0,1601392414.0,1614626355.0,1159391339.0,161361337.0,1320752676.0,-455235016.0,-117438199.0,-111346462.0,-9496104.0,1615903570.0,CWENE,2022,0.5778761029722366,0.34232944776268237,0.592392462678335,4.290141117779351,0.5644050040935691,3.041353384192578,0.9561131285765314,0.7416806272197829,0.05093134630004027,0.19957104924664498,0.34820666162031594,0.18201888702297314,1.7436664371458095,1.0964304447233353,0.12984620729530377,0.10493161284180791,0.20850553364280267,1.635511858343394,0,5.5,72.3,10.5,16.55,86.2,10.4,8.5,54,72,11.4,19.6,16.0,8.89,26.8,12.0,17.0,37.0,42.0,6.067699081208484,2.0755389121651078,219.88984967712338,15.690028061380286,5.926252542982476,7.713478523085742,6.030367445978344,6.220120858122518,2.750292700202175,2.114484535666187,125.4314837378113
7766221673.0,622725172.0,1751301075.0,3073235499.0,7108288113.0,14874509786.0,4621587387.0,1714318992.0,8538603407.0,2987890540.0,16608331172.0,-12728870982.0,3879460190.0,2264055361.0,2183877462.0,622268485.0,-75485572.0,546782913.0,-1561608977.0,-439371359.0,-395139726.0,-17579802.0,-2059108445.0,CWENE,2023,0.310705189851021,0.5740426763533812,1.8475477562142655,4.980755300994764,1.1219054840456633,2.2629745153053755,1.2257475424101434,1.0154489747831745,0.21141095278042396,0.15221041860021134,0.47253838976257356,0.13632046095136716,2.1385342668933114,1.1165632623155006,-0.047360630646433644,-0.26717091312121555,0.020132817592165342,-0.7783788688872026,0,4.5,53.9,25.0,23.75,43.5,9.4,1.6,60,70,5.5,72.3,10.5,16.55,86.2,10.4,8.5,54.0,72.0,7.767629746275525,1.4307779348419867,121.97432637495973,5.929940051384471,28.047637101141582,9.54522036296184,5.024534680419753,46.18869390535664,12.684657166825438,-3.4608005148143577,105.40311674522414
7955931586.0,410448221.0,2032098478.0,2616598840.0,7597675116.0,15553606702.0,5328560585.0,1407110705.0,8817935412.0,3423768819.0,10520965847.0,-7953156914.0,2567808933.0,1353170508.0,1249994684.0,570693894.0,-205459160.0,365234734.0,-773480043.0,-510356680.0,-394394645.0,-21369574.0,-1283689316.0,CWENE,2024,0.3425932445826095,0.5669383044683857,1.6548437934294407,6.266696273908313,1.1279759342294151,1.8248805327651885,1.18116387268061,1.0020215892881699,0.1689235848211433,0.08700043237084033,0.23458393013654738,0.12861656692725124,1.3224052687322845,0.6764325502487558,-0.065209986229371,0.031888054731588455,-0.4401307120667448,-0.43809398254018705,0,3.2,65.0,45.0,32.5,36.8,9.8,3.0,45,60,4.5,53.9,25.0,23.75,43.5,9.4,1.6,60.0,70.0,15.416696006217427,0.8526042372342353,118.61723462973725,4.733089662922845,50.75891704032368,9.819811575024065,2.164584160796019,74.46797070432483,7.601561316951448,-3.7139951090940215,75.09618685096964
72731751.0,303439.0,32192795.0,21694887.0,23414262.0,96146013.0,260103028.0,116631259.0,-280588274.0,-272927764.0,343551684.0,-237899635.0,105652049.0,19059123.0,19059123.0,-70179234.0,-20156.0,-70199390.0,-114661149.0,-39870569.0,-21026075.0,-1106352.0,35101118.0,DARDL,2018,1.0392412018551591,-0.2270753134688389,-0.28421434112225646,-1.23225020526797,0.06215060005939942,0.9058639159506973,0.19305848580753152,0.1962178771713492,-0.8449325949949936,0.19823102805105397,0.0732752830543749,0.05547672704756702,4.723544796824704,3.190762582643398,-0.01665005346707485,-0.06176794226597279,-0.26553407335097,1.1326621673075126,1,3.0,16.3,17.75,4.83,39.0,10.9,1.9,14,20,3.75,17.950000000000003,16.875,7.95,32.9,11.45,2.05,35.5,39.0,37.14014261674661,2.1607182057564884,14.765581829996366,2.1635923548551137,1.1031731510543397,2.138774861167706,10.719685817861215,-3.029218792226005,-27.283480574488305,6.4801942905318395,55.14413568804194
140383746.0,13789059.0,82899881.0,29961329.0,30943844.0,171327590.0,329971022.0,116346412.0,-274989844.0,-343127154.0,519098445.0,-358000086.0,161098359.0,59873905.0,59873905.0,4082806.0,1240300.0,5323106.0,-62006516.0,-73461556.0,-27237240.0,-1687507.0,-44757400.0,DARDL,2019,1.0392412018551591,-0.2270753134688389,-0.28421434112225646,-1.23225020526797,0.06933147047981998,1.3846439802544148,0.3145378945694512,0.3346427705400143,-0.8449325949949936,0.34947030422829156,0.18145200944342318,0.1153421004757585,3.69771045288961,3.029859026208213,0.1512392761772376,-0.49815439339372714,-0.5433695797455251,0.47878006430371756,1,0.9,15.2,19.75,5.67,17.4,13.7,-0.6,8,25,3.0,16.3,17.75,4.83,39.0,10.9,1.9,14.0,20.0,37.14014261674661,4.2411558962138445,21.046588499867106,2.006952548278198,1.3692965419764447,4.584605956398195,2.7268731235873918,-3.029218792226005,-8.852620923460139,-5.159464684000983,17.06317921150983
203593108.0,5629614.0,118218446.0,43401460.0,469432564.0,673025672.0,332725809.0,220925725.0,119374138.0,-334025267.0,943938945.0,-669490192.0,274448753.0,145792609.0,145792609.0,93794365.0,-1923544.0,91870821.0,-115174165.0,-143680436.0,-33384244.0,-1637288.0,47872654.0,DARDL,2020,0.4943731314308617,0.17736936786565846,0.35877631001567417,0.5403360699619748,0.8478845179177269,1.2422670696226072,0.36772788567763637,0.4814524261927634,-0.1918689083824428,0.21662265655744556,0.4381764355406526,0.1544513125263626,4.6363993077801045,1.4025303703422476,-0.132847647670846,-0.49815439339372714,-1.193588774332726,-0.14237691063180757,0,1.9,12.3,10.25,7.01,23.6,13.2,2.2,34,36,0.9,15.2,19.75,5.67,17.4,13.7,-0.6,8.0,25.0,5.0673245971663325,2.859419066558281,15.27988495635807,3.6450509756221576,8.6908163086567,6.355172025744476,2.66480770365027,3.6774571776606604,-6.523542885003056,0.7290876468973683,38.62185866174642
613114083.0,14509512.0,348859247.0,130223900.0,872902343.0,1486016426.0,495323827.0,118337650.0,872354949.0,-245090181.0,1160582124.0,-845017091.0,315565033.0,159119640.0,161543562.0,-21416311.0,-1186391.0,-22602702.0,-205077523.0,-173500836.0,-44487056.0,-1819011.0,-334033611.0,DARDL,2021,0.3333232515694951,0.5870426017753858,1.761181072761113,7.371744740579182,1.4224493075031333,2.666649481378074,0.999107987024579,0.9748979489331128,0.0792657832976067,0.10707798192265743,0.3261372726170106,0.13710330075702595,1.8929301351572445,0.78100221753538,-0.10954467463478813,-0.1610498798613666,-0.6215281528068676,1.4243824117554666,0,11.4,19.6,16.0,8.89,26.8,12.0,17.0,37,42,1.9,12.3,10.25,7.01,23.6,13.2,2.2,34.0,36.0,5.333172025111922,1.284935783071889,52.266329835010254,3.674368460288296,22.759188920050132,11.698775387197353,8.903425279903333,28.17889716417781,2.9328339820114477,-3.59655363325035,240.76075914199023
1769815420.0,25927833.0,274902651.0,608508554.0,4116819739.0,5886635159.0,2206795085.0,288950252.0,3390889822.0,-156433755.0,5373816680.0,-4119232349.0,1254584331.0,404452094.0,563429355.0,81756854.0,183354328.0,265111182.0,-481696266.0,-724841128.0,-223996258.0,-17035714.0,-267842419.0,DARDL,2022,0.3748822587766561,0.5760319317251575,1.5365675975302437,11.735202854226962,1.64953518212263,4.341869655126655,0.7091330168034689,0.526241368713217,-0.07423250349257801,0.06870683897941908,0.25531566516063725,0.07526347065490147,3.0363712618121497,0.9128842768154302,-0.038371142943238346,0.04155900720716099,0.13188205928005015,1.6752201737485812,0,5.5,72.3,10.5,16.55,86.2,10.4,8.5,54,72,11.4,19.6,16.0,8.89,26.8,12.0,17.0,37.0,42.0,3.936263717154889,0.7145511253859584,313.91717606565715,6.487711170452506,17.320119412287617,5.472910234617458,5.020863522484866,16.13395977406756,-4.008555188599213,-0.47775092621465454,123.72772715083843
3100624528.0,149382313.0,578269930.0,1209389275.0,6777480381.0,9878104909.0,4177998925.0,258644279.0,5441461705.0,156907559.0,9337793156.0,-6579788270.0,2758004886.0,1001896055.0,1008735510.0,-329085221.0,241056089.0,-88029132.0,-1337820731.0,-1507371719.0,-455030369.0,-27135945.0,97401421.0,DARDL,2023,0.42295551256935937,0.5508608943849393,1.3024085938461556,21.038399635354008,1.5276144754866792,10.663312935678736,0.6988672258351835,0.45266532781599506,-0.10906691181406646,0.1014259378929218,0.24143986824984642,0.10729473637528923,3.0115846248636786,0.9453020839546137,0.03271909891350272,0.048073253792703274,0.03241780713918352,6.321443280552081,0,4.5,53.9,25.0,23.75,43.5,9.4,1.6,60,70,5.5,72.3,10.5,16.55,86.2,10.4,8.5,54.0,72.0,10.573887814233984,0.9534038161934649,574.7525672330838,4.6673210323250816,38.19036188716698,4.2550540814703535,4.253859377795761,32.56021484615389,-6.544014708843988,0.24650836850106994,103.5611393376518
4657129825.0,1126648040.0,819774758.0,1400016874.0,6661931758.0,11319061583.0,5212082717.0,327858021.0,5779120845.0,68878427.0,10839173181.0,-7067410950.0,3771762231.0,1205445806.0,1215085139.0,-197706863.0,19310990.0,-178395873.0,-1486427705.0,-2063824486.0,-597368995.0,-42568509.0,-564266520.0,DARDL,2024,0.4604695078987804,0.5105653682174157,1.1087930024883372,17.626900898666744,1.2025276213342773,11.504254858538294,0.8406461450129685,0.62491582115081,-0.0490281714549092,0.10649697390201045,0.23312852173984405,0.11121197031089303,2.3274363370361915,0.9576035169981988,0.0050710360090886475,0.03751399532942101,0.012301433043585108,0.8409419228595585,0,3.2,65.0,45.0,32.5,36.8,9.8,3.0,45,60,4.5,53.9,25.0,23.75,43.5,9.4,1.6,60.0,70.0,20.72112785544512,1.0436703442397024,747.7765658049891,4.092600507440863,54.11374296004248,6.124175047277938,3.0643312543942365,49.895685111975176,-2.206267715470914,-2.2432949245665394,74.07921282322198
108693688.0,2027403.0,46421514.0,41277796.0,445295.0,109138983.0,23341437.0,1967384.0,83830162.0,25233352.0,0.0,0.0,0.0,-1173849.0,566085.0,-59587.0,210585.0,150998.0,-767282.0,-7824.0,-1315654.0,0.0,1229102.0,DENGE,2018,0.2138689252766814,0.7681046652230579,3.5914739096825956,42.609964297768,0.05030788020553897,0.0,4.294695829568671,2.8882494252603212,0.7037999406520007,-0.01075554277429908,0.024252362868661427,-0.04695944446139835,0.0010013699932637234,3.176650466975795e-05,-0.023021390858202862,0.07257613757001546,0.02066922301525911,0.12834096434925005,1,3.0,16.3,17.75,4.83,39.0,10.9,1.9,14,20,3.75,17.950000000000003,16.875,7.95,32.9,11.45,2.05,35.5,39.0,3.7961734236610947,-0.11723541623985997,0.0,-1.6277734350865887,1.078326732906258,31.4819187353375,0.00014482320883751968,63.748661896866075,10.948714026407961,0.19989704778539122,55.52439810411655
51441736.0,2027880.0,61484.0,41462033.0,1092381.0,52534117.0,20833615.0,1784630.0,29915872.0,5937667.0,210000.0,0.0,210000.0,-52295201.0,-54244380.0,-54606588.0,654657.0,-53951931.0,-362208.0,0.0,-387116.0,0.0,546351.0,DENGE,2019,0.3965730498525368,0.5694560736597134,1.4359424420581834,16.763066854193866,0.05030788020553897,0.11767145010450346,2.2743469265630467,0.47901926765950126,0.582633205769881,-0.14831760563498836,-1.511969643146186,-48.58576375831139,0.004082288358231145,0.003997402297634507,-0.37624144492989975,0.1827041245758554,0.003997402297634507,0.11767145010450346,1,0.9,15.2,19.75,5.67,17.4,13.7,-0.6,8,25,3.0,16.3,17.75,4.83,39.0,10.9,1.9,14.0,20.0,7.832317734587601,-1.9442450183487274,1.7886060415884524,-1812.5148027292769,1.078326732906258,6.5625639669351665,0.0035976620678710566,28.359863230649122,4.661065646159048,0.2053985650886642,16.252965664963387
81307630.0,8054250.0,16387213.0,44757438.0,74859762.0,156167392.0,110115368.0,11737474.0,34314550.0,-51749465.0,92845375.0,-81797084.0,11048291.0,7369385.0,5493950.0,3427709.0,-1898301.0,1529408.0,-2267445.0,-184839.0,-1839688.0,0.0,62652424.0,DENGE,2020,0.7051111412554036,0.2197292889414456,0.3116236236889296,2.9235038135121747,0.6143456383233146,0.941283533407614,0.6672608423856048,0.33192634837309903,-0.18446704930565785,0.04718901241560082,0.04989267256501381,0.07937266665140832,1.1419023651285862,0.5945247199876399,0.3814843924994046,0.30853809140286687,0.5905273176900054,0.8236120833031105,1,1.9,12.3,10.25,7.01,23.6,13.2,2.2,34,36,0.9,15.2,19.75,5.67,17.4,13.7,-0.6,8.0,25.0,7.227389197867887,0.6228949638859308,11.577787460913653,1.8731949329732365,6.297042792813975,4.381427798524907,1.1295969679765157,3.194142142811528,-6.271879676392367,4.112173084122452,35.846234129591195
251957774.0,116523126.0,54121408.0,44834155.0,875188244.0,1127146018.0,220888640.0,322493813.0,583763565.0,36846904.0,137239388.0,-111542357.0,25697031.0,-22922433.0,164694660.0,134148451.0,27381619.0,161530070.0,-44387245.0,-406812.0,-19797329.0,0.0,-81438185.0,DENGE,2021,0.19597162787474798,0.5179129905775881,2.6427957770938333,1.8101543082936602,1.6106303013063987,0.07968224494278903,0.46368404538819363,0.937683436323389,0.027564426883332164,-0.020336702285186976,0.7456004075175617,-0.167025176474847,0.5446920165281346,0.1217583044329222,-0.0675257147007878,-0.49815439339372714,-0.4727664155547177,-0.861601288464825,1,11.4,19.6,16.0,8.89,26.8,12.0,17.0,37,42,1.9,12.3,10.25,7.01,23.6,13.2,2.2,34.0,36.0,3.1355460459959676,-0.24404042742224372,1.561772000878665,-4.476274729525899,25.77008482090238,11.25220123588067,1.388044670535313,42.28473243350133,1.0198837946832902,-1.1560267606783134,237.6096827484179
555802155.0,246190521.0,129581673.0,42199549.0,2258480347.0,2814282502.0,337317439.0,884593835.0,1592371228.0,-32533572.0,794123465.0,-600669230.0,193454235.0,3225817.0,430901318.0,594164345.0,-270080500.0,324083845.0,140131076.0,-107795340.0,-116302295.0,0.0,151366995.0,DENGE,2022,0.11985912528691833,0.5658178334507514,4.7206904947478865,1.800115674557013,1.8483177911983157,0.21869272353678568,0.45486294040036823,1.5226091112354259,0.07763425165907527,0.0011462306991951016,1.2774356383038945,0.0040621101657032635,1.4287880279989198,0.28217617258951355,0.02148293298438208,-0.07611250258782964,0.16041786815659137,0.13901047859399665,0,5.5,72.3,10.5,16.55,86.2,10.4,8.5,54,72,11.4,19.6,16.0,8.89,26.8,12.0,17.0,37.0,42.0,1.2585208155126426,0.011920799271629057,15.811483911709605,0.3501538962836213,19.407336807582315,15.83513475684843,1.5519689492423245,49.56725019485281,4.192249589590064,0.5647455244349169,119.66885250217189
262259976.0,17969398.0,172739947.0,44584608.0,1761077497.0,2023337473.0,339886926.0,576055818.0,1107394729.0,-600093448.0,565684194.0,-532726846.0,32957348.0,335186264.0,601419466.0,645048006.0,-307546011.0,337501995.0,40163475.0,-2647551.0,-76949917.0,0.0,-935968288.0,DENGE,2023,0.16798331001899058,0.5473109373880508,3.2581268777605175,1.922374003347016,1.9226938676420149,0.05721207384802422,0.2863279148374366,0.6404346603199441,-0.0383657946515974,0.16566008808358584,1.7694692557842016,0.5925324899567549,2.1569596803440567,0.27957975451384326,0.16451385738439075,0.04812418473207225,-0.0025964180756702926,-0.16148064968876147,0,4.5,53.9,25.0,23.75,43.5,9.4,1.6,60,70,5.5,72.3,10.5,16.55,86.2,10.4,8.5,54.0,72.0,4.1995827504747645,1.557204827985707,3.0837307804085055,25.77516331311884,48.067346691050375,6.020085807007475,1.2581088953122948,81.45317194401294,-2.301947679095844,-5.843986146011419,96.42606389690117
409086090.0,12627108.0,98009568.0,64115507.0,1279297607.0,1688383697.0,447440928.0,97591688.0,1143351081.0,-253237018.0,535083909.0,-494747020.0,40336889.0,-52428056.0,-590615758.0,-741164678.0,398622441.0,-342542237.0,-155895821.0,-2269886.0,-98631876.0,0.0,-489763769.0,DENGE,2024,0.26501140042694926,0.67718675738907,2.5553117952589264,11.715660466903698,2.347194588809709,0.4133229973437902,0.7505717602779207,0.7709857579233342,-0.02271689667944004,-0.031052216444139236,-1.3199859937712268,-0.09798099908849997,1.307998296886604,0.316920798246727,-0.1967123045277251,0.09702809040795868,0.037341043732883716,0.35611092349576595,0,3.2,65.0,45.0,32.5,36.8,9.8,3.0,45,60,4.5,53.9,25.0,23.75,43.5,9.4,1.6,60.0,70.0,11.925513019212717,-0.30431172115256455,26.865994827346363,-3.6057007664567986,105.62375649643691,7.555660427648676,1.0141465543895263,114.98903078665168,-1.0222603505748018,-5.843986146011419,67.99052005100405
327853194.0,75484975.0,205718618.0,39432197.0,20254751.0,348107945.0,165843966.0,4213277.0,178050702.0,36678534.0,745783120.0,-715880494.0,29902626.0,15851672.0,15851672.0,23055475.0,-5180060.0,17875415.0,-1735448.0,-6233317.0,-7114509.0,0.0,28618336.0,DGATE,2018,0.476415342947717,0.5114812935395657,1.0736037390712183,42.259434164903,0.11910548849718797,7.097237138692757,1.9278990310339208,1.739110586634186,0.4653993978792986,0.04553665674019592,0.09558184347810399,0.02125506943627257,2.2747471540570077,2.142390401345192,0.031334703600138694,0.057148521576790595,0.0458645185103459,6.167042354756466,0,3.0,16.3,17.75,4.83,39.0,10.9,1.9,14,20,3.75,17.950000000000003,16.875,7.95,32.9,11.45,2.05,35.5,39.0,8.456372337321977,0.49634955846813555,115.68496536069193,0.8289477080146302,2.1141224208250864,18.95630539431263,6.4271712040355755,19.056466368514126,6.515591570310181,1.459246970074182,59.004069529267156
412499422.0,23951777.0,276085099.0,98187438.0,13060582.0,425560004.0,220786327.0,2735736.0,202037941.0,54553949.0,1030800835.0,-970172236.0,60628599.0,40935221.0,40941288.0,46265581.0,-10256465.0,36009116.0,-5956758.0,-12721343.0,-12802318.0,0.0,-84571883.0,DGATE,2019,0.5188136218741083,0.47475782287096696,0.915083573087386,73.85140269382718,0.05843084044907012,22.161714068901386,1.8454528222567452,1.4236025766215132,0.45049603627694296,0.09619141981209306,0.18543398296580205,0.03971205650022586,2.498914616660966,2.4222220728243062,0.05065476307189714,0.04239827892639131,0.27983167147911425,15.06447693020863,0,0.9,15.2,19.75,5.67,17.4,13.7,-0.6,8,25,3.0,16.3,17.75,4.83,39.0,10.9,1.9,14.0,20.0,10.246569032013639,1.317822451425675,336.85805384730105,0.69098978310393,1.154009098869135,19.50335529971473,2.1799998655418755,18.072900568475873,3.6039682902155437,-3.924933437236268,17.88202486441064
499343397.0,20706560.0,310992734.0,144821513.0,11814721.0,511158118.0,321162737.0,2780498.0,187214883.0,78099094.0,1699475494.0,-1622436726.0,77038768.0,55310408.0,55350172.0,49836444.0,-11783711.0,38052733.0,-14703162.0,-15469081.0,-15946515.0,0.0,-12175992.0,DGATE,2020,0.6283040916118249,0.36625630388599245,0.5829284080363283,67.33142156548935,0.05030788020553897,27.706823741646282,1.5414533876591063,1.1038699175116322,0.34858227567071526,0.1082060639404733,0.17234306980015554,0.03254557549977829,3.403420380063622,3.190762582643398,0.012014644128380242,0.10949046973771659,0.9025328985914074,5.545109672744896,0,1.9,12.3,10.25,7.01,23.6,13.2,2.2,34,36,0.9,15.2,19.75,5.67,17.4,13.7,-0.6,8.0,25.0,6.440116939021205,1.4283200440142476,340.7939320222493,0.7680755817947676,1.078326732906258,14.571082911153544,6.317034445689855,5.975016182372365,11.851797372804318,-0.24415912338107482,38.099160104864886
592107859.0,23209165.0,384714439.0,140174784.0,11329827.0,603437686.0,361097609.0,2690765.0,239649312.0,103248744.0,1892774228.0,-1799954140.0,92820088.0,68503614.0,68503614.0,69553012.0,-17028436.0,52524576.0,-29346504.0,-19032836.0,-19132843.0,0.0,38850367.0,DGATE,2021,0.5984008247704967,0.3971401149778372,0.6636690635079779,89.06363506289104,0.05030788020553897,34.49579877841432,1.6276162222820239,1.2515537730962931,0.3828237038546512,0.11352226682110139,0.18970940901466893,0.036192173893018584,3.196671348353105,3.136652336957291,0.00531620288062809,-0.029903266841328158,-0.18810263445842246,6.788975036768036,0,11.4,19.6,16.0,8.89,26.8,12.0,17.0,37,42,1.9,12.3,10.25,7.01,23.6,13.2,2.2,34.0,36.0,9.574413196327948,1.3622672018532167,676.1176560569207,0.9699502603328981,1.078326732906258,15.018645277155517,21.286468651000995,10.618705016127647,14.164477042622094,1.0301078080164852,230.48694806256094
1193837774.0,28307487.0,738021234.0,335751218.0,42844087.0,1236681861.0,725481246.0,8733853.0,502466762.0,87784019.0,4393335717.0,-4105723661.0,287612056.0,278684991.0,279110656.0,-140549222.0,-29606275.0,-170155497.0,-431252543.0,-53586898.0,-56398145.0,0.0,275527990.0,DGATE,2022,0.5866353092729643,0.40630236267369335,0.6925978648936709,57.5309387506293,0.05835359019223875,32.93071866448863,1.6260054793561254,1.1827825470763444,0.37872030210039603,0.22534897598857884,0.38472483959978204,0.06343357506726136,3.6800106452319374,3.190762582643398,0.11182670916747744,-0.011765515497532464,0.41586658933106024,-1.5650801139256885,0,5.5,72.3,10.5,16.55,86.2,10.4,8.5,54,72,11.4,19.6,16.0,8.89,26.8,12.0,17.0,37.0,42.0,6.159670747366125,2.34362935028122,2380.8909594425277,5.467974170797929,1.078326732906258,12.300938489593984,19.538854094585933,7.272277581383545,20.450896313421385,2.3393598517412073,115.14633741239793
2331560347.0,20384590.0,1711389893.0,519074747.0,83467731.0,2415028078.0,1940797402.0,5535804.0,468694872.0,-57126257.0,7436972828.0,-7188614400.0,248358428.0,78870743.0,79088799.0,-258517399.0,1897765.0,-256619634.0,-427936643.0,-99064882.0,-121829034.0,0.0,251348157.0,DGATE,2023,0.8036334731177399,0.19407429514780158,0.24149603225818828,84.66608861151876,0.05030788020553897,44.86402119728228,1.1979245587612917,0.9338870704032404,0.1618047212617128,0.032658313051712684,0.04075067233627717,0.010605221347999794,3.1896977650907012,3.079456050945342,-0.19269066293686615,0.21699816384477566,-0.4730628753430093,11.933302532793647,0,4.5,53.9,25.0,23.75,43.5,9.4,1.6,60,70,5.5,72.3,10.5,16.55,86.2,10.4,8.5,54.0,72.0,20.090836827943498,0.30698814268609925,2418.170742533515,0.461327128637991,1.078326732906258,8.77853846179046,13.85755222925404,6.037400806454707,9.708283275702769,2.601917543834039,97.22239537717977
3328373526.0,12726203.0,2626033675.0,551217292.0,81928555.0,3410302081.0,2985829411.0,13245655.0,411227015.0,-255387998.0,8781211241.0,-8335838705.0,445372536.0,440469883.0,440276623.0,-50094413.0,-6818821.0,-56913234.0,-552796060.0,-95249756.0,-124070514.0,0.0,254638646.0,DGATE,2024,0.8755322373449298,0.1205837504223134,0.1377262255790674,31.04618193664262,0.05030788020553897,33.624047734898724,1.1098000059195583,0.9301121570337428,0.10044392164214265,0.12915861191711245,0.14745538421518348,0.05016049277386926,2.6382889938297147,2.574907158495793,0.09650029886539976,0.07189876422718988,-0.5045488924495491,-11.239973462383553,0,3.2,65.0,45.0,32.5,36.8,9.8,3.0,45,60,4.5,53.9,25.0,23.75,43.5,9.4,1.6,60.0,70.0,37.14014261674661,1.265754396787702,2185.563102768417,1.8459061340783887,1.2293073343833403,9.115099138930681,8.239702907186539,6.197680151058034,4.51997647389642,3.3600363832402684,70.2402134755897
36453984.0,51491.0,23781726.0,8925205.0,31918247.0,68372231.0,41464134.0,8643342.0,18264755.0,-32416100.0,20709875.0,-18056051.0,2653824.0,2173865.0,2505300.0,2505300.0,0.0,2505300.0,0.0,0.0,-513299.0,0.0,1052781.0,DIRIT,2021,0.60644699454081,0.267137034039448,0.4404952723720216,2.1131588915491255,0.6369957049922051,0.3070367920186428,0.7275158700869307,0.6639178572980687,-0.07327755620553028,0.03179455998737265,0.06042089290952031,0.10496755774720996,0.5681100589718808,0.3028989210546603,0.10234918687811612,0.09380948364056008,0.23216936163358415,0.3228514868184141,1,11.4,19.6,16.0,8.89,26.8,12.0,17.0,37,42,1.9,12.3,10.25,7.01,23.6,13.2,2.2,34.0,36.0,9.70315191265296,0.38153471984847176,6.0179211235654,2.813130547625227,10.191931279875282,7.967014287576825,3.4530477000231277,7.047924357952345,-2.7112695796046204,0.2463645803805934,205.6614414551662
15520049.0,103998.0,14060137.0,1171557.0,145830866.0,161350915.0,32909276.0,0.0,128441639.0,-56199310.0,199077938.0,-159057712.0,40020226.0,899648.0,23032328.0,13078853.0,26558820.0,39637673.0,-14875500.0,0.0,-17054571.0,0.0,30533482.0,DIRIT,2022,0.20396088860109657,0.7960391113989035,3.9029007809226797,935.7892879318963,4.431299734457847,6.0335332272671645,0.4716010464648326,0.43600144834544524,-0.10777272009892228,0.005575722951431667,0.6998734338610184,0.004519074333590898,9.061101272935645,1.233819702850771,-0.02621883703594098,-0.4024861059397134,0.9309207817961106,-209.636154276882,1,5.5,72.3,10.5,16.55,86.2,10.4,8.5,54,72,11.4,19.6,16.0,8.89,26.8,12.0,17.0,37.0,42.0,2.141589330311514,0.057987518694889335,392.1796597723657,0.38954420755553537,46.52864721180739,4.534415062792631,6.7860083656792405,40.98045819968814,-5.819726885341803,1.986983222251947,103.94500681041363
42265853.0,159582.0,40398355.0,498778.0,218995205.0,261261058.0,24718295.0,1792.0,236540971.0,4644753.0,28009558.0,-5172713.0,22836845.0,19026098.0,71628501.0,75669796.0,0.0,75669796.0,-415.0,0.0,-3771690.0,0.0,49523832.0,DIRIT,2023,0.09461147860773035,0.9053816623524505,9.569469536632685,935.7892879318963,8.858998149966059,150.4045567211987,1.7097776799895568,1.6897231382666158,0.06716484321976526,0.0728240869330017,2.897792950525107,0.6792716257786003,0.6626994609572886,0.1072090812707342,0.06724836398157004,-0.10934940999336622,-1.1266106215800367,-209.636154276882,1,4.5,53.9,25.0,23.75,43.5,9.4,1.6,60,70,5.5,72.3,10.5,16.55,86.2,10.4,8.5,54.0,72.0,2.365286965193259,0.684546417170216,6685.307181121164,29.548315721369114,221.47495374915147,15.88339749970619,0.4824408657183039,239.23673841581711,4.0298905931859155,4.738922093777941,87.21463809429112
38236229.0,39351.0,34299816.0,0.0,111788240.0,150024469.0,21731286.0,24513.0,128268670.0,-55723964.0,147900.0,0.0,147900.0,-8304638.0,-8304638.0,-48366263.0,0.0,-48366263.0,-40061625.0,0.0,-7800332.0,0.0,-120231.0,DIRIT,2024,0.14485161083956244,0.8549849958142495,5.902488697631608,935.7892879318963,5.13831921319001,6.0335332272671645,1.7575189493155365,1.7595014395374484,0.11001500695196595,-0.0553552234202542,-0.38215124498384495,-48.58576375831139,0.0038680592691292858,0.0009858391833401524,-0.12817931035325592,0.05024013223183209,-0.10622324208739405,-209.636154276882,1,3.2,65.0,45.0,32.5,36.8,9.8,3.0,45,60,4.5,53.9,25.0,23.75,43.5,9.4,1.6,60.0,70.0,6.51832248778031,-0.5424811895184912,392.1796597723657,-1812.5148027292769,231.22436459355043,17.243114107466997,0.0031546853866884876,265.6119913934224,4.9506753128384675,-0.03606341709498068,60.24418868935517
2817143000.0,365892000.0,643538000.0,1365896000.0,1981519000.0,4798662000.0,3363145000.0,127645000.0,1307872000.0,217534000.0,10688489000.0,-9387395000.0,1301094000.0,526668000.0,642539000.0,148798000.0,-14442000.0,134356000.0,-508158000.0,-401687000.0,-390634000.0,0.0,1131595000.0,DOAS,2018,0.7008505704298407,0.27254930645250697,0.3888836193503402,10.246167104077715,0.5676419950784779,10.193066708449214,0.8070216197479654,0.43151484696615816,-0.11378213343636205,0.10975309367486187,0.19105301733942484,0.04927431744561837,3.7940881950259535,2.227389426469295,0.024900434630091332,-0.03659664295526921,0.14879859529946382,-0.9685600009994821,0,3.0,16.3,17.75,4.83,39.0,10.9,1.9,14,20,3.75,17.950000000000003,16.875,7.95,32.9,11.45,2.05,35.5,39.0,12.440097625129672,1.1963087210559944,166.1469873477222,1.9216983803791163,10.075645412642983,4.703511831931124,6.682168279407885,6.9026842434685385,-1.5929498681090688,4.185710777295838,66.87480889800676
2514625000.0,648342000.0,745346000.0,935907000.0,2150319000.0,4664944000.0,3093170000.0,319233000.0,1252541000.0,292547000.0,9844133000.0,-8574429000.0,1269704000.0,486103000.0,672058000.0,57234000.0,19525000.0,76759000.0,-688209000.0,-361554000.0,-438833000.0,0.0,1308990000.0,DOAS,2019,0.6630669092705078,0.26850075799409384,0.4049376529579687,3.923594991745841,0.6301480217899234,3.9773582305087505,0.7369073934116223,0.5103883717998041,-0.12401970956135808,0.10420339451020205,0.21727160162551687,0.04937997079072377,3.914751901376945,2.1102360499933117,-0.005549699164659819,-0.03778366115933285,-0.11715337647598334,-6.215708477940463,0,0.9,15.2,19.75,5.67,17.4,13.7,-0.6,8,25,3.0,16.3,17.75,4.83,39.0,10.9,1.9,14.0,20.0,13.095571458092529,1.427586504789768,60.455845103733004,0.8592114917585936,12.445423430350987,6.992320693657316,1.8992124449939807,7.9975186459198815,-0.9921576764908646,5.541878423406583,20.03700750019778
4601874000.0,655599000.0,1047149000.0,2751843000.0,2515260000.0,7117134000.0,4467121000.0,354279000.0,2295734000.0,359566000.0,18900148000.0,-16425050000.0,2475098000.0,1444467000.0,1706300000.0,1287663000.0,-245793000.0,1041870000.0,-468388000.0,-365070000.0,-612962000.0,0.0,673307000.0,DOAS,2020,0.6276572845193022,0.3225643917902909,0.5139180246069001,6.480017161615563,0.5216866470319824,6.986296111256947,0.9544684116646617,0.41414391954012436,0.018933604453702853,0.2029562742530912,0.3819686102077826,0.07642622692690025,4.107054647736987,2.655584115740971,0.09875287974288915,-0.03540962475120557,0.5453480657476595,3.0089378807481966,0,1.9,12.3,10.25,7.01,23.6,13.2,2.2,34,36,0.9,15.2,19.75,5.67,17.4,13.7,-0.6,8.0,25.0,6.433487166322848,2.679022820140804,85.93144216846045,1.8036589554748461,5.34728813207782,5.466699737929641,5.045609819907845,5.267659752220726,0.643742551425897,0.9696876228549302,43.102964811164036
19350280000.0,9262471000.0,2860283000.0,5724189000.0,19414197000.0,38764477000.0,14707272000.0,5802979000.0,18254226000.0,11881453000.0,24306203000.0,-20784706000.0,3521497000.0,3092743000.0,3565094000.0,2968589000.0,-632533000.0,2336056000.0,-651276000.0,-566894000.0,-758847000.0,0.0,3268796000.0,DOAS,2021,0.3794007591022059,0.4709008714344321,1.2411700823918943,3.14566466637222,0.9465606734895639,0.606842968068642,0.9434443293746136,0.9264866387185876,0.11977481342002885,0.07978291568334586,0.24240348584020205,0.127240894021991,1.2561163456032678,0.6270225959710485,-0.12317335856974534,-0.24825652541709636,-1.193588774332726,-6.3794531431883055,0,11.4,19.6,16.0,8.89,26.8,12.0,17.0,37,42,1.9,12.3,10.25,7.01,23.6,13.2,2.2,34.0,36.0,6.070412145635294,0.9573949882001503,11.894122174145384,3.4100559597893594,15.144970775833022,11.117839664623052,7.148057594069953,19.85872131827031,4.431668096541068,1.3491923546395326,277.9407794019112
22102597000.0,5574548000.0,5525660000.0,7138612000.0,27488570000.0,49591167000.0,14362957000.0,3607184000.0,31621026000.0,9120871000.0,88487132000.0,-70014682000.0,18472450000.0,16714635000.0,19010076000.0,17694587000.0,-1829833000.0,15864754000.0,-1484716000.0,-2235036000.0,-3585511000.0,0.0,1995524000.0,DOAS,2022,0.28962732415633613,0.6376342383715229,2.201567964034147,8.76612504380148,1.5296802623863663,5.121016837510923,1.2299623581139403,1.0418457007146926,0.1560689225159795,0.3370486320678842,1.3235489043098856,0.18889339751682765,4.0034721711661305,1.7843325203458107,0.2572657163845383,-0.08977343494586976,1.0629385649726146,4.514173869442281,0,5.5,72.3,10.5,16.55,86.2,10.4,8.5,54,72,11.4,19.6,16.0,8.89,26.8,12.0,17.0,37.0,42.0,3.0410869036415296,3.505305773505996,370.24951735203973,16.282610865950545,16.061642755056848,10.835195287432803,9.813828861901959,23.116463622358545,8.427721815862894,0.4225147998634515,135.448932135775
47954628000.0,11035747000.0,18595032000.0,15375759000.0,50030722000.0,97985350000.0,26635338000.0,10933859000.0,60416153000.0,28036655000.0,215477926000.0,-169089101000.0,46388825000.0,38449373000.0,45022399000.0,37365566000.0,-8833212000.0,28532354000.0,-8677910000.0,-5462699000.0,-7053869000.0,0.0,14445986000.0,DOAS,2023,0.27182979904649013,0.6165835300889367,2.2682705584588416,5.5256019855386835,1.3316952715278956,4.2426763505913145,1.2764347345512868,1.2231445683174735,0.21757630094702932,0.3773903655705024,1.6903257995074064,0.17843764191418846,4.493370817098195,2.1990830874207217,0.05535056842484248,-0.017797525109846002,0.414750567074911,-0.8783404869196083,0,4.5,53.9,25.0,23.75,43.5,9.4,1.6,60,70,5.5,72.3,10.5,16.55,86.2,10.4,8.5,54.0,72.0,6.795744976162253,3.688552484631631,228.68025529687185,7.762037423267198,33.29238178819739,11.497558942184252,9.895873893393247,56.70676396147104,13.054578056821759,3.685751492442493,113.88637716590858
42602992000.0,9413570000.0,15853414000.0,15410234000.0,49606302000.0,92209294000.0,26975340000.0,9495438000.0,55738516000.0,40445734000.0,188374522000.0,-158142027000.0,30232495000.0,16243661000.0,15950759000.0,12698395000.0,-5055405000.0,7642990000.0,-5477452000.0,-5823752000.0,-9872598000.0,0.0,13646281000.0,DOAS,2024,0.2925446972839853,0.6044782861042185,2.0662766808499913,5.87003106123172,1.3601657195248207,3.1838968355119586,1.1681404767400356,1.0080598798754714,0.16948022614726885,0.1761607783267487,0.5913089139932991,0.0862306687100711,4.421626584348817,2.04290168407536,-0.216238422165978,0.020714898237495172,-0.15618140334536168,-1.058779515079356,0,3.2,65.0,45.0,32.5,36.8,9.8,3.0,45,60,4.5,53.9,25.0,23.75,43.5,9.4,1.6,60.0,70.0,13.164511377779338,1.7263756276021374,206.9532943082773,3.173288608530616,61.20745737861693,9.87898682277962,6.537285389041152,92.9824506382496,7.626610176627098,6.659661064100546,80.79144564810161
7017592000.0,3817966000.0,1826134000.0,645246000.0,3932218000.0,10949810000.0,2987910000.0,960009000.0,7001891000.0,-416991000.0,12146438000.0,-11131912000.0,1014526000.0,1457073000.0,4279459000.0,3636689000.0,1768000.0,3567124000.0,-642964000.0,-363295000.0,-278656000.0,0.0,-1253381000.0,DOHOL,2018,0.2728732279372884,0.6394531959915286,2.3434075992918126,7.293568081132573,0.9960229680497498,1.0567880092790796,1.7775420417693473,2.1327101552590273,0.36801387421334253,0.13306833634556217,1.4322583344210502,0.11995887189314267,1.7308555413309865,1.1092829921249776,-0.019148960316443402,0.020995023584493344,-0.027750117733174373,-0.07289089593761372,0,3.0,16.3,17.75,4.83,39.0,10.9,1.9,14,20,3.75,17.950000000000003,16.875,7.95,32.9,11.45,2.05,35.5,39.0,4.843499795886869,1.4504448661666278,17.225644551248998,4.678396003832564,17.67940768288306,23.2465406923234,3.327848976374933,41.59548488742968,5.152194238986795,-2.031771578684927,69.34976382438062
6988247000.0,3278832000.0,1708381000.0,621783000.0,4252344000.0,11240591000.0,2831079000.0,778172000.0,7631340000.0,2513028000.0,13253580000.0,-12177709000.0,1075871000.0,1004862000.0,1209005000.0,724029000.0,-131096000.0,592933000.0,-484976000.0,-417647000.0,-295431000.0,0.0,898384000.0,DOHOL,2019,0.2518621129440614,0.6789091427666036,2.6955588311029115,9.806752234724456,1.1781790737191733,1.3825619528844524,1.9362042152236019,2.2487765265469455,0.36983535830100034,0.08939583336854796,0.4270474260873681,0.07581815630191993,1.8965528837203378,1.1790821318914637,-0.04367250297701421,-0.021011114993226998,0.0697991397664861,0.3257739436053728,0,0.9,15.2,19.75,5.67,17.4,13.7,-0.6,8,25,3.0,16.3,17.75,4.83,39.0,10.9,1.9,14.0,20.0,4.9742767306452125,1.224722917149107,21.014941683843674,1.3192359196534067,23.269036705953674,30.80823841369315,1.0611739187023175,53.2372869142825,2.9586828664080027,1.5784831954120562,20.82851753409076
8177654000.0,2905947000.0,1045465000.0,778944000.0,5515549000.0,13693203000.0,2887079000.0,1427887000.0,9378237000.0,2662487000.0,10624605000.0,-9421762000.0,1288864000.0,1226611000.0,2058364000.0,1731970000.0,-287889000.0,1444081000.0,-326394000.0,-432513000.0,-290534000.0,0.0,712465000.0,DOHOL,2020,0.21084029792007028,0.6848826384885991,3.2483478976501856,6.567912586920394,1.278236954821892,0.9026372535081557,1.8951838786215234,2.562697453031247,0.3863650454900873,0.08957809213812137,0.7129572831224916,0.1154500332012343,1.2992240806470903,0.7759035632495918,0.00018225876957340958,-0.04102181502399113,-0.40317856864187196,-0.47992469937629667,0,1.9,12.3,10.25,7.01,23.6,13.2,2.2,34,36,0.9,15.2,19.75,5.67,17.4,13.7,-0.6,8.0,25.0,2.16111305368072,1.182430816223202,11.102438218150317,2.72462078354913,13.101928786924391,33.82760638001246,1.4742167701742244,33.2955659509144,13.13641154666297,0.5333132248167212,44.34631428903149
15513672000.0,4646127000.0,1830611000.0,2042478000.0,6781066000.0,22294738000.0,5932448000.0,2042610000.0,14319680000.0,4281683000.0,16487522000.0,-14306517000.0,2341408000.0,2211733000.0,4573086000.0,3846176000.0,-783687000.0,3062489000.0,-726910000.0,-688772000.0,-439394000.0,-7602000.0,1067469000.0,DOHOL,2021,0.2660918464258248,0.6422896739131897,2.413789383404625,7.010481687644729,0.8502842236382482,1.1462824523526274,1.9452738776319871,2.270764783778973,0.42975270667006715,0.09920426066455681,0.7708598541445285,0.1341458710411425,1.0627736618384094,0.7395252637640326,0.009626168526435441,0.055251548505754505,-0.03637829948555915,0.24364519884447167,0,11.4,19.6,16.0,8.89,26.8,12.0,17.0,37,42,1.9,12.3,10.25,7.01,23.6,13.2,2.2,34.0,36.0,4.257469542813197,1.1904511279746819,22.467136066111497,3.595109343902619,13.604547578211971,27.249177405347677,8.430588006909971,38.620630134474,15.900850146792484,0.7660778072386408,271.6348283672503
50649588000.0,11615772000.0,8399129000.0,7725141000.0,33155978000.0,83805566000.0,24909607000.0,8186092000.0,50709867000.0,-9225311000.0,25944510000.0,-21762546000.0,4912615000.0,5089016000.0,8692084000.0,-288478000.0,-539659000.0,1293654000.0,-9856036000.0,-1876907000.0,-1556281000.0,-119933000.0,-3234680000.0,DOHOL,2022,0.2972309380978347,0.6050894877316383,2.0357554015203854,6.1946368303703405,1.0018213544908057,0.6001172476439307,1.53039789248748,1.7232085195081561,0.30713927759881726,0.0607240812620966,0.3489450475874629,0.19615001401067123,0.5122353611247539,0.3095797956904199,-0.038480179402460214,0.0311390916720099,-0.4299454680736127,-0.5461652047086967,0,5.5,72.3,10.5,16.55,86.2,10.4,8.5,54,72,11.4,19.6,16.0,8.89,26.8,12.0,17.0,37.0,42.0,3.120924850027264,0.6315304451258047,43.38847700465619,16.908131207719862,10.51912422215346,17.921368602884826,1.7026888762973094,21.375431715964048,16.585520990336132,-0.4052730817425659,138.33470894252056
83683505000.0,17503122000.0,7812858000.0,11681057000.0,51191854000.0,134875359000.0,41552656000.0,13486162000.0,79836541000.0,-4405057000.0,60805935000.0,-49593522000.0,13649782000.0,15461829000.0,27762617000.0,2581049000.0,-2135278000.0,-615131000.0,-25181568000.0,-4068603000.0,-3099733000.0,-344781000.0,3690215000.0,DOHOL,2023,0.3080818935948115,0.5919282928470277,1.921334246359607,5.919885954209953,0.9301045309512279,1.0121324361964508,1.5204451701706239,1.7328001367710406,0.31236876262920643,0.11463790802588336,0.6681309854176349,0.2542815762967875,0.7266179278700146,0.45083057017108663,0.05391382676378676,0.010850955496976789,0.14125077448066675,0.41201518855252006,0,4.5,53.9,25.0,23.75,43.5,9.4,1.6,60,70,5.5,72.3,10.5,16.55,86.2,10.4,8.5,54.0,72.0,7.702047339870287,1.0775963354433036,54.5539383109887,11.061248568910257,23.252613273780696,16.288321285647783,2.02873756576989,48.03335615899017,18.742125757752387,0.6840046668569016,115.32427615010243
83218414000.0,25838251000.0,7445560000.0,7411583000.0,56449147000.0,139667561000.0,48835503000.0,16793020000.0,74039038000.0,-8917279000.0,60295692000.0,-53583237000.0,10457105000.0,6917488000.0,9648711000.0,4340789000.0,-885054000.0,3455735000.0,-5307922000.0,-5289292000.0,-4240730000.0,-193572000.0,28323168000.0,DOHOL,2024,0.34965530041725296,0.5301090494449173,1.5160904147951542,4.408917395441677,0.860131302970204,0.6227054454767517,1.2680220458412572,1.5522893457245643,0.24617678402789606,0.04952823655308193,0.19757574730007388,0.11472607363060035,0.724547478157899,0.43170863419029704,-0.06510967147280143,0.04157340682244148,-0.019121935980789595,-0.3894269907196991,0,3.2,65.0,45.0,32.5,36.8,9.8,3.0,45,60,4.5,53.9,25.0,23.75,43.5,9.4,1.6,60.0,70.0,15.734488518776383,0.48537671822020295,40.47585395598886,4.221919509606092,38.70590863365918,15.212435588100732,1.3814676294089505,68.22406866578194,11.077955281255322,9.125544620915948,82.12009878886794
356459185.0,20348367.0,3689129.0,284797009.0,240014242.0,596473427.0,419328354.0,101333816.0,75811257.0,25361407.0,1398274171.0,-968914720.0,429359451.0,93170653.0,92448802.0,45801645.0,-12250738.0,33550907.0,-46649047.0,-258818757.0,-51158820.0,0.0,150769230.0,EBEBK,2019,0.7030126322794259,0.12709913563341355,0.18079210784777983,0.7481338411256515,0.46097883777498183,4.237079663515287,0.6846266265129268,0.1708975205621321,-0.10540145822791197,0.15620252098841614,0.2204687594295138,0.06663260677508431,3.92267678836779,2.3442354809210975,0.020368095129503036,-0.002296977113543819,-0.09417400519681696,0.3817804197761121,0,0.9,15.2,19.75,5.67,17.4,13.7,-0.6,8,25,3.0,16.3,17.75,4.83,39.0,10.9,1.9,14.0,20.0,13.884499487518662,2.139974537541301,64.40361088543236,1.159407357886467,9.104332046055891,2.3412960317012095,2.109811932828988,3.5706441299936515,-0.8432116658232958,4.992162530150735,18.185890725280913
551022365.0,10415647.0,1488791.0,478520555.0,288315693.0,839338058.0,616220966.0,137629562.0,85487530.0,58912314.0,1522090686.0,-1025331987.0,496758699.0,53471647.0,57694486.0,16740163.0,-5178855.0,11561308.0,-41714014.0,-310493919.0,-69235755.0,0.0,32335212.0,EBEBK,2020,0.7341749371741225,0.10185113040590851,0.13872869427814957,0.6211422078056167,0.3824573735657051,3.609389521998188,0.7309437939400103,0.12392337571460607,-0.07767859491008568,0.06370692534473398,0.09362629508454602,0.035130394983574585,2.762302916688327,1.8134417610311673,-0.09249559564368216,0.031162304894696624,-0.5307937198899302,-0.6276901415170988,0,1.9,12.3,10.25,7.01,23.6,13.2,2.2,34,36,0.9,15.2,19.75,5.67,17.4,13.7,-0.6,8.0,25.0,7.525293106034756,0.8409314145504885,44.39549112057772,0.8290773216123603,3.920188079048477,1.5530531169885575,3.445539345959218,1.421969116351033,-2.641072226942913,0.39487774900825484,39.04143581461508
649177929.0,24062240.0,11429282.0,514977814.0,353828993.0,1003006922.0,734078660.0,189080687.0,79847575.0,70473622.0,2062506972.0,-1393191051.0,669315921.0,94596439.0,98360551.0,-2342894.0,-214925.0,-2557819.0,-103541577.0,-408208521.0,-96147624.0,0.0,197664663.0,EBEBK,2021,0.7318779600605787,0.07960819935398213,0.10877250538791033,0.4222936581566366,0.3832805183090455,3.539842866130479,0.7032132980179856,0.18281435261992224,-0.08464620645958014,0.09431284762359796,0.1339918408743826,0.045864785081560444,3.1771058131583523,2.0563237668264067,0.03060592227886398,-0.002296977113543819,0.24288200579523944,-0.06954665586770892,0,11.4,19.6,16.0,8.89,26.8,12.0,17.0,37,42,1.9,12.3,10.25,7.01,23.6,13.2,2.2,34.0,36.0,11.71004736096926,1.1317541714831756,69.38092017615739,1.22917624018582,6.132488292944728,2.193772231439067,21.286468651000995,1.7403600862065653,-3.131909639004465,3.1531533219069847,236.279458018063
2997300999.0,88492522.0,58666753.0,2461998959.0,1437612709.0,4434913708.0,2891832841.0,536811979.0,1006268888.0,674824389.0,8701964875.0,-6596790518.0,2105174357.0,-385143213.0,-373884564.0,276939441.0,-12448991.0,264490450.0,650824005.0,-1838238530.0,-299488790.0,0.0,475495504.0,EBEBK,2022,0.6520606783810731,0.2268970614207946,0.347969244187721,1.8745276323276683,0.41929473143852797,3.921623285906591,0.8741940785222542,0.18510822354963358,0.023781332613022288,-0.08684345138559345,-0.12928982571161,-0.044259338957628236,2.9032669317840507,1.9621497616295898,-0.1811562990091914,-0.07981728167950564,-0.09417400519681696,0.3817804197761121,0,5.5,72.3,10.5,16.55,86.2,10.4,8.5,54,72,11.4,19.6,16.0,8.89,26.8,12.0,17.0,37.0,42.0,6.846637123001267,-0.9031718944101719,283.53336357104655,-3.815155018147554,4.402594680104544,1.9251255249161892,10.791823688962744,3.6536770639710707,1.2841919611032035,1.1257722518915807,122.17025697509841
6393730790.0,1250485686.0,62321575.0,3942953668.0,2645125981.0,9038856771.0,4468317923.0,914350596.0,3656188252.0,1112535632.0,16400066401.0,-11780246930.0,4619819471.0,-600861224.0,-498683871.0,655013726.0,-218420109.0,436593617.0,1149575058.0,-3597472104.0,-580669799.0,0.0,767695862.0,EBEBK,2023,0.4943454726858842,0.40449675712645494,0.8182471155824245,3.9986721373559426,0.4914153586948756,5.052568994005446,1.187836621822634,0.5484786812918997,0.21301508761345103,-0.06647535625609041,-0.11160438437764224,-0.03663773117183003,2.5650229794864416,1.8143960919501996,0.020368095129503036,-0.15771520569518888,-0.1477536696793902,1.1309457080988548,0,4.5,53.9,25.0,23.75,43.5,9.4,1.6,60,70,5.5,72.3,10.5,16.55,86.2,10.4,8.5,54.0,72.0,12.358636817147104,-0.62486834880725,272.33346877689354,-1.5937413059746062,12.28538396737189,5.155699604143857,8.164782413775898,20.45617788956061,12.780905256807062,2.123321238099083,103.16159342985767
6502991775.0,1273098970.0,73138129.0,4328706817.0,3551157409.0,10054149184.0,5410057044.0,1019889102.0,3624203038.0,1442497494.0,18322394564.0,-11809750739.0,6512643825.0,-21971592.0,41565441.0,336571114.0,-251968295.0,84602819.0,295005673.0,-4263060979.0,-660844168.0,0.0,1870898249.0,EBEBK,2024,0.5380919802353312,0.36046839684530385,0.6699010765550811,3.553526585285544,0.5522841604527492,6.385639195701495,1.0113602240736403,0.4018968636220539,0.10870484523337663,-0.0021853258389049183,0.007682994959562944,-0.001199165967267727,2.817533098294592,1.8223714636299553,0.06429003041718549,0.04374650754944703,0.007975371679755705,1.3330702016960494,0,3.2,65.0,45.0,32.5,36.8,9.8,3.0,45,60,4.5,53.9,25.0,23.75,43.5,9.4,1.6,60.0,70.0,24.214139110589905,-0.0214161932212682,415.0665477205972,-0.04412930759545235,24.852787220373713,3.9385892634961284,5.831588683615857,30.14554844497865,4.891718035501948,8.373699222503998,73.70000396921611
912383000.0,619899000.0,186135000.0,87536000.0,3544089000.0,4456472000.0,241737000.0,216891000.0,3997844000.0,14818000.0,692094000.0,-447692000.0,244402000.0,208363000.0,285964000.0,295251000.0,-55162000.0,240089000.0,-17712000.0,-128665000.0,-62692000.0,0.0,175275000.0,ECILC,2018,0.05424402980653755,0.8970872026122906,16.537989633361878,18.43250296231748,7.727589680525393,1.1268425153648607,1.989374831017731,3.4121669417590192,0.1504880991061988,0.04675514622329053,1.1829550296396496,0.30106170549087263,0.7585564395654019,0.15530087477269014,-0.00419022066057914,-0.0012808874439522965,-0.006283691733484212,-0.2269395438197546,0,3.0,16.3,17.75,4.83,39.0,10.9,1.9,14,20,3.75,17.950000000000003,16.875,7.95,32.9,11.45,2.05,35.5,39.0,0.9628315290660415,0.5096310938338667,18.36753300044723,11.741406514144032,137.16471682932573,37.19261966517331,0.4659026243180704,293.5493159921733,2.1068333874867835,0.6981152916477428,66.65286977567348
1001345000.0,672782000.0,233489000.0,88567000.0,3836992000.0,4838337000.0,358554000.0,202525000.0,4277258000.0,19280000.0,877076000.0,-561262000.0,315814000.0,224906000.0,266226000.0,193117000.0,-30389000.0,162728000.0,-77455000.0,-126421000.0,-63766000.0,0.0,163789000.0,ECILC,2019,0.0741068677109511,0.8840347416891382,11.929187793191542,21.119654363658807,6.838594921570759,1.5593827922478707,1.7846773805471243,2.5457197521154415,0.13285370572574834,0.046484153542839204,0.7424990378018373,0.25642703710966896,0.8758979173012299,0.18127633523667327,-0.0002709926804513249,0.019862837904413545,0.025975460463983135,0.43254027688301,0,0.9,15.2,19.75,5.67,17.4,13.7,-0.6,8,25,3.0,16.3,17.75,4.83,39.0,10.9,1.9,14.0,20.0,1.4636106372912843,0.636832903536897,23.702618442167633,4.46183044570824,135.0622497010225,34.876360603981546,0.16314870171300594,235.60145891553296,1.0628296458059867,0.6685835959752287,20.069853213232197
1267436000.0,856115000.0,225504000.0,149134000.0,4702795000.0,5970231000.0,414110000.0,273813000.0,5282308000.0,80459000.0,909132000.0,-608463000.0,300669000.0,297205000.0,379319000.0,385966000.0,-63852000.0,322114000.0,-48369000.0,-111125000.0,-81314000.0,0.0,77043000.0,ECILC,2020,0.06936247525430758,0.884774475225498,12.755808843061022,19.291662558023177,6.836222949370788,1.0980815373996122,1.8424096882936025,2.700495037550409,0.14293014792894948,0.04978115587152323,0.9159860906522421,0.32691072363529167,0.7173001240299313,0.15227752493998975,0.0032970023286840247,-0.004744392456643515,-0.028998810296683525,-0.46130125484825846,0,1.9,12.3,10.25,7.01,23.6,13.2,2.2,34,36,0.9,15.2,19.75,5.67,17.4,13.7,-0.6,8.0,25.0,0.7109653713566527,0.6571112575041066,13.50640291001523,7.715093077792884,70.07128523105057,35.6465344956654,0.2893272973859805,130.74704064137546,4.859625029584282,0.13227138949899928,42.7690977684324
1797047000.0,1265256000.0,232675000.0,116865000.0,8297397000.0,10094444000.0,542941000.0,519174000.0,9032329000.0,1346952000.0,1103515000.0,-756729000.0,346786000.0,696460000.0,1499012000.0,1504996000.0,-241402000.0,1263594000.0,-31714000.0,-162032000.0,-101638000.0,0.0,517111000.0,ECILC,2021,0.05378612234611436,0.8947822188126459,16.63593097592556,17.397498719119216,7.812145577456302,0.6679571781329573,1.6919514365205275,3.094594071915733,0.12423725368133202,0.0689943893888559,2.760911406580089,0.6311287114357303,0.6140713069830672,0.10931904719071205,0.019213233517332666,-0.015576352908193224,-0.042958477749277704,-0.43012435926665493,0,11.4,19.6,16.0,8.89,26.8,12.0,17.0,37,42,1.9,12.3,10.25,7.01,23.6,13.2,2.2,34.0,36.0,0.8605779575378297,0.8279326726662708,13.091960691405964,16.914249466477575,124.99432923930082,37.1351288629888,1.2462371379741173,266.174895614809,4.596778386209285,0.8196366238695266,262.6018615188308
4347824000.0,916414000.0,1317364000.0,1265248000.0,34285724000.0,38633548000.0,2162271000.0,5229844000.0,31241433000.0,12788636000.0,3466080000.0,-2388816000.0,1077264000.0,1128718000.0,5307271000.0,3463454000.0,-478084000.0,2985370000.0,-1902230000.0,-645284000.0,-347341000.0,-5763000.0,-1012080000.0,ECILC,2022,0.05596873991485328,0.8086607266824161,14.448435464379811,5.973683536258443,4.638148080759025,0.20598396434004532,0.5881705032997998,1.4256196378714787,0.05657137677336806,0.029216006772145288,2.4544892846456343,0.32564684023450124,0.7971987826554157,0.08971684402374848,-0.03977838261671061,0.002182617568738922,-0.019602203166963567,-0.461973213792912,0,5.5,72.3,10.5,16.55,86.2,10.4,8.5,54,72,11.4,19.6,16.0,8.89,26.8,12.0,17.0,37.0,42.0,0.5876717691059594,0.303846470430311,14.892640621785276,28.070757628214007,48.70055484796977,14.826444233863379,0.4934426421306166,151.708572375988,3.054854345761875,-0.27506766916670455,134.07562770317543
7915064000.0,2898626000.0,1957714000.0,2305409000.0,54885615000.0,62800679000.0,4930133000.0,7558935000.0,50311611000.0,21509820000.0,9355032000.0,-6196327000.0,3158705000.0,1291844000.0,5581079000.0,4478812000.0,-522961000.0,3955851000.0,-1212934000.0,-1580199000.0,-1007064000.0,-150986000.0,3192573000.0,ECILC,2023,0.0785044537496163,0.8011316406308282,10.204919623872216,6.655912638486771,4.394692622379829,0.41787698928486616,0.6337593806039009,1.137830358734744,0.04753023450590399,0.020570541920414586,1.1320341662182338,0.13809081572355925,1.1819275245279128,0.1489638670944943,-0.008645464851730702,0.02253571383476302,0.05924702307074582,0.21189302494482085,0,4.5,53.9,25.0,23.75,43.5,9.4,1.6,60,70,5.5,72.3,10.5,16.55,86.2,10.4,8.5,54.0,72.0,1.9626113437404076,0.1933630940518971,22.523569722454287,6.006950483974827,109.86731555949572,10.695605372106595,0.6703374019252244,255.1229905968054,2.8518140703542394,1.2709150007757082,111.88454275108812
7588589000.0,2388280000.0,2060605000.0,1981945000.0,48612820000.0,56201409000.0,3758411000.0,7555252000.0,44887746000.0,25410285000.0,8767346000.0,-5789653000.0,2977693000.0,700331000.0,2016536000.0,1493317000.0,-469778000.0,1023539000.0,-525708000.0,-1584114000.0,-1344251000.0,-86383000.0,2085517000.0,ECILC,2024,0.06687396396058326,0.7986943174325042,11.94327762450674,5.941263904896885,4.296824114347404,0.3941222609120119,0.6707455401491099,1.4917591503430572,0.06815092482823695,0.012461093279707632,0.536539510979507,0.07987947549919897,1.1553328293309864,0.15599868679448944,-0.008109448640706955,-0.011630489789033041,0.007034819699995143,-0.02375472837285425,0,3.2,65.0,45.0,32.5,36.8,9.8,3.0,45,60,4.5,53.9,25.0,23.75,43.5,9.4,1.6,60.0,70.0,3.0093283782262468,0.1221187141411348,25.617946959280776,2.9395646983705217,193.3570851456332,14.619239673361962,0.4991957977423662,537.4474931028033,3.066791617270663,1.6698560884834757,79.20706452705971
10777201.0,2701324.0,2036424.0,1719.0,72574988.0,83352189.0,31048907.0,27319270.0,24984012.0,-28245234.0,62342304.0,-61362095.0,980209.0,-879091.0,30161714.0,14111097.0,0.0,14111097.0,-16475741.0,-596110.0,-1188192.0,0.0,3095985.0,EKIZ,2021,0.37250259858202406,0.299740322356741,0.8046663929264886,0.914519751076804,1.2433999437741563,0.03587976545493346,0.18464172694651745,0.3470486738872966,-0.2432054423909611,-0.010546705618013224,0.9714259506783927,-0.014101034828613327,5.784647052606702,0.7479384134710607,-0.01618371915180642,-0.11922866807437982,-0.13470014892626447,-0.006440739380569466,1,11.4,19.6,16.0,8.89,26.8,12.0,17.0,37,42,1.9,12.3,10.25,7.01,23.6,13.2,2.2,34.0,36.0,5.960041577312385,-0.12656046741615867,0.7032434029166958,-0.3779077334068372,19.8943991003865,4.164584086647559,8.526497913570092,12.874662286823817,-8.998601368465561,0.5942946501381026,207.9198738970258
13221837.0,1465199.0,3941409.0,0.0,203727133.0,216948970.0,43501591.0,46197658.0,127249721.0,-201433960.0,234468789.0,-230100708.0,4368081.0,-2741254.0,82122937.0,59667365.0,-95160.0,59572205.0,-24746346.0,-3449725.0,-2761382.0,0.0,-7132831.0,EKIZ,2022,0.20051531473046402,0.586542176254628,2.925173955131894,2.7544625963506637,2.271224511589835,0.09455200088281532,0.14740186955188442,0.30393915937465366,-0.13957085852954268,-0.012635478287820403,1.887814562920239,-0.011691338585793609,9.061101272935645,1.0807554836512936,-0.0020887726698071794,-0.17198728385156004,0.3328170701802329,0.05867223542788186,1,5.5,72.3,10.5,16.55,86.2,10.4,8.5,54,72,11.4,19.6,16.0,8.89,26.8,12.0,17.0,37.0,42.0,2.105410804669872,-0.1314089741933322,6.836109663827547,-1.0077933860954091,23.84785737169327,3.1609672574963983,5.944155160082115,30.714326528884886,-7.536826360595304,-0.34521816582028486,105.57344997407812
9863671.0,26241.0,9477907.0,0.0,176462777.0,186326448.0,33111533.0,677816.0,152537099.0,-152816467.0,333211982.0,-325226386.0,7985596.0,67981767.0,98679721.0,-32663167.0,1478375.0,-31184792.0,-131395927.0,-2495839.0,-6210909.0,0.0,47483404.0,EKIZ,2023,0.17770710146312668,0.818655111162748,4.606766439959153,225.0420453338369,5.2224379049149485,11.781362493656095,0.2919165740659875,0.2978923083990101,-0.12476952278937878,0.3648530186117217,2.9802220573719738,0.2040195751424089,9.061101272935645,1.7883235878569423,0.3774884968995421,-0.02280821326733734,0.7075681042056488,11.68681049277328,1,4.5,53.9,25.0,23.75,43.5,9.4,1.6,60,70,5.5,72.3,10.5,16.55,86.2,10.4,8.5,54.0,72.0,4.442677536578167,3.4296183749501843,635.0154384080635,8.874851518694786,130.56094762287373,2.800187698950695,8.047456145356241,115.16916099897882,-7.486171367362727,6.37099624203645,85.69354855531081
13465261.0,41935.0,12774988.0,0.0,314223471.0,327688732.0,34373149.0,876284.0,292439299.0,-184209604.0,267396494.0,-260110128.0,7286366.0,-4703817.0,94398026.0,138494769.0,1407431.0,139902200.0,43908484.0,0.0,-9686723.0,0.0,-1730.0,EKIZ,2024,0.10489573074487041,0.892430133972382,8.507783182739526,333.7266217345062,8.914284408489634,8.315073651921066,0.38199936435856996,0.3917377776473142,-0.06380411029818382,-0.014354527759593515,2.7462722719992865,-0.01759116931428428,9.061101272935645,0.8160075946706645,-0.37624144492989975,-0.07281137071825627,-0.9723159931862778,-3.466288841735029,1,3.2,65.0,45.0,32.5,36.8,9.8,3.0,45,60,4.5,53.9,25.0,23.75,43.5,9.4,1.6,60.0,70.0,4.720307883519168,-0.14067437204401645,540.4797873748693,-0.6473550307656615,401.1427983820335,3.8390302209436795,2.611224302946127,382.8502432232787,-2.871184963418272,-0.00023757301486948903,62.7442391295025
100260965.0,5484102.0,13441832.0,52447290.0,86836888.0,187097853.0,136871489.0,19236854.0,30989510.0,-6916826.0,76483280.0,-57090612.0,19392668.0,-12917621.0,-12858024.0,-23034213.0,4420771.0,-18613442.0,-10180828.0,-16925432.0,-9056864.0,-3316126.0,632098.0,EMKEL,2018,0.7315502920282041,0.16563263288756178,0.22641318675213654,1.6109448041764,0.5562603915410209,1.0080997651695023,0.6422524451495844,0.3493326137483607,-0.19567581034721976,-0.06904205897007273,-0.09394231109738274,-0.16889470482960459,0.7628420492461847,0.40878758774425916,0.007742388251131922,-0.05861551459291511,0.015087151445948799,-0.029540165507092486,1,3.0,16.3,17.75,4.83,39.0,10.9,1.9,14,20,3.75,17.950000000000003,16.875,7.95,32.9,11.45,2.05,35.5,39.0,12.985017683500622,-0.7525584427737928,16.432026172262887,-6.586893488354579,9.87362194985312,3.8077254898571318,1.2263627632327774,4.018834064850424,-2.7394613448610765,0.05996722741655405,57.14142694809449
112330332.0,2251690.0,34478044.0,57140685.0,99520860.0,211851192.0,125549786.0,42667359.0,43634047.0,-25530267.0,95886884.0,-64161170.0,31725714.0,2453088.0,2557680.0,-2313369.0,1171454.0,-1141915.0,-4884199.0,-9722592.0,-11626982.0,-2715254.0,482888.0,EMKEL,2019,0.5926319546033048,0.205965548685702,0.34754377837012,1.0226563823647956,0.5916213831830281,0.7435593564626299,0.6677698162098756,0.4395837600232947,-0.06239971498484653,0.011579297604329741,0.02037183878592991,0.025583144405860556,0.8536152461474075,0.45261432373720134,0.08062135657440248,-0.13891833742489934,0.04382673599294218,-0.26454040870687234,1,0.9,15.2,19.75,5.67,17.4,13.7,-0.6,8,25,3.0,16.3,17.75,4.83,39.0,10.9,1.9,14.0,20.0,11.704481103415269,0.15863637717931744,11.302102218231974,0.44514671266197364,11.684522317864806,6.022297512319137,0.40735289136348124,6.8639896228098705,-0.49919771987877226,0.04501762727867965,17.254255195479264
137473942.0,4162721.0,35487425.0,60905168.0,97662363.0,235136305.0,119859563.0,72972682.0,42304060.0,-26718805.0,103215877.0,-62062933.0,41152944.0,15094291.0,15165239.0,-1639515.0,1010476.0,-629039.0,-16849351.0,-9375675.0,-12540765.0,-1584303.0,-1486990.0,EMKEL,2020,0.5097450306536032,0.1799129232723122,0.3529468900199478,0.579724615301929,0.5064628221281146,0.5639499998095178,0.7129198853646079,0.6388207338950501,0.07491135407609642,0.06419379176686475,0.1265250650046171,0.14624001111766943,0.7508032104004118,0.43896189063615676,0.05261449416253501,-0.08288692394970154,-0.013652433101044581,-0.17960935665311217,1,1.9,12.3,10.25,7.01,23.6,13.2,2.2,34,36,0.9,15.2,19.75,5.67,17.4,13.7,-0.6,8.0,25.0,5.224886564199433,0.8473580513226147,6.936584997657069,3.451264262376999,5.191243926813174,8.432433687414662,0.8340275922086978,3.617705622704465,2.5469860385872782,-0.06482047721214297,36.623784257951634
210903431.0,7993021.0,56731698.0,81615895.0,136535005.0,347438436.0,165172554.0,44941955.0,137323927.0,-27577590.0,236920550.0,-163527600.0,73392950.0,24824712.0,25052192.0,15366351.0,-2029975.0,13336376.0,-11329127.0,-8734427.0,-16707132.0,-4202395.0,-28115810.0,EMKEL,2021,0.47540092541747453,0.39524679129052953,0.8313967646222871,3.055584186313212,0.6498123601735661,1.6330609115691563,1.003754724049066,0.7827422466325731,0.13162296470848722,0.07145067853114559,0.15167284995786892,0.10478074611932144,1.1233603402118195,0.6819065637286026,0.007256886764280837,-0.034344105236128686,0.24294467309244583,1.0691109117596387,1,11.4,19.6,16.0,8.89,26.8,12.0,17.0,37,42,1.9,12.3,10.25,7.01,23.6,13.2,2.2,34.0,36.0,7.6064148066795925,0.8574081423737471,32.00799386675547,2.8081239959978146,10.396997762777058,9.392906959590878,7.77373482650607,13.302348233956593,4.8700496942140274,-1.2947702769419558,224.19351770939815
467002148.0,6332349.0,165556666.0,166697698.0,497385157.0,964387305.0,357386473.0,124041323.0,482959509.0,-137606967.0,488167554.0,-392049964.0,96117590.0,22549749.0,24238439.0,-53039868.0,13060313.0,-39979555.0,-86832459.0,-25392570.0,-52857166.0,-11793650.0,73325546.0,EMKEL,2022,0.3705839667808568,0.5007941378904817,1.3513648262786935,3.8935372287185297,1.033145907096731,0.7748836248707215,0.9700356977310882,0.8402792849968891,0.11366353998199924,0.02338246146863163,0.06782136659100693,0.04619264188131602,1.0453218600613374,0.5061945044994137,-0.04806821706251396,-0.10481695863661772,-0.17571205922918887,-0.8581772866984348,0,5.5,72.3,10.5,16.55,86.2,10.4,8.5,54,72,11.4,19.6,16.0,8.89,26.8,12.0,17.0,37.0,42.0,3.8911316511989966,0.24317759927376897,56.02408607815316,3.981805730169441,10.848032024515676,8.738904563967647,2.7840697747467753,14.189330675926282,6.137831159027959,0.7983496143180773,113.7785194730778
903946065.0,76988708.0,239032680.0,295161606.0,750315688.0,1654261753.0,624455821.0,167096098.0,862709834.0,-270565835.0,610673744.0,-461053784.0,149619960.0,52291795.0,52722808.0,-19152077.0,-10860249.0,-30012326.0,-88786132.0,-39078178.0,-91253996.0,-19836465.0,-16178370.0,EMKEL,2023,0.37748307960789806,0.5215074533612819,1.3815386212886307,5.162956193028517,0.9479045783224234,0.8954126505096487,1.1419921338097343,0.9749039700280094,0.1689516447401054,0.03161035120661464,0.0844300048569809,0.08562967626130656,0.6755643590306464,0.3691518243062469,0.008227889737983007,0.006899112827041254,-0.13704268019316684,0.1205290256389272,0,4.5,53.9,25.0,23.75,43.5,9.4,1.6,60,70,5.5,72.3,10.5,16.55,86.2,10.4,8.5,54.0,72.0,9.437076990197452,0.2971373013421776,48.262741862470065,3.7248909173668356,23.697614458060585,9.16409731826329,1.661183209378111,34.53846553221577,10.137098684406324,-0.24449531597192162,95.5197930400265
983961396.0,8382273.0,223962671.0,463853836.0,639674955.0,1623636351.0,740134219.0,94790469.0,788711663.0,-302430206.0,777571064.0,-525409681.0,252161383.0,39981354.0,40609297.0,-41773269.0,30478309.0,-11294960.0,-86338935.0,-58889325.0,-90527645.0,-26450150.0,-78280923.0,EMKEL,2024,0.45584974649289556,0.48576866520279083,1.06563329022354,8.320579814833494,0.7661468922811395,2.6601976513060612,1.1785031753666386,0.7027205966813973,0.15017351443864047,0.02462457432378588,0.05486747667857794,0.051418263681684534,0.7902454986150697,0.47890715400717215,-0.006985776882828757,0.0783666668849975,0.10975532970092527,1.7647850007964125,0,3.2,65.0,45.0,32.5,36.8,9.8,3.0,45,60,4.5,53.9,25.0,23.75,43.5,9.4,1.6,60.0,70.0,20.5132385921803,0.24132082837310165,172.91284733489397,1.8921921034859908,34.476610152651276,6.886661847477694,1.532502892822951,47.953498060059296,6.757808149738821,-2.169600066437537,67.86538922180364
56307553.0,4178195.0,15512782.0,13103312.0,40933069.0,97240622.0,27563976.0,54070216.0,15606430.0,-54204943.0,89783389.0,-73082528.0,16700861.0,9508898.0,9508898.0,7387972.0,756185.0,8144157.0,-2143374.0,-3184661.0,-6382157.0,0.0,8972237.0,EMNIS,2021,0.283461535241928,0.16049290593801427,0.5661893625215753,0.2886326549906884,0.5014206424680482,0.30887357653611003,0.6897545209977701,1.5674168704834164,0.29559227829702694,0.0977873012782662,0.3449755579528875,0.10590932360550569,1.5945176839774942,0.9233115456624702,-0.21384122688891233,0.12373565456133728,0.057954451010352126,0.12809270613853932,1,11.4,19.6,16.0,8.89,26.8,12.0,17.0,37,42,1.9,12.3,10.25,7.01,23.6,13.2,2.2,34.0,36.0,4.535384563870848,1.1734476153391944,6.053922100107757,2.8383698726275526,8.022730279488771,18.809002445800996,10.52575162055216,9.059029800345204,10.936914296989997,1.476294464673416,209.6767697848746
109102086.0,4093061.0,32755241.0,33695819.0,76966522.0,186068608.0,46866088.0,95613121.0,43589399.0,-489281514.0,198233896.0,-161208636.0,37025260.0,10517541.0,10517541.0,19384016.0,-913548.0,18470468.0,3782987.0,-9458542.0,-9962224.0,0.0,25635007.0,EMNIS,2022,0.251875308273387,0.23426519641615204,0.9300840087186283,0.45589348558133563,0.5401947592227299,0.38724036630913866,0.7657403965514716,1.6089729315576755,0.334478763876172,0.056525069505544964,0.22441687473466956,0.05305621900303064,1.8169578902460215,1.065380657870026,-0.04126223177272123,-0.03158622696854102,0.1420691122075558,0.07836678977302863,1,5.5,72.3,10.5,16.55,86.2,10.4,8.5,54,72,11.4,19.6,16.0,8.89,26.8,12.0,17.0,37.0,42.0,2.6446907368705634,0.5878607228576677,27.997478484150726,4.573446078061242,5.672044971838663,16.733318488199824,5.859593618285143,9.765882091545597,18.061853249313288,1.4466038973108242,104.72894313134178
177797874.0,5350627.0,62532146.0,81294034.0,161385442.0,339183316.0,24799933.0,134456305.0,179927078.0,-672951686.0,452148031.0,-357223302.0,94924729.0,42058245.0,42058245.0,121032968.0,-21365967.0,99667001.0,65377005.0,-26597645.0,-27535202.0,0.0,111224126.0,EMNIS,2023,0.07311660636043785,0.53047148698788,7.255143713493097,1.338182527029878,1.0133696740971616,0.7059894216191647,1.1164264347372064,3.891294383738859,0.45107743742914524,0.12399856660402482,1.695901557475982,0.09301875075510392,2.543045205366179,1.333049149740608,0.06747349709847986,-0.17875870191294915,0.26766849187058206,0.318749055310026,1,4.5,53.9,25.0,23.75,43.5,9.4,1.6,60,70,5.5,72.3,10.5,16.55,86.2,10.4,8.5,54.0,72.0,1.8279151590109461,1.1655865260778333,38.05282982527297,4.04631565784702,25.33424185242904,36.57816720714528,5.998721173832736,181.37859283732743,25.996504203423882,8.197936097776697,88.38923073458211
110855795.0,1608516.0,42382596.0,65020279.0,175494307.0,286350102.0,26640332.0,78036100.0,181673670.0,-574478759.0,379944780.0,-302148639.0,77796141.0,26291025.0,26291025.0,-10403541.0,16813379.0,6409838.0,-38737451.0,-23373071.0,-32071258.0,0.0,77860847.0,EMNIS,2024,0.09303412785234488,0.6344459762057287,6.819497219479096,2.3280721358448204,1.676540780449987,0.9969250257252733,1.0590329922594228,1.7205309603498935,0.29409964379897446,0.0918142679760596,0.9868880387826998,0.06919696330608885,3.427378604790124,1.3268540061494374,-0.03218429862796522,0.019917521491907036,-0.006195143591170682,0.29093560410610864,1,3.2,65.0,45.0,32.5,36.8,9.8,3.0,45,60,4.5,53.9,25.0,23.75,43.5,9.4,1.6,60.0,70.0,4.186535753355519,0.8997798261653841,64.80012667214277,2.5464482496640692,75.44433512024942,16.861203411428956,4.2459328196782,306.8773748765593,13.234483970953852,9.862780654745045,62.312722409636855
754891178.0,243384771.0,441790988.0,12653896.0,1447696268.0,2202587446.0,1729249476.0,970853558.0,-497515588.0,-623318965.0,2689962539.0,-2369955987.0,320006552.0,272330063.0,273360776.0,48377026.0,-7949905.0,40427121.0,-233237011.0,-6343058.0,-74362736.0,0.0,323420356.0,ENERY,2020,0.7850991247318677,-0.22587779155080137,-0.28421434112225646,-0.5124517327050884,0.5361633425726524,0.3296136161453919,0.27957865625656714,0.4292251015838966,-0.4423698590353266,0.12364097665886724,0.15808058917694304,0.10123935149715481,3.563377897893516,1.2212738903443292,-0.014905420139793246,-0.13678272367628797,-0.16164643732686496,0.0010832054261504243,0,1.9,12.3,10.25,7.01,23.6,13.2,2.2,34,36,0.9,15.2,19.75,5.67,17.4,13.7,-0.6,8.0,25.0,8.047266028501644,1.6320608918970474,4.054247478588321,2.389248695332854,5.495674261369687,5.665771340907435,2.3204203916542254,-2.9489873195138676,-15.040575207201105,1.5050747043075627,40.8745073742972
1632017988.0,268970158.0,835903327.0,22000649.0,1923566204.0,3555584192.0,2384612195.0,1509093744.0,-338121747.0,-589198898.0,3700025016.0,-3215316577.0,484708439.0,383272090.0,384677113.0,-48643796.0,206680925.0,158037129.0,-537347261.0,-7933902.0,-123486263.0,0.0,330500475.0,ENERY,2021,0.6706667782935176,-0.0950959754407638,-0.14179318033723298,-0.22405615843570814,0.49401938259724343,0.32119173572029597,0.4191425889801895,0.6751694646097371,-0.21166541596548982,0.10779440713634493,0.16131642445114644,0.10358635099563338,2.2671472025466426,1.0406236545670862,-0.015846569522522308,-0.1144323464383501,-0.18065023577724304,-0.008421880425095951,0,11.4,19.6,16.0,8.89,26.8,12.0,17.0,37,42,1.9,12.3,10.25,7.01,23.6,13.2,2.2,34.0,36.0,10.730668452696282,1.2935328856361392,6.295358020117801,2.7761142066829745,7.904310121555895,8.102033575316845,11.863109662064783,-2.2686908853957277,-7.831620390723123,1.4872401592677573,250.70635146670335
6469087522.0,1825253573.0,4156191322.0,122254847.0,18546956982.0,25016044504.0,9764969165.0,4995680955.0,10255394384.0,-596519125.0,23481276300.0,-21802054458.0,1679221842.0,1485149943.0,2665960418.0,3260338536.0,-559154263.0,2701184273.0,400470337.0,-13980642.0,-275068209.0,0.0,1416297188.0,ENERY,2022,0.39034824883840474,0.40995267586609024,1.0502229152712332,2.0528521489619425,1.2565135567348573,0.3361347246003223,0.4382657585816417,0.6499593155653349,-0.13175071072778902,0.05936789658183285,0.2730126816534602,0.06324826317043082,3.6297663650623275,0.9386486459218365,-0.04842651055451208,-0.2803185294551129,-0.10197500864524967,0.01494298888002632,0,5.5,72.3,10.5,16.55,86.2,10.4,8.5,54,72,11.4,19.6,16.0,8.89,26.8,12.0,17.0,37.0,42.0,4.09865661280325,0.6174261244510616,24.3025405886033,5.452000285291137,13.193392345716003,6.759576881879483,5.162567552570101,11.027340610347949,-7.1145383793006065,0.5944633042055129,131.68530779866987
10456789077.0,6307655898.0,3403005088.0,118466119.0,44069394593.0,54526183670.0,12607279623.0,13026208873.0,28892695174.0,2861915047.0,28902244013.0,-26816035006.0,2086209007.0,3032265927.0,3408405101.0,5287892480.0,-1477840225.0,3810052255.0,1814280538.0,-30174397.0,-563447612.0,0.0,3547239296.0,ENERY,2023,0.23121514792417894,0.5298866201394652,2.291746993640866,2.218043289163524,1.7192117491100303,0.16015473322588722,0.4079346858556431,0.8200280526132977,-0.039439593994237084,0.055611189393919305,0.2703521459761946,0.10491455008255106,2.7639693026391146,0.5300617440589713,-0.003756707187913544,-0.1591331009142258,-0.40858690186286517,-0.17597999137443507,0,4.5,53.9,25.0,23.75,43.5,9.4,1.6,60,70,5.5,72.3,10.5,16.55,86.2,10.4,8.5,54.0,72.0,5.780378698104474,0.5227451803028415,8.632340120875321,4.563782928590971,42.980293727750755,7.708263694564999,2.385277848265371,57.29367484102165,-2.366375639654225,1.6263926141743121,111.24876085900166
9658529436.0,4456878983.0,4013925002.0,244612047.0,50999781111.0,60658310547.0,15025008028.0,12226330464.0,33406972055.0,5783277979.0,23500188394.0,-21412627752.0,2087560642.0,2526231724.0,3805914115.0,3588328436.0,-467355282.0,3120973154.0,-335926975.0,-16453927.0,-724806991.0,0.0,5958295960.0,ENERY,2024,0.2476990851296154,0.5507402325212339,2.2234245727352766,2.7323792820229795,1.8714596762273412,0.17074302450328402,0.3544240382480806,0.6265499074247816,-0.08847062411739741,0.04164691863685512,0.25330529660333306,0.10749836050867534,2.4331021145318794,0.38741910518248446,-0.013964270757064183,0.01648393720543645,-0.14264263887648687,0.0105882912773968,0,3.2,65.0,45.0,32.5,36.8,9.8,3.0,45,60,4.5,53.9,25.0,23.75,43.5,9.4,1.6,60.0,70.0,11.146458830832692,0.4081398026411802,11.098296592713462,3.955939666719252,84.21568543023035,6.14018909276286,1.2397411365839504,100.05410577308744,-3.9811780852828833,4.420223969018219,79.45127196042256
5872184000.0,562352000.0,3512389000.0,147956000.0,16720626000.0,22592810000.0,7011907000.0,9281988000.0,6298915000.0,1344547000.0,18346787000.0,-12380265000.0,5966522000.0,2811191000.0,2811191000.0,1321996000.0,-574299000.0,747697000.0,-1594065000.0,0.0,-1848857000.0,0.0,2086590000.0,ENJSA,2018,0.3103601101412352,0.2788017515306861,0.8983169628461987,0.6786170160961208,1.0261896250098579,0.6428064763712257,0.36039166816774015,0.8163582317905813,-0.050446270295726826,0.12442856820377811,0.4009167548856538,0.15322524864980447,3.124354924845679,0.8120630855568652,0.0016910463283601393,-0.01619189114790484,0.03483487515303424,0.12422332932681868,0,3.0,16.3,17.75,4.83,39.0,10.9,1.9,14,20,3.75,17.950000000000003,16.875,7.95,32.9,11.45,2.05,35.5,39.0,5.508891955006925,1.3562713934211814,10.477745564850979,5.975784697342374,18.214865843924976,8.898304726517337,2.4361892566705956,15.945126090520027,-0.7062477841401755,1.6393256305877844,71.52269265304187
5781800000.0,469786000.0,3009455000.0,131953000.0,17613658000.0,23395458000.0,9234695000.0,7326260000.0,6834503000.0,1743107000.0,19453085000.0,-14108614000.0,5344471000.0,3064206000.0,3064206000.0,1391356000.0,-357734000.0,1033622000.0,-1843477000.0,0.0,-2170485000.0,0.0,3712134000.0,ENJSA,2019,0.3947217019645437,0.2921294808590625,0.7400897376686507,0.9328774845555576,1.063565355983396,0.7294951312129244,0.3491223785101765,0.6118065621008598,-0.1475882626448262,0.13097439682522993,0.3318145320446425,0.15751774075937056,3.3645378601819504,0.8314898131081683,0.006545828621451824,0.08436159182330849,0.019426727551303036,0.08668865484169874,0,0.9,15.2,19.75,5.67,17.4,13.7,-0.6,8,25,3.0,16.3,17.75,4.83,39.0,10.9,1.9,14.0,20.0,7.7957536137997385,1.79434923650565,11.08832599443645,2.7408086892130474,21.00541578067207,8.381749900781779,0.7483408317973514,14.616772318955851,-1.1807061011586095,3.1337128129742107,21.488226964115064
6852870000.0,588571000.0,2943668000.0,169539000.0,17822635000.0,24675505000.0,8287610000.0,9234589000.0,7153306000.0,2209638000.0,21757203000.0,-16117831000.0,5639372000.0,2737845000.0,2737845000.0,1412706000.0,-325023000.0,1087683000.0,-1389230000.0,0.0,-2543194000.0,0.0,3870421000.0,ENJSA,2020,0.33586384554237086,0.28989501937245055,0.8631325557066513,0.7746209387337109,1.017146021455412,0.6106792624988507,0.391096459981992,0.806424409449769,-0.05814430140335527,0.11095396021276971,0.3303539862517662,0.12583625753733144,3.17490379943002,0.8817328358629337,-0.020020436612460224,-0.05885785642217284,0.05024302275476544,-0.11881586871407368,0,1.9,12.3,10.25,7.01,23.6,13.2,2.2,34,36,0.9,15.2,19.75,5.67,17.4,13.7,-0.6,8.0,25.0,3.4426044168093015,1.46459227480856,7.511354928735865,2.969735677881022,10.425746719917973,10.64480220473695,1.675292388139574,8.847108695993175,-1.976906247714079,1.6077407635628937,45.465246087419054
12795629000.0,411992000.0,5572805000.0,447450000.0,18538012000.0,31333641000.0,14256376000.0,7726243000.0,9351022000.0,2551626000.0,32994330000.0,-24712503000.0,8281827000.0,4514591000.0,4514591000.0,3143114000.0,-860746000.0,2282368000.0,-1479567000.0,0.0,-3382729000.0,0.0,5057411000.0,ENJSA,2021,0.4549862558264455,0.2984339419731017,0.6559185868835109,1.210293541116944,0.8433031569168351,1.0719086883495639,0.5820793691597894,0.8661513276585859,-0.04661912734622829,0.14408127673384655,0.3166717123622441,0.13682929763992782,2.5785625700776413,1.0530001923491752,0.03312731652107684,0.11912241028407461,0.17126735648624147,0.46122942585071314,0,11.4,19.6,16.0,8.89,26.8,12.0,17.0,37,42,1.9,12.3,10.25,7.01,23.6,13.2,2.2,34.0,36.0,7.279780093223128,1.7289753208061587,21.009410291651452,3.667025176750066,13.492850510669362,10.393815931903031,12.004202192780598,10.494697390136174,-1.7249077118104468,2.582482386901669,275.514722905999
36795156000.0,13793119000.0,9371510000.0,3099626000.0,89328504000.0,126123660000.0,51501244000.0,15784330000.0,58838086000.0,1767476000.0,163312312000.0,-140112627000.0,23199685000.0,17773036000.0,17773036000.0,4169135000.0,16465425000.0,20634560000.0,-14103876000.0,0.0,-9178811000.0,0.0,19386639000.0,ENJSA,2022,0.40833927591381347,0.4665110891961112,1.142459510298431,3.7276264497764555,1.3276026150865563,1.4697921926366213,0.546850592372148,0.6542663318967596,-0.11660054901673485,0.140917540769115,0.3450991591581749,0.10882851257411627,4.438418796213284,1.2948586490433278,-0.0031637359647315455,-0.046646979912632,0.24185845669415262,0.39788350428705743,0,5.5,72.3,10.5,16.55,86.2,10.4,8.5,54,72,11.4,19.6,16.0,8.89,26.8,12.0,17.0,37.0,42.0,4.287562397095042,1.465542423998796,106.26597552762772,9.381017783888822,13.93982745840884,6.8043698517263005,7.121722569738303,11.995824858133526,-6.296429646903682,1.6139692544602653,140.58290780150742
58741938000.0,6498842000.0,22426444000.0,5698047000.0,131977231000.0,190719169000.0,69307578000.0,37997525000.0,83414066000.0,27217726000.0,243515934000.0,-206620691000.0,36895243000.0,21506626000.0,21506626000.0,7606554000.0,-1084494000.0,6522060000.0,-16735369000.0,0.0,-16605300000.0,0.0,9341492000.0,ENJSA,2023,0.363401216371701,0.43736592623261694,1.2035345687595662,2.195249980097388,1.2299250204344896,0.970990689525173,0.5474291190047131,0.7653404220819836,-0.05539894104718965,0.11276593806886816,0.3103069912499323,0.0883171201437685,4.14552093940108,1.2768298817409383,-0.028151602700246844,-0.044938059542112496,-0.01802876730238956,-0.49880150311144833,0,4.5,53.9,25.0,23.75,43.5,9.4,1.6,60,70,5.5,72.3,10.5,16.55,86.2,10.4,8.5,54.0,72.0,9.085030409292525,1.0599998178473606,52.33639816540682,3.8417947262539296,30.74812551086224,7.194199967570646,5.745734467834222,30.088364218989156,-3.323936462831379,1.224508795966912,116.88330538638489
51389505000.0,9487867000.0,20452278000.0,3853783000.0,128362873000.0,179752378000.0,67578894000.0,37717456000.0,74456028000.0,31517873000.0,190584779000.0,-147860380000.0,42724399000.0,27598606000.0,27598606000.0,2742837000.0,-7595620000.0,-4852783000.0,-27691000000.0,0.0,-16219046000.0,0.0,24622769000.0,ENJSA,2024,0.3759554936180038,0.4142144255805061,1.1017645242906757,1.9740469240555354,1.2190628924934246,1.1327486933371116,0.48804640426757434,0.7034107720081954,-0.0900649503507542,0.15353680606105807,0.4083909097417309,0.14481012673105442,3.7086323170460584,1.0602629078987762,0.040770867992189916,0.012554277246302814,-0.21656697384216206,0.1617580038119386,0,3.2,65.0,45.0,32.5,36.8,9.8,3.0,45,60,4.5,53.9,25.0,23.75,43.5,9.4,1.6,60.0,70.0,16.91799721281017,1.5046606993983693,73.62866506691225,5.329012663702803,54.85783016220411,6.893425565680315,3.392841305276084,49.57940359308041,-4.052922765783939,6.1641721646653265,82.92750740142546
13265106000.0,3297069000.0,2661689000.0,1615528000.0,27750349000.0,41015455000.0,4804519000.0,3692165000.0,32518771000.0,21952033000.0,13917742000.0,-10398138000.0,3519604000.0,3194703000.0,2224654000.0,2235671000.0,-622408000.0,1613263000.0,-251088000.0,-110737000.0,-435971000.0,0.0,1286207000.0,ENKAI,2018,0.11713923446661752,0.7928418933789714,6.7683718182819135,8.807507519301007,3.266021073632961,0.9532629229733774,1.5612097613610203,2.424712650735693,0.20627802373519932,0.07789022455072118,0.4630336564388652,0.22954176043786412,1.0491994560767173,0.3393292113911695,0.0012525706936038841,-1.2169574834144936e-05,-0.015202497047978325,0.052667198266323045,0,3.0,16.3,17.75,4.83,39.0,10.9,1.9,14,20,3.75,17.950000000000003,16.875,7.95,32.9,11.45,2.05,35.5,39.0,2.079221411782461,0.849003447602861,15.538185644466052,8.9521286570767,57.97187405698506,26.42936789301905,1.0179876341735086,120.13859977450396,2.8878923322927905,0.5566236983107953,73.31164435152591
17362926000.0,6041469000.0,1529614000.0,1616400000.0,32047053000.0,49409979000.0,5772096000.0,4212261000.0,39425622000.0,25195996000.0,10733112000.0,-8260104000.0,2473008000.0,1843927000.0,4460013000.0,4499282000.0,-630569000.0,3868713000.0,-159778000.0,-135130000.0,-612954000.0,0.0,4172238000.0,ENKAI,2019,0.1168204503790621,0.7979283294170192,6.83038223896484,9.359729133593573,3.209726274811688,0.5870975231591774,1.7390129379388177,2.728042984732063,0.23458479915565233,0.037318918917168535,0.7726851736353657,0.17179798366028418,0.618162629962254,0.21722559323492122,-0.04057130563355265,-0.00031878408755542376,-0.12210361815624829,-0.36616539981420004,0,0.9,15.2,19.75,5.67,17.4,13.7,-0.6,8,25,3.0,16.3,17.75,4.83,39.0,10.9,1.9,14.0,20.0,2.3072038949864764,0.5112691891652089,8.923882352019497,2.9892849156889443,63.39209392753084,37.37418889082926,0.1955030339114291,134.9000492195556,1.8766783932452187,1.6677137324830678,22.16107642030992
26642747000.0,9914877000.0,2445214000.0,1965260000.0,35411072000.0,62053819000.0,7891277000.0,4466407000.0,49696135000.0,33176305000.0,11617008000.0,-8718327000.0,2898681000.0,2078985000.0,5165526000.0,5299918000.0,-781758000.0,4518160000.0,-185758000.0,-155743000.0,-576721000.0,0.0,2697278000.0,ENKAI,2020,0.12716827307598907,0.8008553832923643,6.297603670483244,11.126647213296952,2.8655103982267227,0.6489961617917938,2.1559660370017553,3.1271854986208187,0.30218075699740576,0.03350293396124419,0.654586830496509,0.17896045177897785,0.4360289124841369,0.18720859065902132,-0.003815984955924348,0.010347822696926981,-0.030017002575899898,0.061898638632616354,0,1.9,12.3,10.25,7.01,23.6,13.2,2.2,34,36,0.9,15.2,19.75,5.67,17.4,13.7,-0.6,8.0,25.0,1.303474799028888,0.44223872828842326,7.982652790039063,4.223466661983878,29.371481581823907,41.278848581794804,0.3556963222521405,64.55043762245325,10.274145737911796,0.44553421442119456,47.21740899830071
68067033000.0,27480488000.0,3676067000.0,3408746000.0,53257955000.0,121324988000.0,23402921000.0,8063488000.0,89858579000.0,62241753000.0,25782036000.0,-19072729000.0,6709307000.0,5123793000.0,6332881000.0,6966044000.0,-1890088000.0,5075956000.0,-328952000.0,-241258000.0,-760212000.0,0.0,14974937000.0,ENKAI,2021,0.19289448435799555,0.7406436256972884,3.839630916157859,11.143884507548098,1.6925336157678494,0.8320601456838529,2.1631649483739945,2.762829776676168,0.3681361336709961,0.042231967910847844,0.2706021611575752,0.19873500292994703,0.3787742004268057,0.212503923758888,0.008729033949603657,0.06572621128200648,0.025295333099866674,0.18306398389205913,0,11.4,19.6,16.0,8.89,26.8,12.0,17.0,37,42,1.9,12.3,10.25,7.01,23.6,13.2,2.2,34.0,36.0,3.086311749727929,0.5067836149301741,16.308378855403518,5.32609807852258,27.08053785228559,33.15395732011402,2.4225447308513233,61.434094658525744,13.621036945826857,1.9748527978424362,286.5257698522922
66120108000.0,19189897000.0,5852084000.0,6961883000.0,94321322000.0,160441430000.0,27708118000.0,10326045000.0,122407267000.0,89508405000.0,61804006000.0,-47506757000.0,14297249000.0,12248080000.0,2700586000.0,3779465000.0,-1664869000.0,2114596000.0,-1087733000.0,-369294000.0,-1453235000.0,0.0,2976734000.0,ENKAI,2022,0.17269927100500163,0.7629405135568786,4.41774020884421,11.854225601379811,2.479910547788313,1.3845813184040938,1.738439938851816,2.1350502766012474,0.2394144081114211,0.07633988303395202,0.09746551534102749,0.19817615058803795,0.9347233068645321,0.3852122609478113,0.034107915123104175,-0.02019521335299393,0.1727083371889233,0.5525211727202409,0,5.5,72.3,10.5,16.55,86.2,10.4,8.5,54,72,11.4,19.6,16.0,8.89,26.8,12.0,17.0,37.0,42.0,1.813342345552517,0.793934783553101,100.10522932061598,17.082784180688872,26.03906075177729,22.204522876652973,2.118667435212962,46.386272192864205,12.928378038016739,0.19481069820930916,141.90657134938803
119155259000.0,36211526000.0,10694373000.0,8415859000.0,157785392000.0,276940651000.0,41803971000.0,16602943000.0,218533737000.0,152939915000.0,76704889000.0,-60828335000.0,15876554000.0,12961162000.0,21653049000.0,21298810000.0,-3612282000.0,17686528000.0,-2237642000.0,-580323000.0,-3246841000.0,0.0,11258857000.0,ENKAI,2023,0.1509492046366281,0.7890995280429235,5.227583212130733,13.16234940998111,2.7014848276353036,0.956249383016011,2.0400882505108897,2.6490162860365585,0.27930637023020505,0.046801226014305856,0.5179663195154355,0.1689743922320258,0.6437390144903298,0.27697229974374543,-0.029538657019646163,-0.02175006636837354,-0.10823996120406587,-0.4283319353880828,0,4.5,53.9,25.0,23.75,43.5,9.4,1.6,60,70,5.5,72.3,10.5,16.55,86.2,10.4,8.5,54.0,72.0,3.7737301159157024,0.4399315245344751,51.541841744562994,7.350386062093122,67.53712069088259,24.900753088743652,1.2463753488468545,130.68958030326831,16.758382213812304,1.016360090090205,118.56181078736952
159722509000.0,42313812000.0,15494960000.0,13761699000.0,203788370000.0,363510879000.0,54978712000.0,25300207000.0,283231960000.0,201373788000.0,100541405000.0,-75249164000.0,25292241000.0,19310553000.0,36537777000.0,34917582000.0,-8768882000.0,26148700000.0,-3638067000.0,-999979000.0,-5524193000.0,0.0,15544826000.0,ENKAI,2024,0.15124364957451522,0.7791567635586499,5.151665975732571,11.194847536227668,2.5385041619705917,0.9996851409160408,1.989594665568429,2.6548604849091406,0.2881448755760622,0.05312235235743797,0.6645804470646748,0.1920656768223997,0.6294754923991333,0.2765843082236887,0.006321126343132116,0.0002944449378871339,-0.00038799152005675186,0.04343575790002974,0,3.2,65.0,45.0,32.5,36.8,9.8,3.0,45,60,4.5,53.9,25.0,23.75,43.5,9.4,1.6,60.0,70.0,6.805964230853185,0.5205990531028921,64.97953415954265,7.068016907064308,114.23268728867663,26.01763275210958,0.8850697863158038,231.82496890796568,12.9665194009228,1.9243362727529263,85.181040198225
3066025.0,33686.0,398787.0,182955.0,12172584.0,15238609.0,12461029.0,1063153.0,1714427.0,-8804024.0,5201762.0,-3019121.0,2182641.0,-1726357.0,-3534033.0,-4759258.0,343917.0,-4415341.0,-1330801.0,-165311.0,-2553898.0,0.0,-485151.0,ETILR,2018,0.8177274579326761,0.1125054786824703,0.1375831000794557,1.6125872757731012,0.9000606469211965,2.052988610294097,0.22670687217903457,0.23136692804422493,-0.6165263509287495,-0.11328835853718669,-0.2836068353584604,-0.3318792747534393,1.6965817304164186,0.3413541222824209,0.05425799790437674,0.028962955675956796,0.13952420790493195,0.2950988955320827,1,3.0,16.3,17.75,4.83,39.0,10.9,1.9,14,20,3.75,17.950000000000003,16.875,7.95,32.9,11.45,2.05,35.5,39.0,14.514662378305001,-1.234843108055335,33.46371434779378,-12.943291715384133,15.976076482851237,2.5218995156820516,1.0240623668472626,2.4421000264103387,-8.631368913002493,-0.5651060572523384,49.6180284932738
1723573.0,48359.0,236867.0,76343.0,10530412.0,12253985.0,9026546.0,1718983.0,1508456.0,-13219365.0,4014484.0,-2897973.0,1116511.0,-1827118.0,543107.0,-519780.0,316852.0,-202928.0,-1110712.0,-9483.0,-2257279.0,0.0,110691.0,ETILR,2019,0.7366212705499476,0.12309922037606542,0.1671133122237454,0.8775281663634835,0.9799807901500243,0.649518348930734,0.16039908319078566,0.1824872991285925,-0.5959671894489833,-0.14831760563498836,0.06016775408888406,-0.4551314689509287,2.3291638938414563,0.32760640722181394,-0.03581562681941364,-0.08110618738272846,-0.013747715060606958,-1.403470261363363,1,0.9,15.2,19.75,5.67,17.4,13.7,-0.6,8,25,3.0,16.3,17.75,4.83,39.0,10.9,1.9,14.0,20.0,14.548270093361467,-1.9442450183487274,9.872678903747156,-7.9192875597461585,19.35462060546298,2.500075998061717,0.29484576649963257,3.3004879164189718,-4.767737515591866,0.17840296442341003,16.252965664963387
37507427.0,36714088.0,336373.0,32095.0,3796724.0,41304151.0,2727269.0,968656.0,37608226.0,-16443736.0,2394744.0,-1453657.0,941087.0,1179025.0,9849837.0,9654910.0,-986917.0,8667993.0,-204083.0,-12213.0,-2347171.0,0.0,3933212.0,ETILR,2020,0.06602893253997642,0.9105192841271571,13.78970171259234,38.82516187377149,1.0272730101395455,0.9715389157760856,7.55454406398396,13.740973845997589,0.7037999406520007,0.028544951813680906,3.611611835869509,0.49233863828450974,0.06384719485023593,0.057978288913383066,0.17764893717028124,-0.49815439339372714,-0.26962811830843086,0.32202056684535163,1,1.9,12.3,10.25,7.01,23.6,13.2,2.2,34,36,0.9,15.2,19.75,5.67,17.4,13.7,-0.6,8.0,25.0,0.6767965585347583,0.37679336394058793,11.949928664045855,11.61919186351443,10.529548353930341,181.38085476716816,0.11015874893542782,141.3444425540715,25.996504203423882,0.9760622606672148,33.31929976657487
53879194.0,23954849.0,21015378.0,4571302.0,8662507.0,62541701.0,9848560.0,506100.0,52187041.0,-8022481.0,29229424.0,-19554281.0,9675143.0,11636727.0,17254017.0,17220742.0,-2524551.0,14696191.0,-33275.0,-611029.0,-3619315.0,0.0,-7492302.0,ETILR,2021,0.15747189223395122,0.8344359070118672,5.298951420309162,103.11606599486268,0.8365805347544004,19.1170578936969,5.203376450796067,5.006609291104486,0.7037999406520007,0.1860634874641481,1.7519329729422373,0.3981168770209088,0.5424992808912472,0.4673589546277291,0.1575185356504672,0.0914429596939748,0.409380665714346,18.145518977920812,1,11.4,19.6,16.0,8.89,26.8,12.0,17.0,37,42,1.9,12.3,10.25,7.01,23.6,13.2,2.2,34.0,36.0,2.5195502757432195,2.232761849569777,374.69433471645925,10.669532304160356,13.385288556070407,60.07931149325384,5.327892082756112,84.7832227249466,25.996504203423882,-1.9167504254481342,204.64532283367373
245196432.0,38316141.0,169577855.0,7637185.0,171080221.0,416276653.0,171478940.0,55576535.0,189221178.0,-94040887.0,281316444.0,-235387296.0,45929148.0,32227419.0,33151858.0,-6228284.0,45658488.0,39430204.0,-46626399.0,-12863293.0,-22350230.0,0.0,24156929.0,ETILR,2022,0.4119350407095735,0.4545563068126235,1.1034659883015372,3.4046954888425485,0.7534732249905006,0.8264125858152186,1.079896584744323,1.3853552337097488,0.17708774073380473,0.07741827164157583,0.1933290350406878,0.11455931456321124,1.1473105122508471,0.6757920291052211,-0.10864521582257228,0.25446314847562224,0.208433074477492,-18.29064530788168,0,5.5,72.3,10.5,16.55,86.2,10.4,8.5,54,72,11.4,19.6,16.0,8.89,26.8,12.0,17.0,37.0,42.0,4.325317927450522,0.8051500250723886,59.7496299544403,9.875012915348808,7.911468862400256,14.407694430581389,3.716856160078716,11.58639287716614,9.562737999625455,0.6093249589474334,109.15773345642135
398910997.0,41997093.0,219221162.0,70992010.0,240676862.0,639587859.0,327785354.0,57188454.0,254614051.0,-78846237.0,477393092.0,-414795193.0,62597899.0,58577012.0,58577012.0,-10561485.0,-8681073.0,-19242558.0,-73815701.0,-10665923.0,-40149081.0,0.0,-56424420.0,ETILR,2023,0.5124946469629593,0.3980908133529783,0.7767706759710807,4.452193287127503,0.6251772380317364,1.0945898100340323,1.0362029538383557,1.0004076844751275,0.11120543018312673,0.09158555963145636,0.17870539755720752,0.12270184253106034,1.1967408659831957,0.746407370437593,0.014167287989880525,0.10055960625338584,0.0706153413323719,0.26817722421881374,0,4.5,53.9,25.0,23.75,43.5,9.4,1.6,60,70,5.5,72.3,10.5,16.55,86.2,10.4,8.5,54.0,72.0,12.812366174073983,0.8609042605356898,58.99839076083434,5.3375301501011245,15.62943095079341,9.403832234066199,3.3588331669691684,19.41926689927702,6.672325810987604,-2.2054991822476104,91.24350550455397
426449261.0,26067855.0,298539511.0,30057576.0,230715815.0,657165076.0,314767350.0,55031238.0,287366488.0,-98088795.0,1103643277.0,-945254424.0,158388853.0,122189507.0,122189507.0,58971597.0,-25471841.0,33499756.0,-64614514.0,-11092936.0,-47478998.0,0.0,-13846273.0,ETILR,2024,0.4789775986208981,0.4372820444889253,0.91294884301056,5.221879398751669,0.6238958786938364,2.878162635556191,1.1531933188452304,1.259316396697434,0.1699449880687208,0.18593426745032932,0.3881899027964622,0.11071467524555945,2.587982622861199,1.6794003779348736,0.09434870781887296,-0.033517048342061206,0.9329930074972806,1.7835728255221586,0,3.2,65.0,45.0,32.5,36.8,9.8,3.0,45,60,4.5,53.9,25.0,23.75,43.5,9.4,1.6,60.0,70.0,21.553991937940417,1.8221558210132274,187.0805713111524,4.074300049036587,28.07531454122264,12.341300687634853,5.374081209391596,41.0826979354752,7.647524463092436,-0.9481366368288262,64.9710265667805
39802413.0,3036146.0,6142581.0,26146122.0,30628689.0,70431102.0,30259323.0,19646042.0,20525737.0,-7614528.0,56864287.0,-42403811.0,14460476.0,10614283.0,10614283.0,3653790.0,56962.0,3710752.0,-6980146.0,-905919.0,-3846274.0,0.0,4284246.0,FRIGO,2018,0.42963012278297164,0.2914300134051573,0.678327700854378,1.0447772126314299,0.6137353969858752,0.7360503454079962,0.7975577976436,0.4513085438163967,0.13549539520196632,0.15070448564044903,0.3507772794520221,0.18665991538766677,1.4286643123872917,0.8073746595644634,-0.006574047249686271,-0.022701209732959776,-0.08298243199955108,0.10142879794622889,1,3.0,16.3,17.75,4.83,39.0,10.9,1.9,14,20,3.75,17.950000000000003,16.875,7.95,32.9,11.45,2.05,35.5,39.0,7.625934679397747,1.6426788934808945,11.997620630150339,7.279736700119004,10.893803296499286,4.9192631275987235,2.4221239786933904,12.04031669016521,1.8969355328275286,1.0797128589582483,54.21043654002189
52697417.0,1298589.0,5140146.0,38176100.0,35894816.0,88592233.0,37229570.0,19863316.0,31499347.0,-3903776.0,81203472.0,-58715876.0,22487596.0,16322637.0,16332538.0,10745777.0,686608.0,11432385.0,-5586761.0,-876099.0,-5231009.0,0.0,6327362.0,FRIGO,2019,0.42023514634742304,0.3555542730252662,0.8460840939070744,1.585805058933765,0.6287090829494939,1.132116913409624,0.9230119668499505,0.39004793770113383,0.17459597163557217,0.18424456012978022,0.43869800268979736,0.20100910217238002,1.540938372747947,0.9165980950045587,0.03354007448933119,-0.009394976435548597,0.10922343544009527,0.39606656800162787,1,0.9,15.2,19.75,5.67,17.4,13.7,-0.6,8,25,3.0,16.3,17.75,4.83,39.0,10.9,1.9,14.0,20.0,8.299644140361606,2.524150473777989,17.208177083826286,3.497558377799412,12.417004388252504,5.343656746505533,0.8249382855041029,16.710160854664718,1.3967677730845773,1.4105683451956788,16.46959927326817
112637229.0,44543209.0,3221904.0,54607707.0,42534260.0,155171489.0,81441951.0,19118788.0,54610750.0,2152117.0,107208412.0,-72156129.0,35052283.0,29496249.0,29740256.0,23260194.0,-5363460.0,17896734.0,-6492134.0,-1341412.0,-6533332.0,0.0,46259354.0,FRIGO,2020,0.5248512566635227,0.3519380419169658,0.6705481552130302,2.8563918382274025,0.4229708375552013,1.8333946168554198,1.1200915001231246,0.7125261770804091,0.20103743413843247,0.19008807088266066,0.36517121256095647,0.27512998700139313,0.9518026406704305,0.6909027727381026,0.005843510752880449,0.10461611031609969,-0.22569532226645606,0.7012777034457958,0,1.9,12.3,10.25,7.01,23.6,13.2,2.2,34,36,0.9,15.2,19.75,5.67,17.4,13.7,-0.6,8.0,25.0,5.379725380801108,2.5091625356511207,22.550753787321664,6.493067693232878,4.335451084940813,9.4053455374614,1.312715268202395,6.87311859093356,6.8352727607067045,3.0557055394370805,35.834078743487275
267933192.0,96265901.0,6779406.0,127208191.0,146641030.0,414574222.0,151071225.0,34838799.0,228664198.0,2250348.0,160456404.0,-103314306.0,57142098.0,35501711.0,35714660.0,4624504.0,2554147.0,7178651.0,-53709374.0,-1940404.0,-12553585.0,0.0,-26422598.0,FRIGO,2021,0.36440091299260763,0.5515639561400419,1.513618480289678,6.563492558971393,0.7887741975655923,1.6401856447462497,1.4411982002648764,0.9315142642154388,0.2818843063522652,0.08563414972771752,0.23640941549259298,0.2212545595874129,0.5988672131372211,0.3870390282008417,-0.10445392115494315,-0.1604503436709151,-0.30386374453726095,-0.1932089721091701,0,11.4,19.6,16.0,8.89,26.8,12.0,17.0,37,42,1.9,12.3,10.25,7.01,23.6,13.2,2.2,34.0,36.0,5.830414607881722,1.02760979673261,32.147638637026496,5.929622196942666,12.620387161049477,11.178171170585266,4.412244921489595,24.217895684634847,10.429719335033813,-1.0197488062825093,226.20749341703927
656795946.0,66831817.0,73140909.0,442331512.0,408697673.0,1065493619.0,346996874.0,102655744.0,615841001.0,225842453.0,765643800.0,-500424172.0,265219628.0,208045200.0,207016067.0,26103379.0,-50786712.0,-24683333.0,-244054761.0,-17161200.0,-38390077.0,0.0,-41388842.0,FRIGO,2022,0.3256677166454246,0.5779865688712303,1.7747739162630036,5.999089549241394,0.908918699990756,2.583582931316537,1.4606741286670324,0.6180586917909814,0.29075638415437566,0.1952571055237826,0.5965934638362189,0.27172583386687127,1.1657255265701656,0.718581309495388,0.10962295579606507,-0.03873319634718303,0.3315422812945463,0.9433972865702873,0,5.5,72.3,10.5,16.55,86.2,10.4,8.5,54,72,11.4,19.6,16.0,8.89,26.8,12.0,17.0,37.0,42.0,3.4195110247769582,2.030673897447339,186.7930459341856,23.422766879324303,9.543646349902938,6.427810394626206,3.952197202224634,18.635126120761537,15.700844744336285,-0.4078699611621044,114.32687211411033
842741963.0,22214303.0,51044182.0,532355927.0,557586006.0,1400327969.0,444865043.0,149968689.0,805494237.0,274456654.0,1089891737.0,-750007449.0,339884288.0,246829510.0,252337631.0,-24619368.0,-51377338.0,-75996706.0,-326675992.0,-24656537.0,-71183562.0,0.0,-120857613.0,FRIGO,2023,0.3176863226674579,0.5752182737414138,1.8106485318964476,5.371082739811108,0.9373812815309539,2.266368335059594,1.4167689518320725,0.6977083070112119,0.2841312384013377,0.1762655002715296,0.5672228802207774,0.2264715857736611,1.2932686217738514,0.7783117677627419,-0.01899160525225299,-0.007981393977966711,0.0597304582673539,-0.31721459625694326,0,4.5,53.9,25.0,23.75,43.5,9.4,1.6,60,70,5.5,72.3,10.5,16.55,86.2,10.4,8.5,54.0,72.0,7.9421580666864475,1.6568957025523783,122.1572532597121,9.851513981154259,23.434532038273847,6.558458085905392,3.5024029549323386,45.26621329741119,17.04787430408026,-2.1576661981247622,94.76987539366633
1173252118.0,52628108.0,40694097.0,574126135.0,718583300.0,1891835418.0,532890081.0,173478987.0,1185466350.0,193696320.0,841254158.0,-611128316.0,230125842.0,170146517.0,170898992.0,165031958.0,-55891074.0,109140884.0,-189417181.0,-15066461.0,-63006932.0,0.0,-33013252.0,FRIGO,2024,0.28167887963708693,0.6266223471242782,2.2245982656974994,6.833486697728988,1.0172915725692564,1.3265343888594414,1.6609619123356063,1.1242956181051529,0.33848718070675216,0.0899372722284027,0.3207021449513526,0.20225340389937188,0.7170276065080157,0.44467618588584856,-0.0863282280431269,-0.036007443030370956,-0.33363558187689335,-0.9398339462001524,0,3.2,65.0,45.0,32.5,36.8,9.8,3.0,45,60,4.5,53.9,25.0,23.75,43.5,9.4,1.6,60.0,70.0,12.675549583668912,0.8813852678383465,86.2247352758637,7.4429252634968845,45.778120765616535,11.018097057430499,1.4229637948347156,100.10692195638747,15.231923131803846,-0.7852672203222278,68.35460260934495
7395461000.0,1392772000.0,3141189000.0,1864645000.0,5788979000.0,13184440000.0,7219612000.0,2071589000.0,3893239000.0,2244313000.0,33292030000.0,-29833459000.0,3458571000.0,2284873000.0,2281334000.0,1761112000.0,-77916000.0,1683196000.0,-2501845000.0,-507218000.0,-312143000.0,-368568000.0,2176407000.0,FROTO,2018,0.5475857905227678,0.2952904332683072,0.5392587579498732,1.8793491373047453,0.6230603557064367,1.6695256636330855,0.7959639448118709,0.7660821661884323,0.013337616159654866,0.17330072418699619,0.31599121947273623,0.0686312309582804,4.501684208732897,2.525100042170923,-0.0012465012292755123,-0.023781788928675524,-0.10625946553346266,-0.2515006248880706,0,3.0,16.3,17.75,4.83,39.0,10.9,1.9,14,20,3.75,17.950000000000003,16.875,7.95,32.9,11.45,2.05,35.5,39.0,9.719647781779129,1.8889778936382584,27.213268317219296,2.6766180073729355,11.059321313789251,8.350295611453912,7.575300126512769,9.571842953610249,0.1867266262351681,2.9300618190837078,69.90690955002913
10156798000.0,3202952000.0,4105093000.0,1827399000.0,6249574000.0,16406372000.0,8645371000.0,3096080000.0,4664921000.0,2711013000.0,39209019000.0,-35193802000.0,4015217000.0,2422028000.0,2420803000.0,1950173000.0,9311000.0,1959484000.0,-1656231000.0,-649102000.0,-372893000.0,-419583000.0,3007664000.0,FROTO,2019,0.5269520281510135,0.28433592752864556,0.5395859819087,1.5067184956461073,0.5322659013779473,1.296871204878427,0.8650377197843776,0.9634518865644979,0.09212438923120846,0.14762727554879287,0.28001146509502023,0.06177221623422917,3.860372038510562,2.389865291363624,-0.02567344863820331,-0.020633762371754294,-0.13523475080729908,-0.3726544587546585,0,0.9,15.2,19.75,5.67,17.4,13.7,-0.6,8,25,3.0,16.3,17.75,4.83,39.0,10.9,1.9,14.0,20.0,10.407302555982517,2.0224936750184623,19.71244231415209,1.0748365624755873,10.512251552214458,13.19929084593362,2.1508787622272614,10.656823142696824,0.7369951138496676,3.6206276439422442,21.168842069611024
17604522000.0,8124073000.0,5754182000.0,2449043000.0,6744657000.0,24349179000.0,12480781000.0,4824496000.0,7043902000.0,3467929000.0,49451407000.0,-43264878000.0,6186529000.0,4805661000.0,4806851000.0,4108330000.0,86583000.0,4194913000.0,-2553875000.0,-843565000.0,-516688000.0,-459451000.0,7390661000.0,FROTO,2020,0.5125750235767703,0.2892870433126308,0.5643799053921386,1.4600285708600442,0.3897456827764155,1.282316121725461,1.0172921242462631,1.2143053387444263,0.21042766986106595,0.19736439573588907,0.3851402408230703,0.09717945942367222,2.8090173081666174,2.030927079717965,0.049737120187096195,-0.01437700457424318,-0.358938211645659,-0.014555083152965942,0,1.9,12.3,10.25,7.01,23.6,13.2,2.2,34,36,0.9,15.2,19.75,5.67,17.4,13.7,-0.6,8.0,25.0,5.253893991661895,2.6052100237137354,15.772488297223171,2.2934352423986644,3.994893248458259,16.028830471426424,3.858761451464133,5.78489403026942,7.154540775276242,3.111163429781349,45.43995154162088
32813852000.0,14173931000.0,11406748000.0,5269306000.0,9979001000.0,42792853000.0,20782144000.0,11862171000.0,10148538000.0,3472846000.0,71101258000.0,-59947098000.0,11154160000.0,9437743000.0,9402646000.0,8686759000.0,114246000.0,8801005000.0,-6527635000.0,-1323600000.0,-740429000.0,-680519000.0,8702451000.0,FROTO,2021,0.48564520809117356,0.23715497538806304,0.4883296930287847,0.8555379955321838,0.3056887853214258,0.9403135395704547,1.0051934617099485,1.3253948197067638,0.28116162294671027,0.22054484191554136,0.4524386896751365,0.13273665284515782,2.1668062012347713,1.6615217966420701,0.023180446179652286,-0.026929815485596753,-0.3694052830758947,-0.34200258215500634,0,11.4,19.6,16.0,8.89,26.8,12.0,17.0,37,42,1.9,12.3,10.25,7.01,23.6,13.2,2.2,34.0,36.0,7.770323329458777,2.6465381029864963,18.430145375580913,3.5573422962502295,4.891020565142813,15.904737836481164,18.9413484817196,7.813275088460555,10.40298004902828,3.2537960486065276,279.06786111154423
91321074000.0,16666305000.0,42595376000.0,23274992000.0,82986064000.0,174307138000.0,76202568000.0,46962929000.0,51141641000.0,23132618000.0,322556451000.0,-285957542000.0,36598909000.0,27271090000.0,27241128000.0,25447071000.0,2282856000.0,27729927000.0,-15104194000.0,-5246165000.0,-3715849000.0,-2851293000.0,34249071000.0,FROTO,2022,0.43717411044864957,0.29339957953988094,0.6711275268308543,1.088978947629097,0.6737768776266945,0.7793148719493198,0.7414501319310228,0.8929631085398592,0.08673486452402196,0.15645423539683154,0.3574830706492726,0.08454672016465112,3.5321140769763613,1.8505062655552293,-0.06409060651870982,-0.048471097642524,0.18898446891315923,-0.1609986676211349,0,5.5,72.3,10.5,16.55,86.2,10.4,8.5,54,72,11.4,19.6,16.0,8.89,26.8,12.0,17.0,37.0,42.0,4.59032815971082,1.6271240481270481,56.34446524193582,7.287927278192926,7.0746572150802916,9.286816328814536,10.177784460553761,7.04683903172397,4.683682684297186,2.063112558821315,142.36246607558147
148595390000.0,21980984000.0,65821936000.0,42378541000.0,164717188000.0,313312578000.0,135909592000.0,71995422000.0,105407564000.0,46834490000.0,594705176000.0,-514938796000.0,79766380000.0,63551075000.0,67593768000.0,68476553000.0,2349532000.0,70826085000.0,-20741841000.0,-9910037000.0,-9282832000.0,-7664912000.0,72268433000.0,FROTO,2023,0.4337827509752896,0.33642940437584345,0.7755711900010707,1.464087035978482,0.79227135907362,1.1079368352059942,0.7147273033059222,0.7815257733979512,0.04048927138826836,0.20283601573122928,0.49734361648293374,0.10686147954427758,4.002177833376931,1.8981209748942796,0.04638178033439774,-0.003391359473359945,0.04761470933905021,0.32862196325667437,0,4.5,53.9,25.0,23.75,43.5,9.4,1.6,60,70,5.5,72.3,10.5,16.55,86.2,10.4,8.5,54.0,72.0,10.84456877438224,1.9066585478735554,59.717795417603085,4.648474360176075,19.8067839768405,7.346342269940741,8.541544387024258,19.389279750026766,2.4293562832961015,5.766480351771897,119.1171023141527
153968320000.0,22330114000.0,68226515000.0,39938955000.0,172801844000.0,326770164000.0,123401142000.0,88145534000.0,115223488000.0,93340399000.0,594995138000.0,-540390710000.0,54604428000.0,28984491000.0,35308931000.0,37007235000.0,1856331000.0,38863566000.0,-12658899000.0,-10479845000.0,-8799018000.0,-6170064000.0,33608162000.0,FROTO,2024,0.3776389511497751,0.3526132453145263,0.9337311319209671,1.3071959834062608,0.8168497244551364,0.6194803698165808,0.7278219772169807,0.9240543738241904,0.09354335666949079,0.08869993100104451,0.2861313147328896,0.04871382831366935,3.8643997544429918,1.8208367946346533,-0.11413608473018477,-0.05614379982551454,-0.07728418025962625,-0.48845646538941334,0,3.2,65.0,45.0,32.5,36.8,9.8,3.0,45,60,4.5,53.9,25.0,23.75,43.5,9.4,1.6,60.0,70.0,16.99375280173988,0.8692593238102362,40.26622403807775,1.7926688819430319,36.75823760048114,9.055732863477067,5.826677742830891,42.01790093644352,4.209451050127085,4.62822943039561,84.84007327467128
266852764.0,5934388.0,78858545.0,98989063.0,145764105.0,412616869.0,237259967.0,62769902.0,112587000.0,55362330.0,1180434205.0,-1008506180.0,171928025.0,50898726.0,52062373.0,7037669.0,-1552755.0,6524321.0,-96494662.0,-62696888.0,-23550786.0,-2450962.0,28227.0,GENIL,2018,0.5750127656559771,0.27286087520575897,0.4745301174217899,1.793646260591581,0.4858319789487359,2.739020127831329,0.8894206596477233,0.7075095858881242,0.07171979437418492,0.12335590186449696,0.21943176364009187,0.043118647176104155,4.423541234146632,2.860848146758634,-0.03670230781024139,-0.04622485846065075,-0.33665882631249433,0.8498015004922665,0,3.0,16.3,17.75,4.83,39.0,10.9,1.9,14,20,3.75,17.950000000000003,16.875,7.95,32.9,11.45,2.05,35.5,39.0,10.206476590393594,1.344579330323017,44.64602808365066,1.681627239868062,8.623517626340062,7.711854486180554,8.582544440275901,8.422909584236772,1.0040771212385888,0.001214272337469557,59.514090127199104
374544037.0,53683803.0,106672228.0,126994466.0,185688012.0,560232049.0,261933712.0,52814744.0,245483593.0,51143047.0,1795146033.0,-1486550525.0,308595508.0,171975347.0,179154985.0,159075827.0,-16632522.0,143118051.0,-37383845.0,-76598638.0,-29860952.0,0.0,166385887.0,GENIL,2019,0.4675450332903036,0.4381819880497412,0.9371973967215034,4.648012551192144,0.5899568638392304,5.842980285959542,1.1899789494122253,0.9450848045096234,0.20100657433113042,0.30697163310626663,0.6839707024806337,0.09580019889111718,4.792883761756431,3.190762582643398,0.18361573124176966,-0.10746773236567353,0.3434419973062943,3.103960158128213,0,0.9,15.2,19.75,5.67,17.4,13.7,-0.6,8,25,3.0,16.3,17.75,4.83,39.0,10.9,1.9,14.0,20.0,9.234014407483496,4.2055113735558525,88.81330034658504,1.6669234607054388,11.651648060824801,12.947661821781839,2.8838611296584356,18.509648585249693,1.6080525946490434,5.865643127906808,18.129475466170998
662012328.0,58650155.0,128612134.0,322122191.0,416229665.0,1078241993.0,448383175.0,72497730.0,557361088.0,193080794.0,2149967988.0,-1816646536.0,333321452.0,219152622.0,235634707.0,216833060.0,-9735421.0,207034652.0,-44616858.0,-72556769.0,-38221977.0,0.0,98735510.0,GENIL,2020,0.41584651489269164,0.5169165100398756,1.2430463921845416,7.687979858127972,0.7990879700226292,4.597681223950047,1.27094758445791,0.7580349931729709,0.19812727976362537,0.20324994149991338,0.5255208494386525,0.10193296980382761,3.247625304041166,1.99395683154403,-0.10372169160635325,-0.05169851839761197,-1.193588774332726,-1.2452990620094955,0,1.9,12.3,10.25,7.01,23.6,13.2,2.2,34,36,0.9,15.2,19.75,5.67,17.4,13.7,-0.6,8.0,25.0,4.26242677765009,2.6828992277988566,56.55147905458558,2.405618087370332,8.190651692731949,10.006061909883215,3.7885179799336566,12.741225519891552,6.736327511963263,0.9386009671949402,39.51733575833174
1463551547.0,519439682.0,194154090.0,593572161.0,655869305.0,2119420852.0,794984835.0,40214550.0,1284221467.0,72836149.0,2501352835.0,-2044993563.0,456359272.0,202081320.0,205461746.0,301438188.0,8928485.0,310366673.0,-70938847.0,-111902778.0,-74756642.0,0.0,158830023.0,GENIL,2021,0.3750953163690021,0.6059303728129971,1.6154037290535235,31.93424934507535,0.7852847077946543,11.348113356981491,1.7523379127009295,1.0943345680298417,0.31544783159470396,0.09534742465579932,0.25844737780438287,0.08078881042785793,1.7090978723142984,1.180205824925988,-0.10790251684411406,-0.040751198523689525,-0.813751006618042,6.7504321330314445,0,11.4,19.6,16.0,8.89,26.8,12.0,17.0,37,42,1.9,12.3,10.25,7.01,23.6,13.2,2.2,34.0,36.0,6.001525061904034,1.1441690958695918,222.42302179683725,2.1651401194665927,12.564555324714469,13.132014816358101,13.454346404156263,25.846459664856376,11.671569769004046,1.1990447133715376,244.80825924030813
1975523702.0,391267074.0,442171237.0,444571568.0,1706878764.0,3682402466.0,683643512.0,194240307.0,2804518647.0,255931478.0,10639338949.0,-8727891786.0,1911447163.0,1120988525.0,1321570069.0,501115676.0,139501407.0,640617083.0,-1184508066.0,-569110627.0,-351280987.0,0.0,378657261.0,GENIL,2022,0.18565149201157416,0.7616002522522751,4.102311508516152,14.438396902863214,1.944310542076411,9.840630878945223,2.250324768772165,2.239401248058652,0.35082536521416724,0.3044177097289615,1.933127493792408,0.10536261043787525,5.385578992663485,2.889238492325081,0.20907028507316217,-0.18944382435742796,1.0629385649726146,-1.507482478036268,0,5.5,72.3,10.5,16.55,86.2,10.4,8.5,54,72,11.4,19.6,16.0,8.89,26.8,12.0,17.0,37.0,42.0,1.9493406661215287,3.1659441811811995,711.4776125477396,9.082257019744846,20.415260691802317,23.289772979809978,15.890811707787945,43.0742708394196,18.94456972156503,1.0797030680947846,121.14757171076468
5706335782.0,97248001.0,1998001731.0,1846464220.0,5428605424.0,11134941206.0,3916922456.0,203200484.0,7014818266.0,1308220964.0,11769208449.0,-9171181967.0,2598026482.0,649582402.0,700006316.0,378803994.0,274340289.0,653144283.0,-919324481.0,-1006850990.0,-475644969.0,0.0,256052878.0,GENIL,2023,0.35176857996245087,0.6299825150599003,1.790900469641567,34.521661208247906,1.3175833592965553,12.785532941939252,1.38499162891484,0.9854347655229659,0.16070253923171007,0.05833729967518609,0.1787133454551085,0.055193380660633416,2.0624808806598196,1.0569618852282965,-0.2460804100537754,0.1661170879508767,-1.193588774332726,2.9449020629940286,0,4.5,53.9,25.0,23.75,43.5,9.4,1.6,60,70,5.5,72.3,10.5,16.55,86.2,10.4,8.5,54.0,72.0,8.794214499061273,0.5483706169467493,689.1402255705257,2.4009120587375534,32.939583982413886,9.26308679591588,4.7563284835273345,44.772511741039175,9.642152353902604,0.5748860125593375,104.10009235890314
5795751939.0,542973844.0,1636276168.0,1072458603.0,6514880524.0,12310632463.0,4194371115.0,808593255.0,7307668093.0,1570432460.0,14740692703.0,-11891721248.0,2848971455.0,1091391435.0,1284327196.0,420627877.0,-277070155.0,143557722.0,-1215727872.0,-1301498649.0,-447039542.0,0.0,1993472828.0,GENIL,2024,0.3407112613918348,0.5936062273781165,1.7422559646346412,9.037508101647472,1.3022040618690234,3.5233678210684554,1.1584635648724397,1.1261028665557173,0.13008111718167212,0.08865437566105656,0.3062025654828114,0.07403935873229905,2.5433615617343626,1.1973952392213498,0.030317075985870474,-0.011057318570616093,0.14043335399305334,-9.262165120870797,0,3.2,65.0,45.0,32.5,36.8,9.8,3.0,45,60,4.5,53.9,25.0,23.75,43.5,9.4,1.6,60.0,70.0,15.332006762632565,0.8688128814783543,229.0189083694496,2.724648401348605,58.59918278410605,11.03580809224603,3.83166476550832,78.40151840855886,5.853650273175245,7.2868942785527135,74.34793329218671
2427884451.0,368851076.0,647319086.0,1108978905.0,1907383163.0,4335267614.0,2545722327.0,551988841.0,1237556446.0,434038586.0,4559086668.0,-3279309282.0,1279777386.0,384450082.0,379240006.0,140977347.0,-5317680.0,135659667.0,-238262659.0,-350838860.0,-151894048.0,0.0,-355025967.0,GUBRF,2018,0.5872122677684368,0.2854625264663073,0.4861317484921442,2.241995406570185,0.6157395120318719,2.318484162979664,0.7837672137029917,0.5180869618071272,-0.027181223050559297,0.0886796655317159,0.14897147343124198,0.08432611836454784,1.877802160692696,1.0516275058262181,0.0001423033270573533,-0.03774589208333176,-0.03682886647568784,1.290888957561609,0,3.0,16.3,17.75,4.83,39.0,10.9,1.9,14,20,3.75,17.950000000000003,16.875,7.95,32.9,11.45,2.05,35.5,39.0,10.423017752889754,0.9666083542957034,37.79129185656853,3.288718616217366,10.929376338565726,5.647147883697687,3.1548825174786543,8.628838535735559,-0.38053712270783013,-1.4535921367114015,66.57014753582048
2798247264.0,174457909.0,511258953.0,1231329135.0,1487391599.0,4285638863.0,3194014185.0,250715857.0,840908821.0,348259261.0,4344496369.0,-3494521126.0,849975243.0,182090378.0,190437845.0,-117323407.0,18682401.0,-98641006.0,-524644728.0,-392069013.0,-146751465.0,0.0,129980322.0,GUBRF,2019,0.7452830924638738,0.19621551135817203,0.26327648291267686,3.3540312569858717,0.4317875656045386,3.390193397300754,0.8123270125328446,0.4905795773727912,-0.09234724008521761,0.04248850260624492,0.05962335605594688,0.04191288529996237,1.5525777242393115,1.013733659760309,-0.04619116292547098,0.15807082469543698,-0.037893846065909065,1.0717092343210899,0,0.9,15.2,19.75,5.67,17.4,13.7,-0.6,8,25,3.0,16.3,17.75,4.83,39.0,10.9,1.9,14.0,20.0,14.719341076161507,0.5820924857055554,51.53093963897146,0.7292842042193453,8.527804420689638,6.720940210007239,0.9123602937842782,5.199710537525368,-0.7387779206817409,0.5990031921875448,19.960681923688558
3157837294.0,659990037.0,822799526.0,1389767975.0,2011065657.0,5168902951.0,3230345066.0,176303000.0,1762254885.0,604588289.0,5413712258.0,-4127022757.0,1286689501.0,472763948.0,484816406.0,471209510.0,-55141382.0,416068128.0,-389688758.0,-488725574.0,-140904951.0,0.0,680087098.0,GUBRF,2020,0.6249575773859407,0.3409340244353139,0.5455314676899597,9.995603506463304,0.5903356079165942,7.298171335711815,0.9269631710762106,0.547331409764631,-0.014027690728062965,0.09146311170507407,0.15008192502491002,0.08732712886640456,1.7143733998854978,1.0473619468813278,0.04897460909882915,-0.1203255150779331,0.03362828712101873,3.9079779384110607,0,1.9,12.3,10.25,7.01,23.6,13.2,2.2,34,36,0.9,15.2,19.75,5.67,17.4,13.7,-0.6,8.0,25.0,6.405815168205892,1.2073130745069776,89.76750742925533,2.060920241247148,6.050939981145091,7.224774608893129,1.9899876990745227,5.591697543822088,-0.4769414847541408,1.3486213265333948,42.49525998479294
9259730241.0,1179720584.0,1908401522.0,5018321850.0,3789879650.0,13049609891.0,8598983356.0,422368156.0,4028258379.0,921268125.0,10764791265.0,-8184433439.0,2580357826.0,458683602.0,533621989.0,608263683.0,-138474285.0,469789398.0,-455344554.0,-351857021.0,-238116647.0,0.0,-514236215.0,GUBRF,2021,0.6589456257945696,0.30868803072635853,0.4684575155258621,9.537315542793904,0.4201010951583903,6.109262238036714,1.0264238377900379,0.49324533091932643,0.05063345881747018,0.035149219465659506,0.06205640445014486,0.04260961413077618,1.1625383229131157,0.8249128789991045,-0.05631389223941456,0.0339880484086289,-0.2224490678822233,-1.1889090976751007,0,11.4,19.6,16.0,8.89,26.8,12.0,17.0,37,42,1.9,12.3,10.25,7.01,23.6,13.2,2.2,34.0,36.0,10.543130012713114,0.4217906335879141,119.7415398655196,1.1419376587048016,6.7216175225342445,5.918943971031917,9.40400682058979,7.495320248413794,1.8734379762463966,-0.6305000309376682,265.52907447618503
20193710259.0,1785115431.0,2576627255.0,13215279520.0,15104271269.0,35297981528.0,20149474075.0,941305385.0,14207202068.0,4506470162.0,48304277005.0,-41132159781.0,7172117224.0,2133706698.0,2621146637.0,209353853.0,107582398.0,316936251.0,-3977903276.0,-1553475284.0,-940365754.0,0.0,-746235198.0,GUBRF,2022,0.5708392719004768,0.4024933283148269,0.7050904661391267,15.093084873831886,0.7161551946264578,7.619330918838842,0.9574662850796317,0.34633314562082435,0.0012532213482209969,0.060448405422486966,0.13008511424385652,0.04417221062596877,2.3920456610231686,1.368471366179474,0.02529918595682746,-0.08810635389409283,0.5435584871803696,1.510068680802128,0,5.5,72.3,10.5,16.55,86.2,10.4,8.5,54,72,11.4,19.6,16.0,8.89,26.8,12.0,17.0,37.0,42.0,5.993812354955006,0.6286634163938645,550.8776254320483,3.8076445559585084,7.519629543577807,3.6018647144565734,7.526592513987107,7.403449894460831,0.06767395280393383,-0.22198066971009495,133.57900390307483
21029038733.0,3273222504.0,5671814629.0,8417115494.0,23553856465.0,44582895198.0,19082259034.0,1476073147.0,24024563017.0,6322373709.0,50841814148.0,-45487459005.0,5354355143.0,3151939146.0,3581098594.0,-1229702068.0,93626461.0,-1136075607.0,-8518277252.0,-2574271451.0,-1255373834.0,0.0,1845179199.0,GUBRF,2023,0.42801749301503494,0.5388739988801299,1.258999941998167,16.2759976128744,1.1457085262377686,3.6274321187146423,1.0228961448747786,0.6609240141080038,0.04366651583200305,0.07069839524781237,0.18766638622918508,0.061995017267179674,2.41769558720799,1.1403883467460583,0.0102499898253254,-0.14282177888544184,-0.2280830194334158,-3.9918988001241997,0,4.5,53.9,25.0,23.75,43.5,9.4,1.6,60,70,5.5,72.3,10.5,16.55,86.2,10.4,8.5,54.0,72.0,10.700437325375873,0.6645649153294363,195.5185911987192,2.6967832511223158,28.642713155944215,6.2126857326152365,5.131747560357262,31.474998549954176,2.619990949920183,1.0346900929186265,110.34277248002198
20453077186.0,5180676565.0,4826036690.0,7052000284.0,23399906668.0,43852983854.0,19323030733.0,1226995169.0,23302957952.0,4653885165.0,48441078603.0,-41592620630.0,6848457973.0,2663323798.0,3020146079.0,447922795.0,12612074.0,460534869.0,-4946230181.0,-2748398177.0,-1658913635.0,0.0,6093954055.0,GUBRF,2024,0.44063206274246425,0.5313881953753176,1.2059680633950995,18.9918905475332,1.1386801544480116,5.581487316353077,0.9952823068709337,0.6935287267909558,0.025768975191340922,0.06073301207660167,0.1562977423537486,0.05498068735891149,2.3684005180480914,1.1046244598605917,-0.009965383171210693,0.012614569727429303,-0.03576388688546661,1.9540551976384348,0,3.2,65.0,45.0,32.5,36.8,9.8,3.0,45,60,4.5,53.9,25.0,23.75,43.5,9.4,1.6,60.0,70.0,19.828442823410892,0.5951835183506964,362.79667556295004,2.0232892948079426,51.240606950160526,6.796581522551367,3.5347982715538935,54.26856285277948,1.1596038836103415,6.253347169898146,78.41314752093129
752744479.0,54236749.0,107442054.0,516387334.0,4469588445.0,5222332924.0,1091581932.0,573811637.0,3556939355.0,1925777515.0,1098332491.0,-837501802.0,260830689.0,479818055.0,481129080.0,341610873.0,0.0,341610873.0,-199913709.0,-22287736.0,-24458694.0,0.0,176127127.0,ISGYO,2018,0.20902189651362027,0.6811016085653141,3.2585179826886326,6.198792644911103,2.6838031130886395,0.4545580329525454,0.45199194533457454,0.21652716857171286,-0.06488239220498995,0.09187810543347887,0.44076314007733136,0.43686047615976425,1.4591040142321654,0.21031452934615702,0.004042610573642587,-0.019434584494274827,-0.019348468314948398,-0.004748616485341195,0,3.0,16.3,17.75,4.83,39.0,10.9,1.9,14,20,3.75,17.950000000000003,16.875,7.95,32.9,11.45,2.05,35.5,39.0,3.71013866311676,1.0014713492249196,7.40929593712649,17.037558570230807,47.637505257323355,2.3601461374316703,0.6309435880384711,57.83869419272323,-0.9083534908698594,0.5986321725837944,67.12863017792502
1249783479.0,388415387.0,116530503.0,502965011.0,4466573407.0,5716356886.0,1232364908.0,623764900.0,3860227078.0,2261000280.0,1206509521.0,-955966119.0,250543402.0,539142261.0,540795384.0,297389779.0,0.0,297389779.0,-243405605.0,-14811380.0,-26958460.0,0.0,144869306.0,ISGYO,2019,0.21558571876752483,0.6752949745762252,3.1323734171112894,6.188592974692869,2.4063906456051054,0.4016631939373312,0.6733276269867436,0.6060043280622204,0.0030471454717356846,0.094315710469446,0.43882731526139823,0.44686117400311837,0.965374835939882,0.21106266544604263,0.0024376050359671414,0.006563822253904561,0.0007481360998856101,-0.05289483901521419,0,0.9,15.2,19.75,5.67,17.4,13.7,-0.6,8,25,3.0,16.3,17.75,4.83,39.0,10.9,1.9,14.0,20.0,4.257817945658616,1.2921252334314102,6.105280547847434,7.7753844276542585,47.52621525070083,8.30225929445242,0.18995639890143837,61.86437498794796,0.024377163773885477,0.5005231217293874,20.219937778245665
464909637.0,59156089.0,125644421.0,234619247.0,4760495830.0,5225405467.0,962552803.0,131898858.0,4130953806.0,2553397882.0,552678714.0,-356313056.0,196365658.0,441719687.0,443763725.0,266502003.0,0.0,266502003.0,-188190888.0,-7139564.0,-30471174.0,0.0,272925434.0,ISGYO,2020,0.18420633749453685,0.7905518207320389,4.291664616346248,31.319102141126955,4.349662940481389,1.4887593492280273,0.4247877303006807,0.2392496175609807,-0.09523532080768958,0.08453309313307686,0.4610279286673066,0.7992341224851297,1.1887873900966264,0.10576762272140058,-0.009782617336369148,-0.03137938127298798,-0.10529504272464205,1.0870961552906961,0,1.9,12.3,10.25,7.01,23.6,13.2,2.2,34,36,0.9,15.2,19.75,5.67,17.4,13.7,-0.6,8.0,25.0,1.8881149593190028,1.1158368293566145,18.311739995504738,18.86192529064906,44.58404513993424,3.1580949518049453,0.2009584831706611,43.98956231754904,-3.2380009074614455,0.535362416594647,42.51591664293972
492261589.0,138562954.0,109092484.0,139873007.0,6184059709.0,6676321298.0,1000398213.0,200260206.0,5475662879.0,2819651274.0,488577001.0,-200955447.0,287621554.0,1477646020.0,1479629128.0,1329919890.0,0.0,1329919890.0,-195902993.0,-14512469.0,-30243898.0,0.0,328827937.0,ISGYO,2021,0.14984273050185368,0.8201616780546981,5.473483266807874,27.342740669107272,5.1505570703036065,1.436239179739983,0.4099930348300002,0.35224831214287666,-0.07611027110876473,0.22132637931051233,1.4790401549827639,3.0243871835465295,0.9925149796727284,0.07318057043575196,0.13679328617743547,-0.03436360699268318,-0.03258705228564862,-0.05252016948804439,0,11.4,19.6,16.0,8.89,26.8,12.0,17.0,37,42,1.9,12.3,10.25,7.01,23.6,13.2,2.2,34.0,36.0,2.397483688029659,2.655916551726148,28.15028792290367,81.053576519047,82.4089131248577,4.2269797457145195,0.8342585029675724,87.57573226892599,-2.816080031024295,0.7880458050417812,257.88889584557023
3320400440.0,2053268101.0,238171624.0,324882647.0,26341837437.0,29662237877.0,5766030615.0,14335307.0,23881871955.0,-121791396.0,1452555820.0,-642065852.0,810489968.0,8243110319.0,8278318331.0,8600904852.0,0.0,8600904852.0,322586521.0,-36251354.0,-97469100.0,0.0,-1852238003.0,ISGYO,2022,0.19438960198855937,0.8051271132687505,4.141821913479382,935.7892879318963,4.557122817561306,56.53802656615586,0.5744273779212831,0.5195112535835885,-0.08244928063557651,0.2778991373874619,1.4357048867316844,4.338998080403241,0.4374640487639497,0.048969866199013494,0.056572758076949586,0.04454687148670569,-0.02421070423673847,48.108736021542754,0,5.5,72.3,10.5,16.55,86.2,10.4,8.5,54,72,11.4,19.6,16.0,8.89,26.8,12.0,17.0,37.0,42.0,2.0410908208798735,2.890151028829604,4087.6993207330684,341.4815762516686,47.84978958439372,5.4029170372693205,0.2693342640945742,43.48913009153351,-4.452261154321131,-0.6556652641026893,132.62227342001756
5992697387.0,922113564.0,339024319.0,3601682694.0,41876148086.0,47868845473.0,5315857376.0,3522843315.0,39030144782.0,12196596498.0,1650691738.0,-462423396.0,1188268342.0,3718871263.0,3770037785.0,4520884552.0,0.0,4520884552.0,591725159.0,-59888781.0,-201018953.0,0.0,-1427145167.0,ISGYO,2023,0.11105046139034964,0.8153558832751587,7.342210676722265,11.079160011406865,4.737817191687502,0.3373037730461765,0.6780065980854018,0.44978909776528964,0.014139468046743799,0.07768876032528498,0.7092059696749847,2.252916869569986,0.27545054111706974,0.03448363380585517,-0.20021037706217693,-0.08333914059820972,-0.014486232393158327,-56.20072279310968,0,4.5,53.9,25.0,23.75,43.5,9.4,1.6,60,70,5.5,72.3,10.5,16.55,86.2,10.4,8.5,54.0,72.0,2.776261534758741,0.7302743470576788,18.180673367188913,98.0018838262944,118.44542979218755,4.228017518993723,0.15517635212634825,183.55526691805662,0.8483680828046279,-0.7453413346917719,110.66278824942599
3085043360.0,340113575.0,83649009.0,2334659397.0,44573323932.0,47658367292.0,4935532623.0,3612785580.0,39110049089.0,15891433441.0,4047859179.0,-2673820327.0,1374038852.0,3971675637.0,3979351234.0,3407711709.0,-2515682021.0,892029688.0,-786433085.0,-69098980.0,-245763424.0,0.0,925560185.0,ISGYO,2024,0.10356067367478797,0.8206334230750089,7.924180038187542,10.8254553786721,5.214279917230638,0.3803267095635385,0.36089477330374947,0.15203707893716417,-0.03882821355717374,0.08333637643660301,0.8062658152548493,0.9811793003088559,1.312091502986201,0.08493491088771477,0.005647616111318032,-0.007489787715561677,0.0504512770818596,0.043022936517362,0,3.2,65.0,45.0,32.5,36.8,9.8,3.0,45,60,4.5,53.9,25.0,23.75,43.5,9.4,1.6,60.0,70.0,4.6602303153654585,0.8166964890787095,24.72123612163,36.10739825136589,234.64259627537874,1.489963373584209,0.27179171484068726,356.58810171843936,-1.7472696100728182,0.8739327570710015,78.67943696199546
64765742000.0,24577490000.0,17518296000.0,14248311000.0,60510139000.0,125275881000.0,40578455000.0,37739016000.0,46958410000.0,24216413000.0,142469768000.0,-120252216000.0,22438790000.0,9787644000.0,13122736000.0,8690771000.0,-265678000.0,8425093000.0,-16824401000.0,-6707793000.0,-4023287000.0,-281234000.0,6830054000.0,KCHOL,2018,0.3239127490151117,0.3748399901494207,1.157225182673909,1.2442934389174323,0.7726263147593211,0.5945780356329375,0.8269641648668661,1.244932341559086,0.19307217643913435,0.07812871816882294,0.3233917111925528,0.0686997960156712,2.1997704897752888,1.1372481826729282,-0.019970374952565526,0.025706170070695533,-0.04219951969086291,-0.0879882810787267,0,3.0,16.3,17.75,4.83,39.0,10.9,1.9,14,20,3.75,17.950000000000003,16.875,7.95,32.9,11.45,2.05,35.5,39.0,5.749451295018233,0.8516030280401701,9.691621980816882,2.6792920446111768,13.71411708697795,13.569762522994038,3.4117445480187847,20.540746992461887,2.703010470147881,0.9677318373837659,76.66135257088771
82228762000.0,37816360000.0,19272813000.0,17430843000.0,69114826000.0,151343588000.0,59026121000.0,42665432000.0,49652035000.0,28557523000.0,152906954000.0,-131551404000.0,21584759000.0,7470727000.0,10473434000.0,5547223000.0,374061000.0,5921284000.0,-15966207000.0,-8150011000.0,-5158955000.0,-344697000.0,19017986000.0,KCHOL,2019,0.39001401896193977,0.3280749165270219,0.8411874973115716,1.1637532464220683,0.6796515930875793,0.5059074287587197,0.808609560717398,1.0977837930430834,0.15331102762014603,0.0493626925245092,0.17743727391471312,0.04885799373127268,1.8595312671738875,1.0103299123580973,-0.028766025644313742,0.06610126994682808,-0.12691827031483083,-0.0886706068742178,0,0.9,15.2,19.75,5.67,17.4,13.7,-0.6,8,25,3.0,16.3,17.75,4.83,39.0,10.9,1.9,14.0,20.0,7.70277687449831,0.676268887585776,7.689792917132539,0.8501290909241445,13.423118963479691,15.039637964690241,0.9092969211222877,16.61345307190354,1.2264882209611683,2.4818046701786933,23.168536655524594
341574474000.0,60360801000.0,20478731000.0,18651844000.0,288526070000.0,630100544000.0,414492964000.0,127536528000.0,88071052000.0,32144813000.0,142535886000.0,-119935381000.0,44330894000.0,13865244000.0,20406084000.0,13839802000.0,-1206505000.0,12633297000.0,-22930327000.0,-9747230000.0,-12799708000.0,-454419000.0,20209815000.0,KCHOL,2020,0.6578203557304023,0.13977301374937395,0.21247900362429312,0.6905555089283911,0.5323069579394768,0.3475937027233484,0.6301769166464469,0.7790786769543331,-0.11572516591891722,0.022004811981244696,0.04923143641106535,0.09727546086183517,0.4172908014197806,0.22621133620224268,-0.027357880543264504,0.26780633676846255,-0.7841185761558547,-0.15831372603537136,0,1.9,12.3,10.25,7.01,23.6,13.2,2.2,34,36,0.9,15.2,19.75,5.67,17.4,13.7,-0.6,8.0,25.0,6.742658646236624,0.29046351815243,4.275402543497186,2.29570087633931,5.456146318879637,10.283838535797196,0.4298015387842611,2.1779097871490043,-3.9346556412431855,0.3287580144511032,51.621375950773235
605973000000.0,93849000000.0,46980000000.0,46258000000.0,414580000000.0,1020553000000.0,709677000000.0,189771000000.0,121105000000.0,39402000000.0,273653000000.0,-227236000000.0,80065000000.0,28795000000.0,35258000000.0,29129000000.0,-2944000000.0,26185000000.0,-46021000000.0,-15587000000.0,-16942000000.0,-631000000.0,50664000000.0,KCHOL,2021,0.695384757087579,0.11866605653993473,0.1706480553829418,0.6381638922701572,0.4609271464275867,0.4219032412750104,0.6737165461483043,0.7886897842257816,-0.10161549669639891,0.028215095149394496,0.049681756630128915,0.1052244996400551,0.4515927277287932,0.2681418799415611,0.0062102831681498,0.03756440135717665,0.0419305437393184,0.074309538551662,0,11.4,19.6,16.0,8.89,26.8,12.0,17.0,37,42,1.9,12.3,10.25,7.01,23.6,13.2,2.2,34.0,36.0,11.126156113401263,0.33858114179273396,8.269303528990203,2.820016590353477,7.374834342841387,9.464277410709379,3.0568174313337964,2.730368886127069,-3.7597733777667597,0.7942987772315597,286.5257698522922
1634866000000.0,249825000000.0,122923000000.0,133941000000.0,1182450000000.0,2817316000000.0,1888144000000.0,319239000000.0,609933000000.0,215209000000.0,1399472000000.0,-1185516000000.0,404943000000.0,224589000000.0,244434000000.0,183566000000.0,-53990000000.0,129576000000.0,-116664000000.0,-64718000000.0,-69741000000.0,-2830000000.0,153543000000.0,KCHOL,2022,0.670192481070636,0.21649435136136663,0.3230330949334373,1.910584233129411,0.5356795807524113,1.26846343961734,0.7406354040055577,0.7949208323094001,-0.08990045845052526,0.07971736219863161,0.12945728715606436,0.16048123863857225,0.8560163340604062,0.4967394498877655,0.05150226704923712,-0.02519227601694296,0.22859756994620445,0.8465601983423297,0,5.5,72.3,10.5,16.55,86.2,10.4,8.5,54,72,11.4,19.6,16.0,8.89,26.8,12.0,17.0,37.0,42.0,7.037021051241678,0.8290605668657688,91.70990668433367,13.833482770644927,5.624635597900318,8.267176656017762,2.73206697438271,3.3918474968010917,-4.854624756328364,0.5722473091410406,157.66743176032944
2472313000000.0,417840000000.0,207100000000.0,167231000000.0,1655431000000.0,4127744000000.0,2693843000000.0,460395000000.0,973506000000.0,390742000000.0,1760013000000.0,-1437943000000.0,543799000000.0,277114000000.0,323157000000.0,228893000000.0,-50478000000.0,178415000000.0,-197638000000.0,-96787000000.0,-126707000000.0,-4685000000.0,489465000000.0,KCHOL,2023,0.652618718602704,0.23584456788017863,0.361381862268885,2.1145016779070147,0.5248275494747068,1.1811574843341044,0.78380673874324,0.8556853536007852,-0.0536685414599355,0.06713449283676506,0.11996133404953443,0.15744997338087843,0.7118892308538604,0.4263861809259489,-0.012582869361866547,-0.017573762467931964,-0.07035326896181665,-0.08730595528323559,0,4.5,53.9,25.0,23.75,43.5,9.4,1.6,60,70,5.5,72.3,10.5,16.55,86.2,10.4,8.5,54.0,72.0,16.3154679650676,0.6310642326655916,63.66438840560822,6.849073842068212,13.12068873686767,8.043442323847382,1.91873781416677,9.034546556722125,-3.22011248759613,2.9644825357386506,130.71938457006402
2338684000000.0,307172000000.0,182259000000.0,166226000000.0,1569468000000.0,3908152000000.0,2604653000000.0,444835000000.0,858664000000.0,470474000000.0,1611489000000.0,-1386482000000.0,327835000000.0,66751000000.0,89869000000.0,26712000000.0,-32000000000.0,-5288000000.0,-140043000000.0,-110352000000.0,-132466000000.0,-6886000000.0,116308000000.0,KCHOL,2024,0.6664666573869185,0.21971100407558355,0.32966541032529095,1.9302977508514394,0.5146660685334719,0.7369811278339159,0.766910379709643,0.8340681081126737,-0.06805492723926808,0.017079939572462892,0.03450325244859872,0.04142193958506698,0.6890580343475219,0.4123404105060397,-0.05005455326430217,0.01384793878421442,-0.014045770419909176,-0.4441763565001885,0,3.2,65.0,45.0,32.5,36.8,9.8,3.0,45,60,4.5,53.9,25.0,23.75,43.5,9.4,1.6,60.0,70.0,29.99099958241133,0.16738340781013636,47.90377330920453,1.5243273767304648,23.159973084006232,8.173867459504203,1.319489313619327,14.834943464638092,-3.0624717257670637,1.33921607962024,92.78107438056941
281798495.0,4433339.0,17960178.0,0.0,1535924617.0,1817723112.0,2085379411.0,104163020.0,-371819319.0,-910729592.0,73988289.0,-7199983.0,66788306.0,6113189.0,642049081.0,-58180154.0,0.0,-58180154.0,-700229235.0,0.0,-8086806.0,0.0,61497667.0,KERVN,2021,1.0392412018551591,-0.20455223160522812,-0.17829816341272012,-1.23225020526797,0.7014820061278821,0.641190184385975,0.12870200230433443,0.1351305635384927,-0.8449325949949936,0.0033631024217290143,0.30788118344954735,0.0826237379269576,0.26255743133049736,0.04070382805365353,0.028082103639514203,-0.18013745742249965,-0.012313434805642474,-0.0843445029661063,1,11.4,19.6,16.0,8.89,26.8,12.0,17.0,37,42,1.9,12.3,10.25,7.01,23.6,13.2,2.2,34.0,36.0,18.35596981505509,0.04035722906074817,12.56732761396511,2.2143161764424635,11.223712098046114,1.6215667624619123,0.46402363981165023,-2.852770614603522,-31.2303038782101,0.5413160373569591,243.05769589918035
22990153.0,3339280.0,4250433.0,58158.0,3011902429.0,3034892582.0,2899264168.0,168359366.0,-32730952.0,-2771883256.0,7109.0,-6769.0,340.0,-335299096.0,860120425.0,-147182798.0,-41402376.0,-188585174.0,-1007303223.0,0.0,-18970212.0,0.0,281438029.0,KERVN,2022,0.9553103082447088,-0.010784879897933732,-0.011289399690190632,-0.1944112334088975,0.9818357421038093,2.019489667120747e-06,0.10774436460201606,0.12392337571460607,-0.8449325949949936,-0.11048137189061145,0.29666852523940135,-48.58576375831139,0.0010013699932637234,3.176650466975795e-05,-0.11384447431234047,-0.19193780519623438,-0.04070148563137402,-0.6411881648963078,1,5.5,72.3,10.5,16.55,86.2,10.4,8.5,54,72,11.4,19.6,16.0,8.89,26.8,12.0,17.0,37.0,42.0,10.030758236569442,-1.1490062676623591,0.00014600910293283,-1812.5148027292769,10.309275292089998,1.262045896521557,0.00014482320883751968,-0.11853869674700164,-31.2303038782101,0.9737080389687413,120.0839302726294
36044083.0,6545116.0,2665232.0,256409.0,7785184559.0,7821228642.0,6493137946.0,777400753.0,550689943.0,-6323644261.0,1168983.0,-1468286.0,-299303.0,-822941680.0,2269941437.0,15310810.0,-573854610.0,-558543800.0,-2254630627.0,0.0,-37693548.0,0.0,217440275.0,KERVN,2023,0.8301941092901757,0.07040964638762698,0.08481106478559326,0.708373307943014,1.0707851070335113,-0.0003850047724355626,0.10774436460201606,0.12392337571460607,-0.82558561558032,-0.10521897743543808,0.3495908227852087,-48.58576375831139,0.03243203607094124,0.0001494628342307449,0.005262394455173375,-0.12511619895453308,0.00014712041195123372,-0.00038702426210268333,1,4.5,53.9,25.0,23.75,43.5,9.4,1.6,60,70,5.5,72.3,10.5,16.55,86.2,10.4,8.5,54.0,72.0,20.754852732254392,-0.989058387893118,-0.020751757234276823,-1812.5148027292769,26.769627675837782,1.262045896521557,0.0006725827540383521,2.1202766196398315,-31.2303038782101,0.695032343870967,102.51048372528409
107188982.0,5061423.0,75786499.0,14146.0,7680006563.0,7787195545.0,5365390172.0,793712953.0,1628092420.0,-6841834947.0,3195565.0,-2929279.0,266286.0,-608413959.0,1405843037.0,629099113.0,-380793128.0,248305985.0,-776743924.0,-400085.0,-61849281.0,0.0,1330640492.0,KERVN,2024,0.6890015976862182,0.20907301102068318,0.3034434342718291,2.0512357948125866,1.246935861785883,0.00033549408384166813,0.10774436460201606,0.12392337571460607,-0.6752368242988561,-0.078130047651192,0.26202065309929895,-48.58576375831139,0.029812439118042936,0.00041036146858438753,0.027088929784246082,-0.14119251160395752,0.0002608986343536426,0.0007204988562772307,1,3.2,65.0,45.0,32.5,36.8,9.8,3.0,45,60,4.5,53.9,25.0,23.75,43.5,9.4,1.6,60.0,70.0,31.005071895879816,-0.7656744669816816,0.02180711544970843,-1812.5148027292769,56.11211378036474,1.262045896521557,0.0013131566994700403,13.65495454223231,-30.385657093448526,7.689394955343965,72.88238919984204
1795523526.0,19448273.0,509398900.0,363038616.0,1181848860.0,2977372386.0,735713313.0,1459677628.0,781981445.0,433864245.0,2422035082.0,-1859089302.0,562945780.0,250602890.0,322903718.0,-42011952.0,8520795.0,-33491157.0,-364915670.0,-208124491.0,-52804351.0,-3137542.0,319367934.0,KERVT,2018,0.24710154378384833,0.2626414648960206,1.062888806254346,0.5357220183414362,0.5383318469291252,0.3856644571386142,0.8178604969473635,1.947069442251618,0.35595487416467225,0.08416914564613014,0.43889883775964783,0.10346790261727513,1.3489297393923425,0.8134807367021775,-0.002104793789323739,-0.01065619996298943,-0.14007219989128428,0.097752635443772,1,3.0,16.3,17.75,4.83,39.0,10.9,1.9,14,20,3.75,17.950000000000003,16.875,7.95,32.9,11.45,2.05,35.5,39.0,4.386052402163307,0.9174436875428185,6.286330651359411,4.03524820207373,9.555390282991972,21.223056920542636,2.440442210106532,18.86627631101464,4.983368238305411,1.9039542568324204,65.44292099648818
1533120810.0,13208215.0,447038978.0,417527030.0,1170194195.0,2703315005.0,620562397.0,1116372739.0,966379869.0,-496423379.0,2492865759.0,-1879435873.0,613429886.0,302993362.0,420319137.0,205516975.0,-46593957.0,158923018.0,-214802162.0,-220546434.0,-59295803.0,-3930240.0,362667852.0,KERVT,2019,0.22955608053527599,0.3574795638734673,1.5572646258809653,0.8656426614874551,0.6737120867362084,0.5494848311590669,0.8826586429304635,1.7977141144760662,0.33757013567125893,0.11208215152122089,0.677319700697237,0.12154419503180315,1.6260073848974759,0.9221514157207883,0.027913005875090754,-0.01754546324857234,0.10867067901861083,0.16382037402045269,1,0.9,15.2,19.75,5.67,17.4,13.7,-0.6,8,25,3.0,16.3,17.75,4.83,39.0,10.9,1.9,14.0,20.0,4.5337325905717005,1.5355254758407262,8.352169433617815,2.1148689935533747,13.305813713040116,24.628683368322108,0.8299362741487095,30.755976361149063,2.7005610853700714,2.6495950578278986,19.545970172833155
2348202185.0,57508936.0,616127143.0,612880936.0,1191994026.0,3540196211.0,1093409010.0,999152164.0,1447635037.0,-356511215.0,3055708233.0,-2309686373.0,746021860.0,351217423.0,451548736.0,569864161.0,-124688729.0,445175432.0,-115248187.0,-254237363.0,-71372289.0,-4160364.0,187145617.0,KERVT,2020,0.30885548281267283,0.40891378633250564,1.3239647961196148,1.4488634355797683,0.5696340163482361,0.7466549009045633,1.1221665651529478,1.5870742175428023,0.35444170328784075,0.09920846248823918,0.4129733081310534,0.11493814075802178,1.3012969038694595,0.8631465746179231,-0.012873689032981708,0.07929940227739685,-0.05900484110286519,0.19717006974549645,0,1.9,12.3,10.25,7.01,23.6,13.2,2.2,34,36,0.9,15.2,19.75,5.67,17.4,13.7,-0.6,8.0,25.0,3.1657686988298965,1.3095517048447571,9.18385528112613,2.712540121889314,5.83874866756942,20.94937967156499,1.6399784917740539,13.570639160226051,12.051017911786586,0.5418464005722874,41.77615117984526
9372043065.0,175898669.0,2888657330.0,2662314865.0,5403433884.0,14775476949.0,7690722505.0,2279242356.0,4805512088.0,-670426255.0,4865330171.0,-3888437097.0,976893074.0,344823081.0,612708349.0,894753.0,-25405015.0,-24510262.0,-615779992.0,-349381253.0,-86136059.0,-5647807.0,132182416.0,KERVT,2021,0.5205058714209903,0.32523566613700655,0.6248453360364743,2.1083813554753017,0.5419712064519783,0.42860429977021713,0.9400276927415341,0.8724444544238565,0.11379128848451767,0.02333752623960728,0.07966850300497222,0.07087352119601915,0.5191322892197999,0.32928413666736384,-0.0758709362486319,0.21165038860831742,-0.5338624379505592,-0.3180506011343462,0,11.4,19.6,16.0,8.89,26.8,12.0,17.0,37,42,1.9,12.3,10.25,7.01,23.6,13.2,2.2,34.0,36.0,8.328093942735844,0.28005031487528737,8.400644275496257,1.8994103680533134,8.671539303231652,10.469333453086278,3.7538391580079478,9.997525376583589,4.210277673927154,0.14313708202449174,266.94507535803905
11414855084.0,453330768.0,3060393433.0,3162705792.0,5982688003.0,17397543087.0,8058969833.0,1954509832.0,7384063422.0,-626633974.0,24248480443.0,-20432251517.0,3816228926.0,1033554340.0,1895474136.0,1801542469.0,-551252534.0,1250289935.0,-118995402.0,-1427530192.0,-338886723.0,-25012806.0,553038038.0,KERVT,2022,0.4632245939957993,0.424431391551926,0.9162540095092077,3.7779617687796825,0.5974634395984465,1.9525248036715939,1.1399488954771848,1.0239707385687145,0.1928942054759229,0.05940806324384417,0.23520054985668043,0.04262346840370215,2.1242915713392336,1.3937876355149963,0.03607053700423689,-0.05728127742519096,1.0629385649726146,1.5239205039013768,0,5.5,72.3,10.5,16.55,86.2,10.4,8.5,54,72,11.4,19.6,16.0,8.89,26.8,12.0,17.0,37.0,42.0,4.863858236955893,0.6178438577359794,141.16754330545623,3.674142976399126,6.273366115783689,10.64929568111463,7.665831995332479,9.620667099846681,10.416287095699836,0.3337769804599076,129.6877715721523
12762488802.0,64100708.0,3843138101.0,4848965553.0,10516870648.0,23279359450.0,9970064559.0,2789073007.0,10520221884.0,1033173390.0,27298496089.0,-21764390373.0,5534105716.0,1024538080.0,2283626757.0,495925253.0,134593269.0,630518522.0,-1802878984.0,-2357724804.0,-672271436.0,-29584585.0,209994206.0,KERVT,2023,0.4282791620797797,0.4519119998381227,1.0551809190145487,3.771942096028467,0.8242618745662641,1.9842097005386852,1.000262653802631,0.7937283858263932,0.11995279547951651,0.044010578650178454,0.22904834201284735,0.03753093491523294,2.1389633724671375,1.172648076835293,-0.015397484593665717,-0.03494543191601962,-0.22113955867970336,0.031684896867091306,0,4.5,53.9,25.0,23.75,43.5,9.4,1.6,60,70,5.5,72.3,10.5,16.55,86.2,10.4,8.5,54.0,72.0,10.706979051994491,0.41369943931167746,106.94890285903513,1.6325956688126328,20.606546864156602,7.461046826768096,5.276916345758818,26.379522975363717,7.1971677287709905,0.2255154469037592,107.41874824978532
16347523572.0,2108994836.0,3542533574.0,3592855827.0,11453459179.0,27800982751.0,11801857056.0,3533306545.0,12465819150.0,1876086223.0,25001705086.0,-19088721481.0,5912983605.0,1464407873.0,4818555166.0,2651481280.0,-999282090.0,1652199190.0,-2252652922.0,-2495546608.0,-731746800.0,-29768834.0,2334579206.0,KERVT,2024,0.42451222540237316,0.4483949096925937,1.056259120140965,3.528088772156054,0.7468755780507699,1.6734986137468013,1.0660155963992444,1.0807339628398225,0.16350740391853566,0.052674680104512685,0.4082878773345482,0.05857232008628133,1.5293879207993841,0.8993101182763292,0.00866410145433423,-0.0037669366774065183,-0.2733379585589637,-0.31071108679188386,0,3.2,65.0,45.0,32.5,36.8,9.8,3.0,45,60,4.5,53.9,25.0,23.75,43.5,9.4,1.6,60.0,70.0,19.103050143106792,0.5162118650242243,108.77740989354209,2.155461379175153,33.60940101228464,10.591192835830261,2.8777923784842536,47.53166040634343,7.357833176334105,3.7788615320162067,76.95467906487545
3301916000.0,2792343000.0,12992000.0,324490000.0,1386073000.0,4687989000.0,261825000.0,138111000.0,4288053000.0,1142466000.0,1668431000.0,-695393000.0,973038000.0,717703000.0,1318086000.0,1360428000.0,-253659000.0,1106769000.0,-14298000.0,-4467000.0,-166753000.0,-41788000.0,994927000.0,KOZAA,2018,0.05585017370987858,0.9146892196206092,16.377553709538812,31.047874535699545,3.4657370179228675,7.045333101635641,7.55454406398396,11.371817053375347,0.6484850967013788,0.15309400256698555,5.034225150386709,0.43016642582162523,0.5052917760476039,0.35589481971907355,-0.02464701782848021,0.011054425331824113,-0.049538878134187114,-0.7223713680133286,0,3.0,16.3,17.75,4.83,39.0,10.9,1.9,14,20,3.75,17.950000000000003,16.875,7.95,32.9,11.45,2.05,35.5,39.0,0.9913405833503448,1.6687246279801424,114.83892955666094,16.776490607043385,61.516832068130896,123.95280588179128,1.0676844591572205,290.70157834431393,9.078791353819303,3.767063926557848,66.80480862840597
5145373000.0,4626571000.0,26156000.0,400304000.0,1547528000.0,6692901000.0,440812000.0,187873000.0,6064216000.0,1601251000.0,2924510000.0,-1032771000.0,1891739000.0,1585371000.0,2248743000.0,2248743000.0,-475631000.0,1773112000.0,0.0,-11926000.0,-169909000.0,-139240000.0,1506898000.0,KOZAA,2019,0.06586262070812043,0.9060668908743758,13.756921317931454,32.278273088735475,2.4615316096296236,10.069243584762047,7.55454406398396,10.764382548569458,0.7029180619883665,0.23687351717887356,5.101365207843706,0.542097992484211,0.5683766755102109,0.4369570086274995,0.08377951461188801,0.010012446998241852,0.08106218890842593,3.0239104831264063,0,0.9,15.2,19.75,5.67,17.4,13.7,-0.6,8,25,3.0,16.3,17.75,4.83,39.0,10.9,1.9,14.0,20.0,1.3007867589853785,3.2451671853505677,153.0525024883831,9.43250506922527,48.61524929018507,147.47204091540155,0.39326130776474955,271.6991960291462,5.623344495906932,4.446686944868899,20.36188192444401
7006421000.0,6188161000.0,20949000.0,423014000.0,1630860000.0,8637281000.0,673354000.0,209495000.0,7754432000.0,2397289000.0,3326827000.0,-1267826000.0,2059001000.0,1609363000.0,2247834000.0,2257726000.0,-561537000.0,1696189000.0,0.0,-8466000.0,-263227000.0,-131332000.0,1344520000.0,KOZAA,2020,0.07795902437352681,0.8977862362009525,11.516129702949712,37.01487863672164,1.847269465106717,9.828401632497195,7.55454406398396,9.777037041437342,0.7037999406520007,0.18632750283335694,3.338264865137803,0.4837531377495734,0.4748254493984875,0.3851706341382201,-0.050546014345516616,0.012096403665406374,-0.05178637448927936,-0.2408419522648515,0,1.9,12.3,10.25,7.01,23.6,13.2,2.2,34,36,0.9,15.2,19.75,5.67,17.4,13.7,-0.6,8.0,25.0,0.7990799998286497,2.4595230374003116,120.88934007971551,11.416574050889933,18.93451201734385,129.05688894697292,0.7318242048626182,118.04032945523454,24.929636768793326,1.595563464937635,43.47077197520429
9753790000.0,9178005000.0,26786000.0,450317000.0,2527775000.0,12281565000.0,1194037000.0,424010000.0,10663518000.0,3096800000.0,4149686000.0,-1638724000.0,2510962000.0,1995840000.0,3960513000.0,3949170000.0,-1039914000.0,2909256000.0,-11343000.0,-8266000.0,-281788000.0,-295682000.0,2379522000.0,KOZAA,2021,0.09722189313821163,0.8682540050881138,8.93064285277592,25.14921346194665,1.5622383033372949,5.9219405202707485,6.028125264593673,7.791611985223239,0.6969594672991594,0.16250697692028662,3.316909777502707,0.48096169204127737,0.425443443010358,0.33787925235912525,-0.023820525913070323,0.019262868764684818,-0.047291381779094865,-3.906461112226447,0,11.4,19.6,16.0,8.89,26.8,12.0,17.0,37,42,1.9,12.3,10.25,7.01,23.6,13.2,2.2,34.0,36.0,1.555550290211386,1.9500837230434396,116.07003419730668,12.889773346706233,24.995812853396718,93.49934382267887,3.851823476894028,142.89028564441472,25.787500290068895,3.099959329287432,264.8375632177786
19054502000.0,863598000.0,71050000.0,1410198000.0,10723416000.0,29777918000.0,1904963000.0,1353063000.0,26519892000.0,10161765000.0,11591154000.0,-5207349000.0,6383805000.0,4230562000.0,8657151000.0,-1715896000.0,-1911950000.0,-3627846000.0,-10373047000.0,-126862000.0,-848929000.0,-540802000.0,2104905000.0,KOZAA,2022,0.06397233681683186,0.8905891943150626,13.921473540430968,19.59989446167695,3.2913844149801137,4.718039736508943,5.848480644414747,9.26228173460587,0.5759146425213475,0.14207044293694407,4.544524486827303,0.36498195089117097,0.6083157670559954,0.3892533386652485,-0.020436533983342553,-0.03324955632137977,0.05137408630612328,-1.2039007837618056,0,5.5,72.3,10.5,16.55,86.2,10.4,8.5,54,72,11.4,19.6,16.0,8.89,26.8,12.0,17.0,37.0,42.0,0.6717095365767345,1.4775326065442185,341.11427294959657,31.46144416681894,34.559536357291194,96.32773003990104,2.140893362658867,146.17547217452517,25.996504203423882,0.7422111411549994,132.6436812198585
17701240000.0,1540839000.0,119926000.0,2243967000.0,21403075000.0,39104315000.0,3022678000.0,962459000.0,35119178000.0,9630224000.0,12411893000.0,-7602090000.0,4809803000.0,366684000.0,10815677000.0,-422742000.0,1253756000.0,831014000.0,-11238419000.0,-162616000.0,-1410449000.0,-890890000.0,-1785080000.0,KOZAA,2023,0.0772978122746812,0.8980895842313055,11.6185640680218,36.48901199947218,5.370725021498633,4.997410798797663,4.441814672870719,5.1137676590096595,0.3753693678050619,0.00937707258137625,3.578177033742926,0.029542955292959746,0.7011877698963462,0.31740469050538284,-0.13269337035556783,0.013325475457849345,-0.07184864815986569,0.2793710622887202,0,4.5,53.9,25.0,23.75,43.5,9.4,1.6,60,70,5.5,72.3,10.5,16.55,86.2,10.4,8.5,54.0,72.0,1.93244530686703,0.08814448226493675,269.360442055194,1.285118555243749,134.26812553746583,48.0694159946908,1.4283211072742228,290.46410170054503,22.522162068303714,-1.1412295548458016,109.75274395157247
14656096000.0,989727000.0,83415000.0,3039748000.0,20844990000.0,35501086000.0,2175120000.0,1095606000.0,32230360000.0,9372324000.0,9237206000.0,-6324161000.0,2913045000.0,-571441000.0,5659099000.0,-1193177000.0,-469774000.0,-1662951000.0,-6852276000.0,-186799000.0,-1076557000.0,-1088105000.0,738013000.0,KOZAA,2024,0.06126911159844518,0.9078696916483062,14.817738791423002,29.41783816444963,6.373199711623658,2.6588435988850008,4.48099168196908,5.340555003861856,0.3515660337827412,-0.016096437162513844,2.6017410533671708,-0.06186297025312632,0.6302637482723912,0.26019502614652407,-0.025473509743890094,-0.01602870067623602,-0.05720966435885877,-2.3385671999126623,0,3.2,65.0,45.0,32.5,36.8,9.8,3.0,45,60,4.5,53.9,25.0,23.75,43.5,9.4,1.6,60.0,70.0,2.7571100219300333,-0.1577450841926357,172.82483392752505,-2.2765573053150483,286.79398702306463,52.33743903784619,0.8326240836688771,666.7982456140351,15.820471520223354,0.9354808188121344,77.73705319842934
1994230558.0,186634114.0,552544517.0,1125947902.0,3640347555.0,5634578114.0,1441108492.0,1396211716.0,2797257905.0,349333600.0,3820917701.0,-2651480894.0,1169436807.0,1117609466.0,1139762975.0,729605355.0,-172319243.0,557286112.0,-815688748.0,-21136856.0,-40650317.0,0.0,155393731.0,KRDMD,2018,0.2557615606427282,0.49644495974769975,1.9410460215371488,2.0034625644124016,1.2830231651164332,0.8375784228127764,0.7028570662113801,0.6025102626346885,0.098165657624957,0.1983483844554613,0.7908932473350522,0.2924976546099128,1.9159859353634476,0.6781195723431939,-0.03182216974385202,-0.011625853568906303,0.008438738407858748,-0.07192239065877615,0,3.0,16.3,17.75,4.83,39.0,10.9,1.9,14,20,3.75,17.950000000000003,16.875,7.95,32.9,11.45,2.05,35.5,39.0,4.539767701408426,2.161997390564528,13.652528291848256,11.407408529786599,22.77366118081669,6.567361862718105,2.0343587170295816,34.45356688228439,1.3743192067493981,0.4895200083208927,67.35656433833992
2280552112.0,147097230.0,659693948.0,1194997205.0,3896975424.0,6177527536.0,2158582219.0,1362835139.0,2656110179.0,696687676.0,4158711343.0,-3783886777.0,374824565.0,169228542.0,190953956.0,-23952937.0,79147130.0,55194193.0,-416820916.0,-15902538.0,-50628992.0,0.0,839781027.0,KRDMD,2019,0.34942494491861054,0.42996330870584076,1.2304883064544505,1.94895927100101,1.1066496892944122,0.27503294732702077,0.6476233518491173,0.5029018109409341,0.01974412777429342,0.027394218967670823,0.08846267439767139,0.04069254344494186,1.823554621320576,0.6731999685577768,-0.17095416548779047,0.09366338427588233,-0.004919603785417115,-0.5625454754857556,0,0.9,15.2,19.75,5.67,17.4,13.7,-0.6,8,25,3.0,16.3,17.75,4.83,39.0,10.9,1.9,14.0,20.0,6.901142662142558,0.37530079985709025,4.180500799370716,0.7080502559419883,21.856331363564642,6.889754809890797,0.6058799717019991,24.3021440524754,0.15795302219434737,2.6848403647892702,20.289765557955345
3375260240.0,985702359.0,876707818.0,1245606569.0,4029720016.0,7404980256.0,3297699174.0,1435969386.0,2671311695.0,776467772.0,5146439427.0,-4363434273.0,783005154.0,372080725.0,381431277.0,52670167.0,-11159564.0,41510604.0,-611121578.0,-24427959.0,-59542433.0,0.0,1157308490.0,KRDMD,2020,0.44533530948012834,0.3607452825867467,0.810053177700799,1.8602845722506232,0.8512890085292982,0.5452798378808892,0.7130326503651466,0.645799861852408,0.010474175935466533,0.05024736219904379,0.1156658800194126,0.0722986698430639,1.5247533704245573,0.6949970491589114,0.02285314323137297,0.0959103645615178,0.02179708060113461,0.2702468905538684,0,1.9,12.3,10.25,7.01,23.6,13.2,2.2,34,36,0.9,15.2,19.75,5.67,17.4,13.7,-0.6,8.0,25.0,4.564686922171315,0.663265181027378,6.706942005934938,1.7062486082963082,8.725712337425307,8.524558176451785,1.3204943934019315,8.30304507143319,0.35612198180586213,1.6019505268617424,43.178295374876534
8444011492.0,3666209480.0,1157820790.0,2187740966.0,6486345041.0,14930356534.0,6563801396.0,1548770143.0,6817784994.0,840796776.0,10105152597.0,-6832066109.0,3273086488.0,3283396916.0,3376324576.0,3057276193.0,-420449571.0,2636826622.0,-574569666.0,-30493033.0,-63244309.0,0.0,3474525118.0,KRDMD,2021,0.4396279071469359,0.45663912837407933,1.0386945891072783,4.4020638083801185,0.7995424150059329,2.1133455489140327,1.0408551037566567,0.9531474443776726,0.12593202926656916,0.2199141667195233,0.5143855476884999,0.3249230414367784,1.1967241644061941,0.6768192423260722,0.1696668045204795,-0.005707402333192446,-0.018177806832839205,1.5680657110331435,0,11.4,19.6,16.0,8.89,26.8,12.0,17.0,37,42,1.9,12.3,10.25,7.01,23.6,13.2,2.2,34.0,36.0,7.034046514350974,2.6389700006342798,41.421572758715044,8.707937510505662,12.792678640094927,11.43776933253207,7.715739362517223,16.619113425716453,4.659485082863059,3.72344771281267,267.06395054589706
21006399923.0,2132892563.0,4727262810.0,11446018799.0,23922366240.0,44928766163.0,15193166619.0,4682042150.0,25053557394.0,16317626436.0,37073391196.0,-34214443494.0,2858947702.0,1608370022.0,1906061823.0,2251255847.0,-1492927167.0,758328680.0,-192640746.0,-96897232.0,-298891033.0,0.0,-5599697167.0,KRDMD,2022,0.33816122534680165,0.557628431261757,1.649001687552677,5.350989288723084,1.2036284256451424,0.6106198129805388,1.0569146803511495,0.6292553332525261,0.129387779822615,0.035798223707388034,0.12545520435590768,0.04338340707751422,1.7648617246122302,0.8251593436040292,-0.18411594301213527,-0.10146668180013424,0.14834010127795705,-1.502725735933494,0,5.5,72.3,10.5,16.55,86.2,10.4,8.5,54,72,11.4,19.6,16.0,8.89,26.8,12.0,17.0,37.0,42.0,3.5506928661414174,0.37230152655683557,44.14781247849295,3.739649690081726,12.638098469273995,6.544255465826272,4.538376389822161,17.314517719303108,6.9869401104212105,-1.308667592610649,134.9058925408359
24915515593.0,4700332079.0,5095725623.0,12137084715.0,34338516686.0,59254032279.0,18997845359.0,3849230601.0,36406956320.0,24260341440.0,51008554669.0,-48845046504.0,2163508166.0,-3004135530.0,-2911537629.0,109341170.0,1459749061.0,1569090230.0,1999476729.0,-145193443.0,-449767824.0,0.0,6510607411.0,KRDMD,2023,0.3206169205421815,0.6144215831350748,1.9163729166135486,9.458242462933178,1.5029720541754163,0.5620624977464165,1.0905341076342503,0.6726252707361033,0.09986949421663678,-0.05069925901168897,-0.1532562021629834,-0.05889473931371235,2.0472606508424342,0.8608452911495401,-0.086497482719077,-0.01754430480462016,0.03568594754551091,-0.04855731523412232,0,4.5,53.9,25.0,23.75,43.5,9.4,1.6,60,70,5.5,72.3,10.5,16.55,86.2,10.4,8.5,54.0,72.0,8.015423013554537,-0.4765730347098764,30.295168628531847,-2.561921160146487,37.57430135438541,6.3226775449193715,3.8738038101729306,47.90932291533871,5.992169652998207,2.7469047930546493,111.62294851494494
21413724178.0,1912774016.0,3231302337.0,12035588894.0,34659369407.0,56073093585.0,16393734661.0,4476296004.0,35203062921.0,25829431600.0,38669048585.0,-36579625375.0,2089423209.0,-725884634.0,-664796007.0,-973418149.0,-1101295174.0,-2074713323.0,-1166662797.0,-180938602.0,-576286469.0,0.0,-542810549.0,KRDMD,2024,0.2923636563077992,0.6278066835680545,2.1473485846240146,7.864328652426623,1.6607244121967717,0.4667750316629865,1.0260513998639136,0.5720560615336898,0.08952581703719104,-0.012945328812644286,-0.040551834023611566,-0.018771722102352832,1.8058067930438624,0.6896186051583264,0.03775393019904469,-0.02825326423438229,-0.1712266859912137,-0.09528746608342997,0,3.2,65.0,45.0,32.5,36.8,9.8,3.0,45,60,4.5,53.9,25.0,23.75,43.5,9.4,1.6,60.0,70.0,13.156364533850963,-0.126864222363914,30.340377058094123,-0.6907993733665841,74.73259854885472,5.606149403030161,2.2067795365066445,96.63068630808066,4.028661766673596,-0.4356184605362005,79.19975014138318
8175391.0,4805116.0,1289422.0,0.0,16310428.0,24485819.0,9475673.0,126739.0,14883407.0,-13642932.0,3601834.0,-2867547.0,734287.0,-451039.0,-316516.0,1169199.0,-562415.0,606784.0,-30139.0,0.0,-1523497.0,0.0,10257221.0,KUVVA,2021,0.38698615717121815,0.6078378264578367,1.5706965616057034,117.43352085782593,1.6985761494091276,5.793694127300989,0.8513893176006195,0.8627768180687535,-0.05310347185038001,-0.01842041714022308,-0.033403010002561295,-0.12522481602428095,0.44057024306238074,0.14709877582612205,-0.10020308819140306,-0.14984745905026658,0.14002768537579852,5.225677103341342,1,11.4,19.6,16.0,8.89,26.8,12.0,17.0,37,42,1.9,12.3,10.25,7.01,23.6,13.2,2.2,34.0,36.0,6.19177851473949,-0.221045005682677,113.55640489509939,-3.35602506945073,27.17721839054604,10.353321816825042,1.6769260444177914,25.131144985691254,-1.9648284584640603,6.7024728068111585,193.9550934843493
42256501.0,8534734.0,17857557.0,7796355.0,165480509.0,207737010.0,91758595.0,45436643.0,70541772.0,-163247443.0,51879060.0,-23170017.0,18018407.0,1364230.0,1364230.0,5140702.0,-1696344.0,3444358.0,3776472.0,-13083892.0,-5290849.0,0.0,-96374397.0,KUVVA,2022,0.44170557282980055,0.33957248157177194,0.7687756334978756,1.5525304543295595,1.2061680231204526,0.39656114119170294,0.3080026800930219,0.37555224118242003,-0.23829212714672268,0.00656710135569969,0.014867599051620177,0.026296351553015802,1.2277178368365143,0.24973431551749012,0.024987518495922772,0.054719415658582404,0.10263553969136807,-5.397132986109286,1,5.5,72.3,10.5,16.55,86.2,10.4,8.5,54,72,11.4,19.6,16.0,8.89,26.8,12.0,17.0,37.0,42.0,4.6379085147129055,0.06829785409927677,28.67137050816012,2.2667455038699624,12.664764242764752,3.9057433082971684,1.3735387353461956,8.072144151727693,-12.867774865923025,-4.8712127343124845,105.33480904468016
71494619.0,1268653.0,59689320.0,4199000.0,820254785.0,891749404.0,122304492.0,78887517.0,690557395.0,-230721732.0,105857922.0,-43263054.0,62594868.0,26274785.0,26274785.0,158059259.0,-18268184.0,139791075.0,131067284.0,-34983515.0,-5967095.0,0.0,-194303226.0,KUVVA,2023,0.13715119006684529,0.774385036763086,5.646214490633754,8.753696671680007,4.07697497071069,0.7934698717922634,0.35535516224205504,0.5502301501730615,-0.05697774820155641,0.029464314618145793,0.21483090743715283,0.24820801791291539,1.4806418088611675,0.11870814998604698,0.022897213262446103,-0.30455438276295527,-0.13102616553144314,0.3969087306005604,1,4.5,53.9,25.0,23.75,43.5,9.4,1.6,60,70,5.5,72.3,10.5,16.55,86.2,10.4,8.5,54.0,72.0,3.428779751671132,0.27696455741057047,42.76802608960299,10.797048779211819,101.92437426776726,5.172163411626778,0.5341866749372114,141.15536226584385,-3.4186648920933846,-5.447248552352271,92.73913071234435
821990259.0,23590381.0,534630421.0,240699994.0,2036037270.0,2858027529.0,2003069133.0,97037453.0,757920943.0,-90930656.0,193649128.0,-149687653.0,43961475.0,-3756391.0,57237092.0,40915336.0,-18685632.0,22229704.0,-18756336.0,-45307602.0,-6697466.0,0.0,2111577912.0,KUVVA,2024,0.7008571865299202,0.2651902178371215,0.37837982250011537,7.81060219088809,0.9694923503277847,0.45303615914156364,0.39140406705052827,0.29019980160614856,-0.41324964928285685,-0.0013143298872682063,0.02857469622842019,-0.019397923650861987,0.23558567255478877,0.06775621509417588,-0.030778644505414,0.3289513826589396,-0.050951934891871095,-0.3404337126506997,1,3.2,65.0,45.0,32.5,36.8,9.8,3.0,45,60,4.5,53.9,25.0,23.75,43.5,9.4,1.6,60.0,70.0,31.53857339384641,-0.012880432895228423,29.447350344201638,-0.7138435903517211,43.62715576475031,2.843958055740256,0.21681988830136284,17.027092012505193,-18.596234217728558,9.862780654745045,69.67487215573766
227507326.0,80919777.0,137887595.0,787560.0,335650875.0,563158201.0,131938977.0,112645661.0,318573563.0,160744977.0,321092099.0,-63953940.0,257138159.0,64290282.0,67046255.0,68412933.0,-1308079.0,67104854.0,-11239814.0,-59893171.0,-45718868.0,-83306746.0,101171199.0,LOGO,2018,0.23428403735525108,0.565691065910625,2.4145523198955834,2.828103276876328,1.3723301583642387,2.282716943708999,0.9301783131612705,1.7183683787392106,0.1697007143468732,0.11416025174780328,0.5081610948067302,0.20022380556925506,1.4113483932381148,0.5701632302074919,0.01309609125375178,0.04929040529837719,-0.03678367797353377,0.31061257695372335,0,3.0,16.3,17.75,4.83,39.0,10.9,1.9,14,20,3.75,17.950000000000003,16.875,7.95,32.9,11.45,2.05,35.5,39.0,4.158541663055707,1.2443467440510558,37.20828618245669,7.808728417200948,24.358860310965238,18.730215328257394,1.7104896906224758,42.858303678146605,2.375810000856225,3.188782084787575,60.44721342923838
375900470.0,152183722.0,211156878.0,538114.0,399831802.0,775732272.0,242046963.0,139084303.0,394601006.0,228448354.0,422133386.0,-75030599.0,347102787.0,92545747.0,97992969.0,91507590.0,-5222466.0,86285124.0,-12931385.0,-83760534.0,-69559623.0,-101520557.0,134412519.0,LOGO,2019,0.31202384087483215,0.5086819515483558,1.630266296710362,2.837135445831008,1.0490658669813775,2.49562876265052,0.9862756051087134,1.5507831676450325,0.17255116466264536,0.11930114337179465,0.4048510577676614,0.2192334225845856,1.1229924399934907,0.5441740678283912,0.005140891623991367,0.07773980351958107,-0.02598916237910076,0.2129118189415209,0,0.9,15.2,19.75,5.67,17.4,13.7,-0.6,8,25,3.0,16.3,17.75,4.83,39.0,10.9,1.9,14.0,20.0,6.162470857277935,1.6344256641935866,37.9335571922879,3.8146615529717893,20.719050872882207,21.245729396736944,0.48975666104555204,32.19775936002965,1.380409317301163,3.4221178440929942,18.42238620747762
543820036.0,261595709.0,235668367.0,2846711.0,553699940.0,1097519976.0,406374780.0,153395136.0,537750060.0,314759107.0,545023892.0,-99573299.0,445450593.0,105493796.0,114478618.0,118070266.0,-4262303.0,113807963.0,-20590005.0,-121204221.0,-91851838.0,-118552365.0,264094117.0,LOGO,2020,0.37026640870908395,0.489968357532656,1.3232860070696317,3.5056526173033284,0.9891563018545642,2.903942097616446,0.9715063644113379,1.3312177615943588,0.12523257799910878,0.09612016027670006,0.28170699471064614,0.19355811286159177,1.0022137029169702,0.4965958742604244,-0.023180983095094587,0.0582425678342518,-0.047578193567966776,0.4083133349659258,0,1.9,12.3,10.25,7.01,23.6,13.2,2.2,34,36,0.9,15.2,19.75,5.67,17.4,13.7,-0.6,8.0,25.0,3.7952306892681107,1.2687861156524407,35.71848780068228,4.567971463533566,10.138852094009282,17.572074453045534,0.9435321610948063,13.563681572463725,4.257907651969698,2.4664377491476293,39.551005917817925
796274000.0,259390000.0,333670000.0,5929000.0,1011197000.0,1807471000.0,742156000.0,231809000.0,833506000.0,332943000.0,766766000.0,-142733000.0,624033000.0,211784000.0,223466000.0,300069000.0,-22730000.0,277339000.0,-39668000.0,-143006000.0,-98204000.0,-175441000.0,373166000.0,LOGO,2021,0.41060465147158653,0.4611448814393149,1.1230873293485466,3.595658494709006,1.0382272463589555,2.692013683679236,0.8175591525362821,1.0649310926543745,0.029941282598724958,0.11717145116021226,0.30110381105859146,0.27620421354102814,0.9629424042477841,0.4242203609352515,0.021051290883512194,0.040338242762502585,-0.07237551332517289,-0.21192841393720974,0,11.4,19.6,16.0,8.89,26.8,12.0,17.0,37,42,1.9,12.3,10.25,7.01,23.6,13.2,2.2,34.0,36.0,6.569674423545385,1.406057413922547,52.76346820011303,7.402272922899554,16.611635941743288,12.779173111852494,4.8361121146618675,17.969397269576746,1.1078274561528234,3.303320495875176,242.99321693073642
1789379000.0,377579000.0,638397000.0,13829000.0,3111479000.0,4900858000.0,1989466000.0,465527000.0,2445865000.0,812752000.0,2887365000.0,-605437000.0,2281928000.0,710231000.0,822685000.0,389869000.0,-57200000.0,332669000.0,-793365000.0,-457120000.0,-401784000.0,-709619000.0,175119000.0,LOGO,2022,0.4059423880471542,0.4990687344950619,1.2294077908343244,5.253970231586997,1.2674085017757688,4.901816650806506,0.7288733613497065,0.892475669350469,-0.040826932753407666,0.14491972630098648,0.4135205125395458,0.24597894620181376,1.6136128791049855,0.58915500102227,0.02774827514077423,-0.0046622634244323224,0.16493464008701852,2.2098029671272696,0,5.5,72.3,10.5,16.55,86.2,10.4,8.5,54,72,11.4,19.6,16.0,8.89,26.8,12.0,17.0,37.0,42.0,4.262395074495119,1.5071651535302595,354.4013438533104,21.203385162596348,13.307789268645573,9.281746961244878,3.2403525056224853,12.908781803760405,-2.204654368684014,0.3751893035872494,122.71971870826378
2476160000.0,704755000.0,1177629000.0,52407000.0,5238028000.0,7714188000.0,3731937000.0,657577000.0,3324674000.0,1165271000.0,3135800000.0,-122458000.0,3013342000.0,416610000.0,567246000.0,293027000.0,-76334000.0,187766000.0,-939043000.0,-947671000.0,-425226000.0,-1152171000.0,976969000.0,LOGO,2023,0.48377573893713766,0.43098171836102517,0.8908708801890278,5.055946299824964,1.1933047713254816,4.582493000819676,0.5641080083125376,0.6494624641305574,-0.162787969388353,0.054005684071998246,0.15199774272716823,0.13285604949295235,1.2663963556474542,0.4064977415639857,-0.09091404222898825,0.07783335088998344,-0.18265725945828432,-0.3193236499868295,0,4.5,53.9,25.0,23.75,43.5,9.4,1.6,60,70,5.5,72.3,10.5,16.55,86.2,10.4,8.5,54.0,72.0,12.094393473428442,0.5076534302767836,246.99637274418055,5.779238152943427,29.832619283137042,6.10494716282724,1.8292398370379357,22.271772004725694,-9.76727816330118,3.1661433452231136,102.44847180468817
4245551000.0,443806000.0,1201961000.0,14461000.0,3020974000.0,7266525000.0,3736122000.0,627318000.0,2903085000.0,812707000.0,4084053000.0,-145458000.0,3938595000.0,948075000.0,1008698000.0,304738000.0,768000.0,363452000.0,-870861000.0,-1052240000.0,-437401000.0,-1421398000.0,1594966000.0,LOGO,2024,0.5141552530267218,0.39951489879963253,0.7770316386884583,4.627772517287883,0.6923376968630255,6.278466423727679,0.9729825550483105,1.1324817551461115,0.07010627500765497,0.13047158029456996,0.2699852949127464,0.23214071903572261,0.9619606501017183,0.5620365993373724,0.07646589622257172,0.03037951408958417,0.15553885777338666,1.6959734229080023,0,3.2,65.0,45.0,32.5,36.8,9.8,3.0,45,60,4.5,53.9,25.0,23.75,43.5,9.4,1.6,60.0,70.0,23.136986386202484,1.2786214868867856,408.1003175422991,8.542778460514592,31.155196358836147,11.098321200431894,1.7985171178795918,34.96642374098062,3.1547823753444737,9.862780654745045,72.66094087190548
486438240.0,4048094.0,297954323.0,105967597.0,138320430.0,624758670.0,326053726.0,51961764.0,246743180.0,19993551.0,564709616.0,-518504562.0,46205054.0,23595095.0,24007417.0,13771489.0,2196154.0,15967643.0,-10916821.0,-1869352.0,-7288672.0,0.0,-130189995.0,MEGAP,2021,0.5218874769677065,0.39494158600472085,0.7567562040373678,4.748552801248241,0.36591206884141175,0.8892125756161781,1.2868209183703028,1.1668955532806884,0.2567143469973774,0.03776673479377245,0.07363024889953258,0.04178270447585224,1.160907119473173,0.9038844006758642,-0.03820718248853151,-0.09666895769946737,-0.74728577978044,0.16493260604156712,1,11.4,19.6,16.0,8.89,26.8,12.0,17.0,37,42,1.9,12.3,10.25,7.01,23.6,13.2,2.2,34.0,36.0,8.350199631483305,0.45320081752526936,17.42856648207709,1.1197764799528402,5.854593101462588,14.002746639368262,10.304282167704852,12.108099264597884,9.498430838902964,-3.334151281165894,230.88278645852833
2192346268.0,71065556.0,1368797024.0,449603342.0,627094695.0,2819440963.0,1867086910.0,132188102.0,820165951.0,254130378.0,2950343226.0,-2530918650.0,419424576.0,379981648.0,387168819.0,88205287.0,-6837387.0,81367900.0,-299261900.0,-8954744.0,-37204362.0,0.0,21103337.0,MEGAP,2022,0.6622188350464141,0.2908966570902446,0.4392757223068957,6.2045368576364,0.3136610477478423,3.1729374251852107,1.096570634275501,0.9334021446275363,0.11536306745501448,0.13477198245558725,0.20736518312369295,0.1287923535985233,1.3457469146475176,1.0464284461770446,0.0970052476618148,0.14033135807870756,0.14254404550118038,2.2837248495690328,1,5.5,72.3,10.5,16.55,86.2,10.4,8.5,54,72,11.4,19.6,16.0,8.89,26.8,12.0,17.0,37.0,42.0,6.953297767987348,1.4016286175381074,229.40337584089073,11.10190088019271,3.2934410013523445,9.707382304126378,5.755356453973745,4.612395084222405,6.229605642570782,0.07859183483814625,119.67892454195344
4193276989.0,21781849.0,2482981783.0,1141211870.0,1203370151.0,5396647140.0,3536830276.0,56470434.0,1803346430.0,484389056.0,5900237885.0,-4810056244.0,1090181641.0,929906934.0,917417879.0,276025388.0,80619556.0,356644944.0,-641621833.0,-17551355.0,-72134428.0,0.0,-13774082.0,MEGAP,2023,0.6553754922727818,0.33416052286123715,0.5098764399968623,31.934346918601687,0.33489269285230516,19.305352620452677,1.1669707957728925,0.8629379644566241,0.12163973222084704,0.17231197628385242,0.25938985119680646,0.15760499019269628,1.407070866169294,1.0933154849549789,0.03753999382826517,-0.006843342773632299,0.04688703877793432,16.132415195267466,1,4.5,53.9,25.0,23.75,43.5,9.4,1.6,60,70,5.5,72.3,10.5,16.55,86.2,10.4,8.5,54.0,72.0,16.384387306819544,1.6197325770682127,1040.5585062423993,6.855817073382288,8.372317321307628,8.111616865892266,4.9199196822974045,12.746910999921557,7.298383933250822,-0.06380851685626421,100.84069663955285
13164737812.0,32648122.0,8711166175.0,1581454783.0,1237045465.0,14401783277.0,11931017560.0,29849309.0,2440916408.0,841034000.0,12170733578.0,-11248289416.0,922444162.0,821460450.0,821349330.0,475808702.0,9129786.0,484938488.0,-345917532.0,-9033329.0,-115974141.0,0.0,109287653.0,MEGAP,2024,0.8284402931582874,0.16948709483069385,0.20458576946390816,81.77463699410931,0.10342439879555522,30.90336737778419,1.1006508103622636,0.9708545788947779,0.08566440893262721,0.057038800973480304,0.06884151547590213,0.0674947360186147,0.9244949464094956,0.8450851775722079,-0.11527317531037212,0.17306480088550558,-0.24823030738277096,11.598014757331512,1,3.2,65.0,45.0,32.5,36.8,9.8,3.0,45,60,4.5,53.9,25.0,23.75,43.5,9.4,1.6,60.0,70.0,37.14014261674661,0.558980249540107,2008.7188795559723,2.483806285485021,4.654097945799985,9.514374873168824,2.7042725682310653,9.206359625875868,3.8548984019682244,0.34148162699087947,74.84997719853294
19747086.0,2817126.0,10663237.0,1849236.0,31835801.0,51582887.0,18495770.0,1012619.0,32074498.0,18499219.0,24341132.0,-18800420.0,5540712.0,4327016.0,4363732.0,3536363.0,164276.0,3700639.0,-2130908.0,0.0,-664249.0,0.0,1745085.0,MIATK,2018,0.3585640718403373,0.6218050183968958,1.7341531604253297,31.67479377732395,1.6319031263934711,5.4716650586252085,1.0122356079735748,0.967672608385593,0.024258355295235803,0.0838847193643892,0.23593135078993738,0.17776560268437802,1.2326442493844407,0.4718838633440583,0.0008245481665417331,-0.039748864126024464,-0.17107085182881357,0.4776265172924159,0,3.0,16.3,17.75,4.83,39.0,10.9,1.9,14,20,3.75,17.950000000000003,16.875,7.95,32.9,11.45,2.05,35.5,39.0,6.364512275165986,0.9143434410718423,89.1881404555909,6.932858504690743,28.966280493484113,10.547631431402964,1.415651590032175,30.781218597549604,0.3396169741333013,0.6004948647019311,53.27610158447354
34230819.0,2504805.0,8698051.0,17299102.0,31899505.0,66130324.0,19511619.0,1222685.0,45396020.0,11116068.0,79452227.0,-66993636.0,12458591.0,12192973.0,13113012.0,13527507.0,-55591.0,13471916.0,-1462271.0,0.0,-503444.0,0.0,4109491.0,MIATK,2019,0.2950479873650702,0.6864629908663384,2.3266147212079122,37.128140117855374,1.5384893073816224,10.189534508070354,1.650926840852724,0.8677761184246167,0.22257867661437739,0.18437794135108124,0.6720617084620195,0.15346294824435822,2.321072919698474,1.2014492322765575,0.10049322198669204,-0.06351608447526708,0.7295653689324992,4.717869449445145,0,0.9,15.2,19.75,5.67,17.4,13.7,-0.6,8,25,3.0,16.3,17.75,4.83,39.0,10.9,1.9,14.0,20.0,5.827197750460137,2.525977796509813,154.88092452266937,2.6702552994518327,30.385163820787042,11.888532822417247,1.0813043090489018,45.95064074385627,1.780629412915019,1.2273105943046643,16.252965664963387
43739369.0,8417053.0,20850524.0,3265196.0,51214848.0,94954217.0,21281249.0,6386173.0,67286795.0,13843135.0,86477819.0,-63614841.0,22862978.0,21630645.0,22015094.0,21919267.0,270296.0,22189563.0,-3649695.0,0.0,-1204023.0,0.0,27662950.0,MIATK,2020,0.224121157252026,0.7086235569716719,3.161787872506919,10.536325119911409,1.8510885473897785,3.5800749525576587,1.5808978877757385,1.901870186284649,0.23651524607906566,0.22780078319217775,1.034483173426522,0.2501294002338334,1.9771162908180042,0.9107317371697141,0.043422841841096516,-0.07092683011304421,-0.2907174951068434,-6.609459555512695,0,1.9,12.3,10.25,7.01,23.6,13.2,2.2,34,36,0.9,15.2,19.75,5.67,17.4,13.7,-0.6,8.0,25.0,2.2972418618332666,3.006970338136746,44.034921916459204,5.9030538455184685,18.973657610745228,25.104686458957364,1.7303903006224568,32.40832569319592,8.041518366688232,2.9861258031331035,34.90092027346191
133719292.0,68406511.0,55339725.0,5120226.0,166955224.0,300674516.0,50094806.0,5085129.0,245494581.0,36032698.0,164195110.0,-103585575.0,60609535.0,53997665.0,56239356.0,54761817.0,-606036.0,54155781.0,-23610031.0,0.0,-6256031.0,0.0,57868256.0,MIATK,2021,0.1666080872647019,0.8164795083597973,4.900599495285,48.2769622953518,3.0256509725863214,11.918976883378967,2.4233318143633187,2.5671137642493314,0.27812295871459886,0.17958843242970415,1.1226584249073646,0.3288628083991052,1.227908909359167,0.5460892136266048,-0.0482123507624736,-0.05751306998732411,-0.36464252354310933,8.338901930821308,0,11.4,19.6,16.0,8.89,26.8,12.0,17.0,37,42,1.9,12.3,10.25,7.01,23.6,13.2,2.2,34.0,36.0,2.66572939623523,2.15506118915645,233.61194691422776,8.81352326509602,48.41041556138114,30.805365170991976,6.225417035343295,78.40959192456,10.290549472440158,3.0793833422184673,222.54554340810924
644371060.0,291509011.0,283163774.0,12673114.0,825965225.0,1470336285.0,275451568.0,58227444.0,1136657273.0,183192035.0,1100194037.0,-518464841.0,581729196.0,557191300.0,571379688.0,422778834.0,1766815.0,424545649.0,-192719076.0,0.0,-26503360.0,0.0,590759707.0,MIATK,2022,0.18733916234679607,0.7730593909678288,4.126523153427828,19.520988642400308,2.4753286700573183,9.990635961970098,1.9311105488408722,2.293317662290454,0.25090824171560183,0.3773903655705024,2.0743381210304093,0.5064482093716347,1.7073920684768182,0.7482601417266935,0.19936657649194536,0.02073107508209418,0.20217092810008874,-1.9283409214088696,0,5.5,72.3,10.5,16.55,86.2,10.4,8.5,54,72,11.4,19.6,16.0,8.89,26.8,12.0,17.0,37.0,42.0,1.9670612046413587,3.941132092785155,722.322980050438,43.65583564783491,25.990951035601842,23.850503687820723,4.115430779496815,43.3284931109922,13.5490450526425,4.218747089887671,116.09816337284212
1091597300.0,281120283.0,696958677.0,51848351.0,2048545836.0,3140143136.0,519236811.0,79962260.0,2540944065.0,316013193.0,2022762660.0,-993310140.0,1029452520.0,876535681.0,896034832.0,585575313.0,142654778.0,728230091.0,-372972677.0,0.0,-154769277.0,0.0,849649426.0,MIATK,2023,0.16535450408207125,0.8091809688130089,4.8936131090289745,31.77679151389668,3.418806762469096,12.874229917963799,1.8217606682504353,2.0024561567534933,0.18227210168804228,0.2791387663036772,1.725676633508174,0.4333359016030086,1.8530301055160177,0.6441625659703686,-0.09981624261797234,-0.021984658264724816,-0.10409757575632494,2.8835939559937014,0,4.5,53.9,25.0,23.75,43.5,9.4,1.6,60,70,5.5,72.3,10.5,16.55,86.2,10.4,8.5,54.0,72.0,4.1338626020517815,2.6239044032545658,693.9209925782487,18.850111719730876,85.4701690617274,18.823087873482837,2.898731546866659,122.34032772572436,10.936326101282537,6.76441637531774,98.40390399243448
2574720559.0,852825212.0,1306380679.0,36931993.0,3786235221.0,6360955780.0,1299519274.0,234356534.0,4827079972.0,1028264830.0,2583301426.0,-1037614092.0,1545687334.0,1509868401.0,2774151265.0,2477812304.0,-196041589.0,2281770715.0,-539440120.0,0.0,-107969296.0,0.0,864388047.0,MIATK,2024,0.20429622826272814,0.758860796859682,3.714512026544979,20.597164028718737,2.468410546181585,6.595452269318849,1.6785717237154574,1.952867200028924,0.2004732196078873,0.23736502079566413,2.1347519198087705,0.5844724064345405,1.0033327372052105,0.4061184380690664,-0.04177374550801305,0.03894172418065689,-0.2380441279013022,-6.27877764864495,0,3.2,65.0,45.0,32.5,36.8,9.8,3.0,45,60,4.5,53.9,25.0,23.75,43.5,9.4,1.6,60.0,70.0,9.193330271822767,2.3261772037975086,428.7043975057252,21.50858455679109,111.07847457817132,19.138098560283456,1.2995790018210125,167.15304119452406,9.021294882354928,6.115034196166037,72.23502234522165
1892901.0,55387.0,1615219.0,0.0,2475772.0,4368673.0,4957924.0,750615.0,-1339866.0,-15042981.0,0.0,0.0,0.0,-813837.0,-783482.0,-783482.0,418472.0,-365010.0,0.0,0.0,-2197647.0,0.0,-465252.0,MMCAS,2021,1.0392412018551591,-0.2270753134688389,-0.2702473858009925,-1.23225020526797,0.43369625748374496,0.0,0.3315911479276922,0.381793065000593,-0.7015913070170279,-0.14831760563498836,-0.15802622226560956,0.19460811139760326,0.0010013699932637234,3.176650466975795e-05,-0.18682332745283728,0.3289513826589396,-1.193588774332726,-209.636154276882,1,11.4,19.6,16.0,8.89,26.8,12.0,17.0,37,42,1.9,12.3,10.25,7.01,23.6,13.2,2.2,34.0,36.0,18.1580960625801,-1.9442450183487274,0.0,7.1615784994317995,6.939140119739919,4.581516780007116,0.00014482320883751968,-3.029218792226005,-25.95887835963003,-1.703957242851548,174.3056563997832
2990719.0,46656.0,2646980.0,0.0,5166856.0,8157575.0,7450156.0,0.0,707419.0,-89966255.0,2446894.0,-1779546.0,667348.0,1056028.0,1447659.0,2691980.0,-3294453.0,-602473.0,1244321.0,0.0,-970438.0,0.0,-49237.0,MMCAS,2022,0.9132807237444951,0.08671927625550485,0.09495358218002414,32.82669080138226,0.6935231960243518,150.4045567211987,0.40143038615567245,0.40143038615567245,-0.5466620901432104,0.1294536672969602,0.1943125754682184,0.4315789731798762,0.8181624552490555,0.29995360140728095,0.31574295926273566,-0.22160028016676114,0.29995360140728095,-209.636154276882,1,5.5,72.3,10.5,16.55,86.2,10.4,8.5,54,72,11.4,19.6,16.0,8.89,26.8,12.0,17.0,37.0,42.0,9.589447599317198,1.3463181398883861,6685.307181121164,37.20210748810533,7.281993558255693,4.1748760160189935,1.6497448077400452,0.9970126128902534,-29.519752867733363,-0.06337526777259174,87.52951625770334
4066765.0,81421.0,2550575.0,0.0,5714613.0,9781378.0,6451100.0,11212.0,3319066.0,-130209264.0,1794016.0,0.0,1794016.0,-402017.0,-871976.0,-1492139.0,-1812219.0,-3304358.0,-620163.0,0.0,-4079105.0,0.0,-696896.0,MMCAS,2023,0.6595287494256944,0.3393249908141777,0.5144961324425292,296.0280057081698,0.8842985296903028,150.4045567211987,0.629304960825166,0.6303986916959898,-0.24376268865184436,-0.04110024170418524,-0.1351670257785494,-0.22408774503683357,0.4411408084804507,0.18341137618850842,-0.17055390900114545,-0.2537519743188007,-0.11654222521877253,-209.636154276882,1,4.5,53.9,25.0,23.75,43.5,9.4,1.6,60,70,5.5,72.3,10.5,16.55,86.2,10.4,8.5,54.0,72.0,16.48821873564236,-0.3863422720193413,6685.307181121164,-9.74781690910226,22.10746324225757,5.925747701942305,0.8253511928482878,12.86240331106323,-14.625761319110662,-1.781180524870831,72.43195919346476
7088098.0,4311373.0,2094748.0,0.0,3900050.0,10988148.0,8932500.0,60770.0,1994878.0,-119608580.0,15561412.0,-4914732.0,10646680.0,3028377.0,3028377.0,3290684.0,-1700278.0,1590406.0,85474.0,-107602.0,-6232701.0,0.0,8885190.0,MMCAS,2024,0.8129213403386994,0.18154815533973515,0.22332807164847468,32.82669080138226,0.43366317257237913,150.4045567211987,0.7881558098444726,0.7935178281556116,-0.16785376389178594,0.2756039507294587,0.3390290512174643,0.19460811139760326,2.1954284492116223,1.416199708995547,0.31670419243364395,0.15339259091300506,1.0629385649726146,15.18775171598216,1,3.2,65.0,45.0,32.5,36.8,9.8,3.0,45,60,4.5,53.9,25.0,23.75,43.5,9.4,1.6,60.0,70.0,36.58146031524147,2.7009187171486957,6685.307181121164,7.1615784994317995,19.51484276575706,7.776474715924994,4.53183906878575,10.04976322418136,-7.5534193751303675,9.862780654745045,51.87944894510644
50016394.0,5300520.0,30218718.0,10366836.0,207483256.0,257499650.0,75156228.0,73462808.0,108880614.0,-33717023.0,250235590.0,-195410738.0,54824852.0,13432537.0,13432537.0,-41564351.0,9621121.0,-31943230.0,-55155222.0,-26788731.0,-10865042.0,0.0,32925899.0,NTGAZ,2018,0.2918692433174181,0.4228379106534708,1.4487237704372284,1.4821188702724242,1.3960745647684056,0.7462939886534149,0.3365409663941031,0.5275618409162312,-0.09763055600269747,0.05216526313725087,0.17872819535328463,0.05367956252745663,5.003071392951679,0.9717900199087649,-0.030565923817836668,-0.004624836929242995,-0.2623313819779036,-0.1731068773345853,0,3.0,16.3,17.75,4.83,39.0,10.9,1.9,14,20,3.75,17.950000000000003,16.875,7.95,32.9,11.45,2.05,35.5,39.0,5.180679068884171,0.5686013681960345,12.164592015050664,2.0935029385708086,24.7803235246392,5.75042406598692,2.915370059726295,25.714846925260805,-1.3668277840377647,2.269652433508162,58.09958675653152
76942334.0,10515131.0,48908905.0,11273213.0,196999055.0,273941389.0,79658428.0,55603551.0,138679410.0,-65660253.0,433416282.0,-319149563.0,114266719.0,70008789.0,70219372.0,37612076.0,-7813280.0,29798796.0,-32881058.0,-31332101.0,-12114419.0,0.0,89183273.0,NTGAZ,2019,0.2907863915372058,0.5062375222168418,1.7409257687083657,2.4940747039698956,1.4564259406555038,2.055025568420981,0.5688393336312194,0.8243838429751589,-0.009914872702934277,0.2555611959753917,0.8815058715444397,0.16152782419004738,5.633001489141205,1.5821496838508036,0.2033959328381408,-0.0010828517802122795,0.6103596639420387,1.3087315797675663,0,0.9,15.2,19.75,5.67,17.4,13.7,-0.6,8,25,3.0,16.3,17.75,4.83,39.0,10.9,1.9,14.0,20.0,5.743031232859815,3.501188384862866,31.23638863999891,2.8105841409068244,28.7644123279462,11.294058648759677,1.4239347154657231,34.38328393199022,-0.07931898162347421,6.429731732688265,17.48558225944033
117486522.0,8808168.0,71947195.0,12062516.0,284078787.0,401565309.0,129404838.0,38224056.0,233936415.0,-35861457.0,453388932.0,-334013584.0,119375348.0,68036789.0,123122485.0,89717682.0,481003.0,90198685.0,-34833013.0,-39488502.0,-11262456.0,0.0,80327578.0,NTGAZ,2020,0.32225103887148776,0.5825613163212762,1.8077872405357827,6.120135838017818,1.694688667456101,3.1230424107792225,0.7008727385626012,0.8146836519357955,-0.029679645459613147,0.1694289508459507,0.9514519464875031,0.15006274789257537,3.85907186868635,1.1290540338981323,-0.08613224512944098,0.03146464733428195,-0.45309564995267126,1.0680168423582415,0,1.9,12.3,10.25,7.01,23.6,13.2,2.2,34,36,0.9,15.2,19.75,5.67,17.4,13.7,-0.6,8.0,25.0,3.3030731484327496,2.236462151166549,38.41342165258444,3.541480850264779,17.370558841425037,10.7538242055525,2.1452026644064515,18.529819215491774,-1.009107945626847,2.0503705276493394,37.640673407213235
266230596.0,88019560.0,151754436.0,17160319.0,578883374.0,845113970.0,189991455.0,80181268.0,574941247.0,16499343.0,696363820.0,-559349122.0,137014698.0,58190205.0,59280599.0,30226403.0,-4040349.0,26186054.0,-39621279.0,-53110935.0,-25036874.0,0.0,105674522.0,NTGAZ,2021,0.22481163694406803,0.6803120850078954,3.026142659942259,7.170518268680909,2.142641816583386,1.7088118137518105,0.9854088637956245,1.3109551532199173,0.09021166813749393,0.06885486107867794,0.3120171851939341,0.08356293553562275,2.6156415921481844,0.8239880592673199,-0.10057408976727275,-0.09743940192741973,-0.3050659746308124,-1.414230597027412,0,11.4,19.6,16.0,8.89,26.8,12.0,17.0,37,42,1.9,12.3,10.25,7.01,23.6,13.2,2.2,34.0,36.0,3.5969861911050884,0.8262583329441353,33.492711549535485,2.2394866723546896,34.28226906533418,15.731461838639007,9.393463875647447,48.41828255907615,3.337831721087275,2.000667853118083,234.32679539241443
1701847235.0,594211611.0,981978648.0,62923000.0,2022192131.0,3724039366.0,806793819.0,164595478.0,2752650069.0,564409967.0,7003677528.0,-5201229772.0,1802447756.0,1382109404.0,1410459226.0,1222266068.0,-114453198.0,1107812870.0,-204489267.0,-307015370.0,-99935528.0,0.0,766130540.0,NTGAZ,2022,0.21664481486579432,0.7391570814560503,3.411838321235329,16.723728394287964,2.081752534483608,10.950773240562539,1.7519723969122547,2.03140405442298,0.2403447783532372,0.3711317921659156,1.7482276051001824,0.19734052552740547,4.115338547410808,1.8806668887398652,0.30227693108723763,-0.008166822078273711,1.0566788294725453,9.241961426810729,0,5.5,72.3,10.5,16.55,86.2,10.4,8.5,54,72,11.4,19.6,16.0,8.89,26.8,12.0,17.0,37.0,42.0,2.2747705560908402,3.859770638525522,791.7409052926715,17.01075330046235,21.858401612077884,21.126602165998992,10.343667888069259,35.824302372970955,12.97861803107481,2.1601196656093564,121.20941121958282
1287136463.0,349209637.0,804897923.0,52766664.0,2969901751.0,4257038214.0,732509114.0,133983672.0,3390545428.0,1568440391.0,5835065203.0,-4704055521.0,1131009682.0,555265978.0,597468576.0,174129558.0,-34798967.0,139330591.0,-517096860.0,-420941273.0,-171136587.0,0.0,1013958422.0,NTGAZ,2023,0.17207012884944706,0.7964564228833112,4.628673368287948,25.305661334613966,3.4274973767640806,8.441399352004623,1.4854554865272704,1.685125516404155,0.1302847945259248,0.13043481173692842,0.8156466105075656,0.0951602010744489,4.53336951499291,1.3706865923379281,-0.24069698042898716,-0.04457468601634726,-0.5099802964019371,-2.5093738885579153,0,4.5,53.9,25.0,23.75,43.5,9.4,1.6,60,70,5.5,72.3,10.5,16.55,86.2,10.4,8.5,54.0,72.0,4.301753221236177,1.226087230327127,454.9914250730492,4.139468746738527,85.68743441910202,15.840179854199057,6.168089665520677,115.71683420719869,7.8170876715554884,5.954600188139161,99.77327775223345
1445499923.0,356381740.0,950590080.0,37963381.0,3533105509.0,4978605432.0,992640538.0,413052189.0,3572912705.0,1278948941.0,5730821946.0,-4245509371.0,1485312575.0,773850577.0,773815972.0,579915406.0,-214313178.0,365602228.0,-273187041.0,-508673761.0,-228141235.0,0.0,819281739.0,NTGAZ,2024,0.1993812427110211,0.7176533175405092,3.5994023699644635,8.650027285050896,2.513426612471902,3.5959440829885057,1.0283185615429309,1.417972053444386,0.0909610916521412,0.15543520923069606,0.7795530631452007,0.1350330867529626,3.964595123676115,1.1510898030129333,0.025000397493767645,0.027311113861574032,-0.21959678932499482,-4.845455269016117,0,3.2,65.0,45.0,32.5,36.8,9.8,3.0,45,60,4.5,53.9,25.0,23.75,43.5,9.4,1.6,60.0,70.0,8.972155921995949,1.5232650504608216,233.73636539425286,4.969217592509024,113.1041975612356,13.896126123754984,3.683487369641387,161.97310664840086,4.093249124346354,7.405221955938283,71.45093009610005
847504127.0,236929104.0,347929043.0,219519315.0,1094579762.0,1942083889.0,504941306.0,295202831.0,1141939752.0,403158394.0,1169468076.0,-840835297.0,328632779.0,216581584.0,248147727.0,197133708.0,-47009722.0,150123986.0,-154165563.0,-25263374.0,-99627015.0,-5841.0,180987364.0,NUHCM,2018,0.2599997398979504,0.587997129510197,2.2615296836103957,3.868322495863869,1.3679782321519405,1.1132439952786226,1.0591893232856369,1.2436788286835065,0.176389301687884,0.1115202001451751,0.4914387554580453,0.18519666200789905,1.3798966149459235,0.6021717612837887,-0.00489276028726475,-0.031094729796353526,-0.004499300949600826,0.15187549772246123,0,3.0,16.3,17.75,4.83,39.0,10.9,1.9,14,20,3.75,17.950000000000003,16.875,7.95,32.9,11.45,2.05,35.5,39.0,4.614995383188619,1.2155701815824085,18.14587712304155,7.222669818308063,24.281613620696945,13.556099232650222,1.806515283851366,40.14215188408453,2.469450223630376,1.6541642352299026,64.16108220930579
738810044.0,309098199.0,212241574.0,166810717.0,1093782421.0,1832592465.0,440063875.0,199260927.0,1193267663.0,517839089.0,1268982280.0,-965772985.0,303209295.0,178127652.0,236534212.0,197124353.0,-36331483.0,160792870.0,-125164263.0,-38192786.0,-86059774.0,-7037.0,556933950.0,NUHCM,2019,0.24013188060336155,0.6511364014584661,2.7115783203063417,5.988467889643011,1.7108399636277525,1.5216695995798515,1.1556098585394783,1.2998097764784715,0.16301833315679382,0.09719981687254181,0.5374997254659906,0.14037048019299372,1.7176029079539692,0.6924519794967071,-0.014320383272633283,-0.01986785929458884,0.09028021821291843,0.4084256043012289,0,0.9,15.2,19.75,5.67,17.4,13.7,-0.6,8,25,3.0,16.3,17.75,4.83,39.0,10.9,1.9,14.0,20.0,4.74260464191639,1.3316374911538227,23.12937791361374,2.4424463553580904,33.78908928164811,17.80739393775506,0.6232067815470365,53.55367182605025,1.3041466652543505,6.002123070226637,19.19609770395805
959007964.0,464468206.0,309937222.0,145089396.0,1559113608.0,2518121572.0,498110334.0,221125586.0,1798885652.0,564794480.0,1706337086.0,-1140742402.0,565594684.0,394058395.0,646566710.0,664817708.0,-94568299.0,570249409.0,-132561710.0,-61747880.0,-107059998.0,-7062.0,491911949.0,NUHCM,2020,0.19781028030524334,0.7143760142490849,3.611420059395917,8.135131191919148,2.1677360162990746,2.5577984629964985,1.333370507969068,1.6340126121535155,0.18303231866360423,0.15648902713105386,1.2980391408623135,0.23093818814180073,1.7792731135233826,0.6776229968296383,0.059289210258512054,-0.04232160029811821,-0.01482898266706878,1.036128863416647,0,1.9,12.3,10.25,7.01,23.6,13.2,2.2,34,36,0.9,15.2,19.75,5.67,17.4,13.7,-0.6,8.0,25.0,2.0275553731287443,2.065655158129911,31.460921094856932,5.450141240146498,22.219294167065517,21.568966480426404,1.2874836939763128,37.01705560880815,6.223098834562544,2.0023248810999026,41.12888019989935
1648247014.0,553884272.0,424520781.0,434301351.0,1824989003.0,3473236017.0,844945772.0,456440210.0,2171850035.0,781156726.0,2493229032.0,-1794543838.0,698685194.0,536244372.0,577487991.0,648052982.0,-5621220.0,642431762.0,-193380722.0,-76476667.0,-141092155.0,-15691.0,225389920.0,NUHCM,2021,0.2432733531105727,0.6253102364393683,2.5704016837189405,4.758235552910643,1.402342601074675,1.5307266509232391,1.266532018015851,1.4367142877424801,0.2312832292617562,0.15439330047693675,0.6834616020778195,0.21508026944874753,1.5126549666541669,0.7178403712839305,-0.002095726654117114,0.04546307280532935,0.04021737445429219,-1.0270718120732594,0,11.4,19.6,16.0,8.89,26.8,12.0,17.0,37,42,1.9,12.3,10.25,7.01,23.6,13.2,2.2,34.0,36.0,3.892373649769163,1.852719605723241,30.00224235809549,5.764151221226434,22.4374816171948,17.240571452909762,8.183380232636809,41.12642693950305,8.557479482684979,1.0382935977713605,250.43921925323008
7333795192.0,2225929556.0,1926647806.0,2042100627.0,13094579178.0,20428374370.0,3952680039.0,2089149421.0,14386544910.0,4399585176.0,14669844091.0,-11690608293.0,2979235798.0,2241276718.0,2518154624.0,2146098839.0,2853697.0,2148952536.0,-876665388.0,-359113842.0,-426004635.0,-561904.0,3431538580.0,NUHCM,2022,0.1934897005218727,0.704243257413928,3.6396937693038502,6.886316873933164,2.1673202238978786,1.4260520420669327,1.213836842061411,1.3387611728721562,0.1655107299171745,0.10971390466054005,0.6370752499959687,0.15278122276534833,2.0003073043275683,0.7181111832639672,-0.0446793958163967,-0.04978365258869999,0.00027081198003664486,-0.10467460885630642,0,5.5,72.3,10.5,16.55,86.2,10.4,8.5,54,72,11.4,19.6,16.0,8.89,26.8,12.0,17.0,37.0,42.0,2.031641855479663,1.1410246084696165,103.10356264143923,13.169741402373027,22.756862350927726,13.923116197870426,3.9496115079518193,38.216784577690426,8.937579415527424,1.7637798503885556,130.57104869534388
8646609740.0,4173183522.0,2377432290.0,1605474557.0,18639752944.0,27286362684.0,3160322336.0,4880038847.0,19246001501.0,6334919197.0,19341713605.0,-14725931119.0,4615782486.0,3335770465.0,3696513599.0,3380777915.0,-600180052.0,2780597863.0,-1557110240.0,-462794603.0,-803071126.0,-28612305.0,4665600776.0,NUHCM,2023,0.11582057940808392,0.7053340792939524,6.089885604947356,3.9438213720022874,2.318273087459136,0.9458495374145532,1.0754006621346577,2.227980071144237,0.2010633468277182,0.12225046275427569,1.1696634728970887,0.17246509451663447,2.236912985158042,0.7088417693847289,0.012536558093735634,-0.07766912111378878,-0.009269413879238297,-0.48020250465237946,0,4.5,53.9,25.0,23.75,43.5,9.4,1.6,60,70,5.5,72.3,10.5,16.55,86.2,10.4,8.5,54.0,72.0,2.895514485202098,1.1491543498901915,50.98129006664442,7.5022316114736,57.9568271864784,20.943012668755827,3.18978796223128,152.2471401236839,12.063800809663093,4.274663528840163,108.13343795524504
12292547230.0,7642248896.0,1916606192.0,1692203902.0,11957878010.0,24250425240.0,3421764970.0,1356729325.0,19471930945.0,9672643803.0,15483294874.0,-11283302563.0,4199992311.0,2778144935.0,2683182681.0,2835670503.0,-1001168062.0,1834502441.0,-2087861683.0,-444537565.0,-1033665212.0,-38594201.0,3368976229.0,NUHCM,2024,0.1411012357983707,0.8029521442321726,5.690610289052085,14.35211179282205,2.5024363893271113,3.0956744529716715,2.5724729320828876,3.0979168414363656,0.36579903948933806,0.1145606688338633,0.78415165989615,0.17942853621325405,1.2595676538230391,0.638475190466392,-0.0076897939204123855,0.025280656390286774,-0.07036657891833686,2.1498249155571183,0,3.2,65.0,45.0,32.5,36.8,9.8,3.0,45,60,4.5,53.9,25.0,23.75,43.5,9.4,1.6,60.0,70.0,6.349555610926681,1.1226945545718605,201.21883944315866,6.602970132647749,112.60963751972001,30.359585046076386,2.0431206094924543,256.0774630073438,16.46095677702021,6.251598840210689,76.51743996750803
346711097.0,1435256.0,251751295.0,62082876.0,598273015.0,944984112.0,566384455.0,177324339.0,201275318.0,-168879271.0,426263284.0,-322601590.0,103661694.0,60193803.0,60216040.0,-70557504.0,12950298.0,-57607206.0,-130773544.0,-14990261.0,-24564727.0,0.0,81934383.0,ORMA,2018,0.5993587064668024,0.21299333549006802,0.3553687185853291,1.1350687623316051,0.8044452611380577,0.5845880750752439,0.46619200928797944,0.5025353688423528,-0.23246248821588653,0.06369821697065739,0.10631654782968929,0.1412127322699461,1.2294480554223506,0.45107984207040297,-0.0011679363913495618,-0.0581305678663499,-7.542090816697877e-05,0.029520088637992936,0,3.0,16.3,17.75,4.83,39.0,10.9,1.9,14,20,3.75,17.950000000000003,16.875,7.95,32.9,11.45,2.05,35.5,39.0,10.638617039785743,0.6943105649801655,9.528785623726476,5.507296558527898,14.278903385200524,5.4776355203816465,1.353239526211209,6.307794754889591,-3.2544748350224113,1.5390050264146662,62.000036017854804
335638793.0,10148158.0,199146377.0,87473913.0,618210534.0,953849327.0,578647220.0,185268041.0,189934066.0,-226486477.0,465411549.0,-362169683.0,103241866.0,63513553.0,63554779.0,-35781613.0,15984656.0,-19796957.0,-99336392.0,-18973976.0,-25009424.0,0.0,-13960125.0,ORMA,2019,0.6066442609127091,0.199123761608525,0.328238103347321,1.0251852665727705,0.8092658512813766,0.5572567478057373,0.4393665241883419,0.4288707720742182,-0.25476605174561284,0.06658656792237795,0.10983337827147947,0.13646750523588747,1.3866440909290243,0.4879298394682413,0.0028883509517205613,0.007285554445906617,0.03684999739783834,-0.0273313272695066,0,0.9,15.2,19.75,5.67,17.4,13.7,-0.6,8,25,3.0,16.3,17.75,4.83,39.0,10.9,1.9,14.0,20.0,11.981224153026004,0.9122359805365778,8.470302566647206,2.3745345911044415,15.983000562807188,5.875529577416789,0.4391368555214172,6.48270254110959,-2.0381284139649027,-0.28905243306839384,18.60841465090549
299901617.0,5629944.0,164682015.0,85038542.0,828012391.0,1127914008.0,569552535.0,200341754.0,358019719.0,-246283434.0,508609136.0,-379663523.0,128945613.0,74194770.0,74651713.0,-50948465.0,6892412.0,-44056053.0,-125600178.0,-30756471.0,-17464340.0,0.0,52446225.0,ORMA,2020,0.5049609553213387,0.3174175659320298,0.6285982363330189,1.7870449462072695,1.075488418124894,0.6436282523512298,0.38953609772782716,0.37724891348258155,-0.23907045757693968,0.06578052003411239,0.13107081158018197,0.14587777676097427,1.6959199523088933,0.450929000254069,-0.0008060478882655625,-0.1016833055913704,-0.0370008392141723,0.08637150454549247,0,1.9,12.3,10.25,7.01,23.6,13.2,2.2,34,36,0.9,15.2,19.75,5.67,17.4,13.7,-0.6,8.0,25.0,5.175849792043722,0.8683028644502835,7.916627503920127,3.442715531558993,11.023756285780165,4.979685657970077,0.8567651004827311,6.443131922413444,-8.12839555761595,0.47660885709116935,39.602907930840146
541051209.0,13316780.0,233346147.0,200738363.0,1328090850.0,1869142059.0,1029337218.0,162667865.0,677136976.0,-290339487.0,957069221.0,-721905799.0,235163422.0,80407459.0,137377411.0,-114225471.0,30285927.0,-83939544.0,-251602882.0,-66888435.0,-27520965.0,0.0,-19547412.0,ORMA,2021,0.5507003670714575,0.36227154203692336,0.6578378437687075,4.162696645708112,1.114165425081497,1.4456661246522169,0.45390008542438404,0.33061356380489876,-0.26123536552445636,0.04301837766307521,0.13346200700575464,0.08401425647769316,1.7689069076638917,0.5120366407634295,-0.02276214237103718,0.045739411750118864,0.06110764050936046,0.8020378723009871,0,11.4,19.6,16.0,8.89,26.8,12.0,17.0,37,42,1.9,12.3,10.25,7.01,23.6,13.2,2.2,34.0,36.0,8.81120587314332,0.5162205319569025,28.335056043183453,2.2515820736021768,17.82664680130395,3.967362765658785,5.837217704703096,10.52540550029932,-9.665708524404886,-0.16732735240430432,243.37569722435043
1497334319.0,54903472.0,578497524.0,668166851.0,3901094841.0,5398429160.0,2331699987.0,218263609.0,2848465564.0,1292474878.0,3676479872.0,-2885180707.0,791299165.0,324505487.0,141987526.0,468665144.0,193765014.0,662430158.0,713165173.0,-296076341.0,-89292536.0,0.0,55302639.0,ORMA,2022,0.431921938381053,0.5276471135540473,1.2216261010769565,13.050574839528105,1.5298629545611757,3.6254287584880904,0.5871983119087634,0.3556064127558791,-0.15455712083475778,0.06011109479854692,0.06089442329271669,0.08826526957795351,2.455350034623764,0.6810277143657101,0.01709271713547171,-0.1187784286904045,0.1689910736022806,2.1797626338358738,0,5.5,72.3,10.5,16.55,86.2,10.4,8.5,54,72,11.4,19.6,16.0,8.89,26.8,12.0,17.0,37.0,42.0,4.535180353001056,0.625155385904888,262.1184992386889,7.608466237619593,16.063561022892344,3.6983066926611428,3.7456524290114053,12.827074061308043,-8.34608452507692,0.10756419919382623,123.25155618545995
2044476810.0,181486017.0,422683606.0,971831975.0,6415462635.0,8459939445.0,3000636420.0,312465567.0,5146837458.0,2822467873.0,4625095471.0,-3704516827.0,920578644.0,495593996.0,695167326.0,764932028.0,-264261116.0,500670912.0,69764702.0,-357949631.0,-152551992.0,0.0,621402278.0,ORMA,2023,0.3546876948124538,0.6083775766316966,1.7152486131592044,16.471694809175567,1.9363915328212322,2.9461762870018893,0.6170884017522398,0.3574724441290358,-0.11302203948576844,0.05858126990411336,0.23167329482723534,0.1071532466967318,2.2622391451825763,0.5467055055262278,-0.001529824894433561,-0.0772342435685992,-0.13432220883948232,-0.6792524714862012,0,4.5,53.9,25.0,23.75,43.5,9.4,1.6,60,70,5.5,72.3,10.5,16.55,86.2,10.4,8.5,54.0,72.0,8.867192370311345,0.5506639370986656,158.79890186940182,4.661166231307834,48.40978832053081,3.3602409748129363,2.460174774868025,42.88121532898011,-6.781322369146107,1.836308291684232,102.86373533731879
1145415907.0,166285739.0,237765465.0,514810911.0,7258466158.0,8403882065.0,2652776158.0,201839035.0,5549266872.0,3323138785.0,3410242663.0,-2952842027.0,457400636.0,9864606.0,20121479.0,-154076973.0,485557360.0,331480387.0,-174198452.0,-256699732.0,-163366754.0,0.0,269583667.0,ORMA,2024,0.3156608026483532,0.6603218404398206,2.091871511761378,27.493526571805102,2.54271264855557,2.2661653926357705,0.40125054676677746,0.2377151174622401,-0.17936475540009852,0.0011738153776673684,0.007585064778013585,0.0028926404877364586,2.9772964057500206,0.40579373159016363,-0.05740745452644599,-0.0390268921641006,-0.14091177393606413,-0.6800108943661187,0,3.2,65.0,45.0,32.5,36.8,9.8,3.0,45,60,4.5,53.9,25.0,23.75,43.5,9.4,1.6,60.0,70.0,14.204736119175895,0.011503390701140212,147.30075052132509,0.10644916994870167,114.42206918500065,2.3296081511299533,1.2985399410885237,94.13421802926202,-8.071413993004434,1.443531087320179,73.12627067722312
7994968000.0,3009408000.0,1194398000.0,1129581000.0,6270613000.0,14265581000.0,3862111000.0,4726647000.0,5676823000.0,3437530000.0,9314717000.0,-7735757000.0,1578960000.0,1183776000.0,1206339000.0,1003800000.0,-167538000.0,836262000.0,-2610877000.0,-77586000.0,-243759000.0,-22303000.0,1325061000.0,PETKM,2018,0.2707293169482547,0.3979384365768208,1.4698756716210384,1.20102537803225,0.7300954340546095,0.3340549865475463,0.9308642763016493,1.7776255006653097,0.2897082845767025,0.08298126799041694,0.3123522343091641,0.12708663075861565,1.1650724555745564,0.6529504126049966,-0.014579434147505815,0.01311278827565382,-0.002766133923356562,-0.024224417333888082,0,3.0,16.3,17.75,4.83,39.0,10.9,1.9,14,20,3.75,17.950000000000003,16.875,7.95,32.9,11.45,2.05,35.5,39.0,4.805445375831521,0.9044958210955447,5.4450962807250045,4.95637859958601,12.959193954469319,19.376117957251875,1.95885123781499,26.09029317127343,4.055915984073835,1.6487118716020048,70.1433466495188
9546647000.0,4037170000.0,1552153000.0,929156000.0,7155490000.0,16702137000.0,5128553000.0,5011368000.0,6562216000.0,2956174000.0,11672220000.0,-10071083000.0,1601137000.0,1213589000.0,1434501000.0,1049208000.0,-113523000.0,935685000.0,-2080023000.0,-96187000.0,-285163000.0,-24867000.0,1380969000.0,PETKM,2019,0.307059689427766,0.3928967891952988,1.2795453220430792,1.3094659981067045,0.7056751231099335,0.31950098256603787,0.941491260139009,1.6802967620691451,0.2645226775471905,0.07266070204070293,0.27970872095891375,0.1039724234121701,1.2226512617466636,0.698845902174075,-0.010320565949714006,0.03633037247951132,0.04589548956907841,-0.014554003981508412,0,0.9,15.2,19.75,5.67,17.4,13.7,-0.6,8,25,3.0,16.3,17.75,4.83,39.0,10.9,1.9,14.0,20.0,6.064428866198379,0.9954516179576302,4.856414935003776,1.8091201673717596,13.937083681421187,23.020065640347287,0.6289613119566676,25.271020110350815,2.116181420377524,1.6329729393310568,21.18492226102885
11859736000.0,5502010000.0,1717125000.0,958453000.0,8123703000.0,19983439000.0,5934180000.0,6490634000.0,7558625000.0,3476572000.0,12134076000.0,-10280311000.0,1853765000.0,1478433000.0,1694126000.0,1270415000.0,-199219000.0,1071196000.0,-3003939000.0,-123061000.0,-344195000.0,0.0,2547147000.0,PETKM,2020,0.29695489349956233,0.37824445532122875,1.2737438028506045,1.1645434020775167,0.653828942630449,0.2856061518797701,0.9545202044875681,1.8370327492593754,0.29652333614849774,0.07398291154990891,0.2854861160261401,0.12184141586058964,1.023132049482383,0.6072065974229961,0.0013222095092059738,-0.01010479592820368,-0.09163930475107895,-0.03389483068626775,0,1.9,12.3,10.25,7.01,23.6,13.2,2.2,34,36,0.9,15.2,19.75,5.67,17.4,13.7,-0.6,8.0,25.0,3.043787658370514,0.9765744324587975,3.512955668121173,2.8754574143099156,6.701746661962102,24.248832290223753,1.1536925351036926,13.055873979218696,10.081793429048924,1.3064946804201218,45.064522463207496
19623291000.0,3665331000.0,5106588000.0,3539843000.0,10804865000.0,30428156000.0,7655372000.0,10053754000.0,12719030000.0,4518863000.0,28715657000.0,-22298409000.0,6417248000.0,6472909000.0,7310677000.0,6652208000.0,-1135605000.0,5516603000.0,-8286614000.0,-280963000.0,-586300000.0,0.0,2627958000.0,PETKM,2021,0.25158843013687715,0.4180019978864312,1.661451592424248,1.2651025676578123,0.610129771508769,0.6382937159592328,1.1080891852031545,2.100936179195472,0.3933172618150111,0.21272761320140465,0.9549734487102651,0.22541392662546428,1.4633456233207773,0.9437199217724531,0.13874470165149574,-0.04536646336268518,0.336513324349457,0.35268756407946267,0,11.4,19.6,16.0,8.89,26.8,12.0,17.0,37,42,1.9,12.3,10.25,7.01,23.6,13.2,2.2,34.0,36.0,4.025414882190034,2.552731358416856,12.510556832800964,6.041093233562443,9.762076344140304,25.211234150345668,10.758407108205965,26.583225478787966,14.55273868715541,1.3818559363242386,275.1804298905469
57130804000.0,21835172000.0,7801897000.0,7627461000.0,46106037000.0,103236841000.0,51439317000.0,7259577000.0,44537947000.0,13216126000.0,97857274000.0,-97250448000.0,606826000.0,-1473419000.0,1255713000.0,-3885112000.0,2543023000.0,-1342089000.0,-16943707000.0,-1022757000.0,-2422501000.0,0.0,5574543000.0,PETKM,2022,0.49826512029751086,0.4314152444862198,0.8658347271601604,6.13506089955379,0.7854668777915986,0.0835897187949105,0.9732858680437829,0.9623639248553786,0.05513038702918079,-0.014272220902226173,0.024411541078587805,-0.015056816318018423,1.7128635893168946,0.9478910149914409,-0.22699983410363084,0.2466766901606337,0.004171093218987787,-0.5547039971643223,0,5.5,72.3,10.5,16.55,86.2,10.4,8.5,54,72,11.4,19.6,16.0,8.89,26.8,12.0,17.0,37.0,42.0,5.231783763123864,-0.1484310973831522,6.043536668872029,-1.297897566613188,8.247402216811786,10.008584818495937,5.213400582452925,9.091264635181684,2.977040899575763,0.5669749377550211,139.48160386997918
29358075000.0,5832413000.0,10894825000.0,8866129000.0,108943406000.0,138301481000.0,38625154000.0,25482670000.0,74193657000.0,17066752000.0,87264493000.0,-90626043000.0,-3361550000.0,-9573857000.0,17098387000.0,13394647000.0,-2690917000.0,10703730000.0,-20434836000.0,-1688104000.0,-4160939000.0,0.0,2364827000.0,PETKM,2023,0.279282287656775,0.5364632140128709,1.9208637200514462,2.911533877729453,1.6993776921830945,-0.13191514076036773,0.4579483933193552,0.5305337035031628,-0.06700636126955141,-0.06922454431272504,0.4426749211148776,-0.10971079611956262,2.972418763832438,0.6309729467032967,-0.05495232341049887,-0.21898283264073587,-0.3169180682881442,-0.21550485955527823,0,4.5,53.9,25.0,23.75,43.5,9.4,1.6,60,70,5.5,72.3,10.5,16.55,86.2,10.4,8.5,54.0,72.0,6.982057191419375,-0.6507107165396154,-4.293003950528837,-4.772419631200974,42.484442304577364,4.98701681292973,2.8393782601648354,48.021593001286156,-4.020381676173084,0.427476803375663,115.43715802873922
27132241000.0,8168876000.0,8374636000.0,7435482000.0,97420444000.0,124552685000.0,40649975000.0,25579004000.0,58323706000.0,27736351000.0,77380795000.0,-78623327000.0,-1242532000.0,-10968464000.0,-8508156000.0,-4801079000.0,-1992724000.0,-6793803000.0,1591199000.0,-1423665000.0,-3601877000.0,0.0,2829510000.0,PETKM,2024,0.32636771338971937,0.46826534490203886,1.4347783977726924,2.280139836562831,1.4709640020269676,-0.04857624636205538,0.4096732489262744,0.48454541484957864,-0.10853024966904568,-0.08806284665802266,-0.209302859349852,-0.14174659229076156,2.8519868668422927,0.6212695856375958,-0.018838302345297625,0.047085425732944386,-0.00970336106570091,0.08333889439831235,0,3.2,65.0,45.0,32.5,36.8,9.8,3.0,45,60,4.5,53.9,25.0,23.75,43.5,9.4,1.6,60.0,70.0,14.686547102537372,-0.8630158972486222,-3.1574560135336,-5.216274596300025,66.19338009121354,4.748545065525871,1.9880626740403067,64.56502789977117,-4.883861235107055,1.0222818560675748,81.75358283529481
4412080391.0,2741044971.0,235514142.0,58182322.0,9252807145.0,13664887536.0,3554371119.0,6395068769.0,3715447648.0,832182941.0,8276743365.0,-7013565209.0,1263178156.0,791721574.0,823214866.0,542265846.0,-40148831.0,502117015.0,-404633918.0,-225652168.0,-220112714.0,0.0,1047831767.0,PGSUS,2018,0.2601097967060503,0.2718974187099376,1.04531787019621,0.5809863477951288,0.9299827175356667,0.19752377990417197,0.44345012791337146,1.224941887954835,0.06276738610108383,0.05793838931452732,0.23160633440877337,0.09565617043872182,1.8759275968505353,0.605694217621258,0.021949469242068524,-0.012596295683939121,-0.023022064303838755,0.03001960352000116,0,3.0,16.3,17.75,4.83,39.0,10.9,1.9,14,20,3.75,17.950000000000003,16.875,7.95,32.9,11.45,2.05,35.5,39.0,4.616948891532393,0.6315284435283478,3.219637612438003,3.730590647110151,16.507193236258086,13.351866578707703,1.8170826528637738,18.55439219598273,0.8787434054151736,1.361080639357704,70.0142862786472
6088952277.0,4187316581.0,446978360.0,75453026.0,14970368921.0,21059321198.0,4765226708.0,10951925283.0,5342169207.0,903911251.0,11025224523.0,-8326180393.0,2699044130.0,2061983008.0,2049834597.0,1394264730.0,-59696815.0,1334567915.0,-755105856.0,-311965775.0,-302553091.0,0.0,3565566089.0,PGSUS,2019,0.22627636775170856,0.2536724311658889,1.1210734628913692,0.4877835694599123,0.9524861075067783,0.24644471727629116,0.3874081182447477,1.2619544923024049,0.06285699128449183,0.09791308032263767,0.430165178407709,0.18702412850626715,1.8106932065547539,0.5235318089952047,0.039974691008110345,-0.033833428954341715,-0.08216240862605328,0.048920937372119194,0,0.9,15.2,19.75,5.67,17.4,13.7,-0.6,8,25,3.0,16.3,17.75,4.83,39.0,10.9,1.9,14.0,20.0,4.468958263096244,1.341409200420136,3.7459597025996256,3.254219836009048,18.811600623258872,17.288776544542944,0.4711786280956842,22.141200892104543,0.5028559302759347,3.343884144966542,21.393548200187027
5519472714.0,3605570830.0,197485020.0,91488340.0,23551200077.0,29070672791.0,6505674770.0,17178580383.0,5386417638.0,2235362715.0,4803559909.0,-6062262535.0,-1258702626.0,-1360923789.0,-1541588746.0,-2024844603.0,59747546.0,-1965097057.0,-871821987.0,-168837261.0,-274563009.0,0.0,153066408.0,PGSUS,2020,0.22378824242465054,0.1852869961670644,0.8279567959404771,0.3135542936557449,0.994382129598737,-0.07327163234312527,0.23304396436975844,0.8343461002739305,-0.033924294187829,-0.04681432035591997,-0.2369606229178284,-0.2833156689583821,0.8702932613138741,0.165237314716952,-0.14472740067855763,-0.0024881253270580272,-0.35829449427825266,-0.3197163496194164,0,1.9,12.3,10.25,7.01,23.6,13.2,2.2,34,36,0.9,15.2,19.75,5.67,17.4,13.7,-0.6,8.0,25.0,2.293829484852668,-0.6179490286981435,-0.9012410778204408,-6.686249787417818,10.192416828387053,11.013368523615883,0.31395089796220876,8.48655715838989,-1.1534260023861862,0.0539695346330521,45.776691820641794
12687114838.0,6976779772.0,337172794.0,141338089.0,40275936529.0,52963051367.0,12679117885.0,33414087401.0,6869846081.0,270265658.0,10664406707.0,-10546868537.0,117538170.0,-611875719.0,-570740576.0,-2056785796.0,84307447.0,-1972478349.0,-1632686297.0,-284441314.0,-378551090.0,0.0,3511124450.0,PGSUS,2021,0.239395532503251,0.12971016404240704,0.5418236618122586,0.2055972978868309,0.873793355855708,0.0035176232284734603,0.27524913399445206,0.9894834059270204,0.00015099116825022487,-0.011552878907223329,-0.04501421795874406,-0.057375504874394134,0.8405698886762137,0.20135559473532777,0.03526144144869664,0.015607290078600455,0.036118280018375776,0.07678925557159873,0,11.4,19.6,16.0,8.89,26.8,12.0,17.0,37,42,1.9,12.3,10.25,7.01,23.6,13.2,2.2,34.0,36.0,3.830328520052016,-0.13863454688667995,0.06894541527807983,-1.537663530633763,13.980693693691329,11.873800871124246,2.295453779982737,8.669178588996138,0.00558667322525832,1.0607015598614689,281.49860814232426
20717301827.0,10558266871.0,1175047670.0,501705715.0,75085744611.0,95803046438.0,20759664303.0,56998638816.0,18044743319.0,-1702212691.0,42732213696.0,-31155507983.0,11576705713.0,9675473711.0,10144305773.0,6618948494.0,481196654.0,7100145148.0,-3790556116.0,-935511653.0,-1007032961.0,0.0,14884080510.0,PGSUS,2022,0.21669106646243078,0.1883525001543438,0.8692213446048997,0.3165820043045429,0.9656299275987291,0.20310495045980503,0.26643202071031036,0.9737920525563906,-0.000442182974081261,0.10099338247308857,0.48865461526437287,0.22642107380235452,2.0626341235376935,0.44604232625999657,0.1125462613803119,-0.022704466040820215,0.2446867315246688,0.19958732723133157,0,5.5,72.3,10.5,16.55,86.2,10.4,8.5,54,72,11.4,19.6,16.0,8.89,26.8,12.0,17.0,37.0,42.0,2.2752561978555232,1.0503311777201212,14.684487918243903,19.51749656176296,10.139114239786656,10.127437346586461,2.453232794429981,9.126824118351447,-0.023877880600388094,1.6312930659897142,139.07058176768209
48001577327.0,16078358927.0,1668899597.0,1075273755.0,153953502230.0,201955079557.0,37183794680.0,110102098656.0,54669186221.0,5397932457.0,70531531601.0,-53713132638.0,16818398963.0,13087349012.0,14450344969.0,10114683933.0,10792817864.0,20907501797.0,-6011831262.0,-1280527235.0,-1715182260.0,0.0,20176667463.0,PGSUS,2023,0.18411913560958593,0.2706997335294561,1.4702422571842795,0.49653173634597936,1.0452698404645537,0.1527527555632427,0.325907500302796,1.2620095387209147,0.053565291205992065,0.06480326734394523,0.38861942664427385,0.18555316629214452,1.4693586237910419,0.3492436622823003,-0.036190115129143344,-0.03257193085284485,-0.09679866397769626,-0.05035219489656234,0,4.5,53.9,25.0,23.75,43.5,9.4,1.6,60,70,5.5,72.3,10.5,16.55,86.2,10.4,8.5,54.0,72.0,4.602978390239648,0.6091507130330852,8.23337352485878,8.071562733708287,26.131746011613842,11.862889663976599,1.5715964802703515,36.756056429606986,3.213917472359524,2.497667737209021,117.14090009034229
69511513150.0,46258554416.0,2699417383.0,1525572961.0,213808263691.0,283319776841.0,54463615723.0,153937068322.0,74919092796.0,26305434254.0,111822522278.0,-86596697071.0,25225825207.0,20807220975.0,22629346879.0,11922457931.0,1362979746.0,13285437677.0,-12835462663.0,-2167241251.0,-3315359966.0,0.0,32251686976.0,PGSUS,2024,0.1922337237811858,0.2644329796929243,1.375580592684772,0.48668649866247254,1.0259479937447438,0.16387102523112582,0.3335474327665372,1.2482817985271866,0.053112767469970616,0.07344076437938564,0.41549475881461945,0.1860736151458964,1.6086906644759178,0.3946866100376578,0.008637497035440408,0.008114588171599879,0.04544294775535751,0.011118269667883124,0,3.2,65.0,45.0,32.5,36.8,9.8,3.0,45,60,4.5,53.9,25.0,23.75,43.5,9.4,1.6,60.0,70.0,8.650517570153362,0.7197194909179793,10.651616640023178,6.8475090373689875,46.16765971851347,12.23316162556643,1.262997152120505,61.90112667081474,2.3900745361486777,5.1225718518566,84.38349456055826
19408946.0,29188.0,14430037.0,0.0,5343674.0,24752620.0,3262439.0,68832.0,21421349.0,-40468808.0,8721015.0,-5575300.0,3145715.0,1948074.0,1948074.0,2825367.0,-221173.0,2604194.0,-23867.0,0.0,-1896436.0,0.0,-3164347.0,RALYH,2018,0.13180176482327932,0.8654174386388188,6.56605349555961,311.2120670618317,1.604094653362035,45.70134530450953,5.826288524710238,5.949213456558115,0.652315068061482,0.07870172935228675,0.5971219691770482,0.22337698077574686,0.4493296544799496,0.35232694559202216,0.053754490903042434,0.07800043521224961,0.0032526868298985434,0.6704613888765282,1,3.0,16.3,17.75,4.83,39.0,10.9,1.9,14,20,3.75,17.950000000000003,16.875,7.95,32.9,11.45,2.05,35.5,39.0,2.339481325613208,0.8578488499399256,744.9319284635054,8.711702250254127,28.472680097176124,64.84642667648346,1.0569808367760665,116.54744954618309,9.132410952860749,-2.2691399637694922,51.07332569988662
30122894.0,1382462.0,10357846.0,712105.0,55520432.0,85643326.0,24626920.0,28124390.0,32892016.0,-35289690.0,19121635.0,-16335485.0,2786150.0,-4501224.0,-2392445.0,-5445538.0,483972.0,-4961566.0,-3141615.0,0.0,-4755758.0,0.0,20107267.0,RALYH,2019,0.28755212052367046,0.3840581343139336,1.3356122487099482,1.169519267795675,1.0524939001514844,0.09906525972652207,0.5710359420457994,1.1942536460101385,0.06417282299381974,-0.052557790667774856,-0.09714755235327845,-0.23539953565686197,0.6347874477133572,0.2232705791925923,-0.1312595200200616,0.15575035570039114,-0.12905636639942986,-45.60228004478301,0,0.9,15.2,19.75,5.67,17.4,13.7,-0.6,8,25,3.0,16.3,17.75,4.83,39.0,10.9,1.9,14.0,20.0,5.679154380342491,-0.7200417321485155,1.5057919478431354,-4.095951920429398,20.786754527991818,16.361274950338895,0.20094352127333306,26.378341912021476,0.5133825839505579,4.636888147594829,16.439131672131314
76113198.0,11835076.0,7350540.0,1499630.0,75773282.0,151886480.0,63479290.0,14772684.0,73634506.0,-41379907.0,122130784.0,-106651342.0,15479442.0,9682522.0,10882059.0,9287214.0,-4415435.0,4871779.0,-2371992.0,0.0,-4753076.0,0.0,-9169916.0,RALYH,2020,0.41793904236901136,0.48479960823372825,1.1599768365399172,4.984504237686259,0.9683242239997677,1.0478422201409032,0.9726680888586913,1.175400165943885,0.08317993806953719,0.06374841263027492,0.17142691734579893,0.07927994632377043,1.6045940416273141,0.8040925301580496,0.11630620329804978,0.1303869218453409,0.5808219509654573,0.9487769604143812,0,1.9,12.3,10.25,7.01,23.6,13.2,2.2,34,36,0.9,15.2,19.75,5.67,17.4,13.7,-0.6,8.0,25.0,4.283875184282366,0.8414790467196289,12.888459307733111,1.8710067332409823,9.925323295997618,15.515282190459283,1.5277758073002943,11.889762574534151,2.8281178943642646,-0.6188282130180383,35.7934235195916
214905260.0,4934476.0,48296832.0,736632.0,78029237.0,292934497.0,166038041.0,24028272.0,102868184.0,-36508128.0,275257151.0,-232829601.0,42427550.0,41536690.0,43238000.0,40633221.0,-12063313.0,28569908.0,-3067331.0,0.0,-5994193.0,0.0,-17931256.0,RALYH,2021,0.566809449554178,0.3511644584488798,0.6195458786459664,4.281131160825881,0.41053691087278577,1.7657345480357471,1.1306856886312096,1.2898768662297093,0.1668196115529541,0.14179514678327557,0.26041020322565717,0.1509014020129853,1.2808302179295192,0.9396542702172765,0.07804673415300065,0.14887040718516664,0.13556174005922694,0.7178923278948439,0,11.4,19.6,16.0,8.89,26.8,12.0,17.0,37,42,1.9,12.3,10.25,7.01,23.6,13.2,2.2,34.0,36.0,9.068951192866848,1.701541761399307,34.608397141500646,4.044157573948006,6.568590573964572,15.478522394756512,10.712058680476954,9.912734058335463,6.172325627459302,-0.9794001694515344,222.24823923777743
631375040.0,892725.0,109565806.0,9273768.0,973317586.0,1604692626.0,604713371.0,84280710.0,915698545.0,170715061.0,695941623.0,-410299617.0,285642006.0,274815478.0,553477184.0,561244261.0,-99314739.0,461929522.0,5634650.0,0.0,-22310728.0,0.0,20918374.0,RALYH,2022,0.3768406243053304,0.5706379715114364,1.5142687245127906,10.864865103770484,1.4126646553876563,3.3891741775787128,0.9163722264255562,1.028753954904695,0.01661481368332779,0.1712573944363598,0.9152719462523675,0.39488294551969916,1.1022634391755493,0.4336915442397004,0.029462247653084223,-0.18996882524884762,-0.5059627259775761,1.6234396295429656,0,5.5,72.3,10.5,16.55,86.2,10.4,8.5,54,72,11.4,19.6,16.0,8.89,26.8,12.0,17.0,37.0,42.0,3.956826555205969,1.7810769021381418,245.03729303894093,34.03890990379807,14.83297888157039,10.699041131008828,2.3853034933183523,15.8998216073843,0.8971999388997006,0.13687538874500943,116.57908935699169
1764401380.0,148844202.0,88120997.0,22721569.0,1778846594.0,3543247974.0,1425996350.0,246006854.0,1871244770.0,909176695.0,3017224250.0,-2030194412.0,987029838.0,962634098.0,1073110631.0,760302323.0,-223103061.0,537199262.0,-318995874.0,0.0,-46210697.0,0.0,126220168.0,RALYH,2023,0.4024545728844887,0.5281156678084649,1.3122367178569567,7.606474126936317,1.0639014265908069,4.012204627436925,1.0552619610889216,1.2213774677614007,0.09550701291108676,0.27168126675403836,0.7525339254900617,0.3190462551797401,1.7100554806865997,0.8515419389611143,0.10042387231767858,0.02561394857915833,0.4178503947214139,0.6230304498582124,0,4.5,53.9,25.0,23.75,43.5,9.4,1.6,60,70,5.5,72.3,10.5,16.55,86.2,10.4,8.5,54.0,72.0,10.061364322112217,2.5538039074879606,216.25782941885026,13.878512100318694,26.597535664770174,11.480948196957167,3.8319387253250143,32.80591794642392,5.730420774665205,0.8905682648109234,98.94739342598861
2412026509.0,14985043.0,367077404.0,19795367.0,4882711810.0,7294738319.0,1987718360.0,1848270969.0,3458748990.0,1446375957.0,4677682888.0,-3831559017.0,846123871.0,750132548.0,1722215410.0,1434164660.0,-12319537.0,1421845123.0,-450065850.0,0.0,-52018814.0,0.0,1469012142.0,RALYH,2024,0.27248658869952264,0.4741429834420905,1.740059889571076,1.8713430270840337,1.272868976221284,0.45779211229930866,0.6287886388956114,1.2035060852383535,0.05816632899563234,0.10283200235520333,0.8664282851419655,0.16036413026722474,1.9393165334403046,0.6412406701164903,-0.16884926439883502,-0.12996798418496608,-0.21030126884462397,-3.5544125151376167,0,3.2,65.0,45.0,32.5,36.8,9.8,3.0,45,60,4.5,53.9,25.0,23.75,43.5,9.4,1.6,60.0,70.0,12.261896491478518,1.0077536230809927,29.756487299455063,5.90139999383387,57.27910392995778,11.794359635335864,2.051970144372769,78.30269503069842,2.617484804803455,9.06208605424822,72.67334127038743
558618307.0,31090885.0,264734835.0,128654456.0,308520298.0,867138605.0,464170170.0,397097066.0,5871369.0,-147895771.0,404798454.0,-380014407.0,24784047.0,-58265750.0,-58099043.0,-226892728.0,60647312.0,-166245416.0,-369847680.0,-29909252.0,-24779948.0,-1582069.0,14148517.0,ROYAL,2021,0.5352894765883477,0.0067709694461129425,0.012649173470152122,0.01478572747752309,0.358216689436448,0.06241307005778784,0.6486004385751416,0.926306511682989,0.10891930823446616,-0.06719312191157721,-0.12516755008190208,-0.14393767916910077,0.7246422985561052,0.46682093458403917,-0.1698834713508054,0.018078264511226405,0.0797015700561246,-0.10906251551617527,1,11.4,19.6,16.0,8.89,26.8,12.0,17.0,37,42,1.9,12.3,10.25,7.01,23.6,13.2,2.2,34.0,36.0,8.564631625413563,-0.8063174629389265,1.2232961731326417,-3.857529801731901,5.731467030983168,11.115678140195868,5.321758654258047,0.20238677552243395,4.0300144046752475,0.2610612313818043,234.62008703831754
770357498.0,68829542.0,212484094.0,257012520.0,429396401.0,1199753899.0,551864950.0,520054655.0,127834294.0,-480834399.0,415641348.0,-366946530.0,48694818.0,-7174774.0,169003361.0,-224735017.0,-44157256.0,-268892273.0,-579941547.0,-60524793.0,-47989067.0,-6589574.0,-76134791.0,ROYAL,2022,0.4599817933160974,0.10655043013950646,0.23164053814252925,0.2458093447889626,0.4005863863269858,0.09363403929150485,0.7186709660002907,0.9302003651436823,0.18211447212808765,-0.005980204778646858,0.30624043255510247,-0.017261935162427584,0.5395434575234056,0.346438839120622,0.06121291713293035,-0.07530768327225029,-0.12038209546341716,0.031220969233717012,1,5.5,72.3,10.5,16.55,86.2,10.4,8.5,54,72,11.4,19.6,16.0,8.89,26.8,12.0,17.0,37.0,42.0,4.829808829819022,-0.06219412969792733,6.7697410407758,-1.4879788110012577,4.206157056433351,9.674083797494296,1.9054136151634211,2.432225650496557,9.834181494916733,-0.6663160721263887,114.97960258697586
1046288975.0,68839828.0,206197857.0,492610799.0,1250665563.0,2296954538.0,796057305.0,870184992.0,630712241.0,-785429165.0,700937893.0,-524982903.0,175954990.0,-27984779.0,-27984779.0,213877875.0,-16612437.0,197265438.0,-92201961.0,-75816404.0,-93388949.0,-7217558.0,-123516221.0,ROYAL,2023,0.34657077091875815,0.2745862970144688,0.7922950232835311,0.724802480849957,0.7505904544925858,0.20220411937419394,0.6279332704996144,0.695525526268489,0.1089406280621824,-0.012183427463203889,-0.03515422674250819,-0.03992476263513977,0.6699276296971398,0.3051596718193297,-0.00620322268455703,-0.11341102239733925,-0.04127916730129233,0.10857008008268909,1,4.5,53.9,25.0,23.75,43.5,9.4,1.6,60,70,5.5,72.3,10.5,16.55,86.2,10.4,8.5,54.0,72.0,8.664269272968953,-0.11452421815411656,10.898802034269053,-1.73672717462858,18.764761362314644,6.537939946923797,1.3732185231869836,19.807375582088277,6.536437683730944,-1.3443476890442487,96.99682485849763
1483362000.0,28272000.0,460600000.0,560647000.0,2667768000.0,4151130000.0,1188257000.0,1227643000.0,1735230000.0,-2384000.0,2178954000.0,-1704425000.0,474529000.0,550509000.0,549538000.0,250987000.0,346419000.0,597406000.0,-357912000.0,-75349000.0,-24551000.0,-1484000.0,272066000.0,SASA,2018,0.28624904544063906,0.41801389019375446,1.4603154031493186,1.4134646635870527,1.1042543151620514,0.3865366397234375,0.6139997516453496,0.7765281416393929,0.07109028144143884,0.13261666100555752,0.46247402708336666,0.25264828904143916,1.4689293645111579,0.5249062303517356,-0.01342824340407732,-0.009812317872100643,-0.0693945655654536,0.034934498769129685,0,3.0,16.3,17.75,4.83,39.0,10.9,1.9,14,20,3.75,17.950000000000003,16.875,7.95,32.9,11.45,2.05,35.5,39.0,5.080920556571344,1.445521604960577,6.300547227492031,9.853283272616126,19.600514094126414,8.464156743869383,1.5747186910552067,25.920598405900407,0.9952639401801437,1.1633390185323034,66.43993926984504
1611781000.0,101348000.0,497020000.0,751535000.0,6142400000.0,7754181000.0,3380824000.0,1788256000.0,2585101000.0,-6540000.0,2763745000.0,-2448314000.0,315431000.0,246076000.0,249363000.0,12602000.0,1051578000.0,1064180000.0,-313603000.0,-85226000.0,-38729000.0,-3897000.0,252316000.0,SASA,2019,0.4360001397955503,0.3333815653774396,0.7646363726712778,1.4455989522752895,1.188296563411671,0.17639029311239554,0.3118119665395003,0.25444861962645793,-0.22814053476440646,0.03173462161896917,0.07375805424949657,0.08903715791435172,1.714714964377915,0.35641997523658525,-0.10088203938658835,0.14975109435491124,-0.1684862551151503,-0.21014634661104195,0,0.9,15.2,19.75,5.67,17.4,13.7,-0.6,8,25,3.0,16.3,17.75,4.83,39.0,10.9,1.9,14.0,20.0,8.61100276096212,0.43476431617987765,2.681132455308412,1.54924654770972,23.4688571273805,3.4859460888824736,0.3207779777129267,15.101568360257737,-1.8251242781152517,0.6426521382464505,20.494348216842173
2782309000.0,428395000.0,700339000.0,1338235000.0,8007886000.0,10790195000.0,4447945000.0,3455900000.0,2886350000.0,1049814000.0,5040948000.0,-3952541000.0,1088407000.0,1023319000.0,1071538000.0,-275020000.0,587208000.0,312188000.0,-1754560000.0,-149665000.0,-45888000.0,-3802000.0,1159695000.0,SASA,2020,0.41222100249346744,0.2674974826682928,0.6489176462388812,0.8351948841112301,1.0131633401211688,0.31494169391475446,0.3520196815600508,0.32466093892797687,-0.15436569960042426,0.09483785974210845,0.24090630617060238,0.2030013005490237,1.8117858224949135,0.4671785820367472,0.06310323812313928,-0.023779137302082864,0.11075860680016197,0.13855140080235892,0,1.9,12.3,10.25,7.01,23.6,13.2,2.2,34,36,0.9,15.2,19.75,5.67,17.4,13.7,-0.6,8.0,25.0,4.2252652755580415,1.2518597485958316,3.8737828351514803,4.79083069295696,10.38492423624198,4.285524393849294,0.8876393058698197,6.651405873948532,-5.248433786414425,1.1016366015628076,43.89361700785038
8984006000.0,2170396000.0,2218391000.0,3903250000.0,13210157000.0,22194163000.0,9151729000.0,8879807000.0,4162627000.0,884200000.0,14644953000.0,-10942436000.0,3702517000.0,2540013000.0,2543096000.0,-1187990000.0,1885425000.0,697435000.0,-4920603000.0,-469867000.0,-113170000.0,-8546000.0,835490000.0,SASA,2021,0.41234846297199856,0.18755503417722938,0.45484596407957445,0.4687744902563761,0.7326140712582666,0.416959174900986,0.49823853053894024,0.5551689740812911,-0.0075570770567018,0.11444509081058835,0.27788148010064545,0.1734394777504578,1.6301138935125377,0.6598560621547206,0.01960723106847989,0.0001274604785311273,0.19267748011797337,0.10201748098623153,0,11.4,19.6,16.0,8.89,26.8,12.0,17.0,37,42,1.9,12.3,10.25,7.01,23.6,13.2,2.2,34.0,36.0,6.597575407551977,1.3733410897270601,8.172399828059326,4.648178003712268,11.721825140132266,6.662027688975493,7.522359108563815,7.277535425273191,-0.2796118510979666,0.6023133199481323,271.5832848619063
24239033000.0,1323309000.0,5955895000.0,15024952000.0,75735144000.0,99974177000.0,43448694000.0,15999673000.0,40525810000.0,5119759000.0,61835185000.0,-48872599000.0,12962586000.0,10248405000.0,10263117000.0,11613216000.0,11140689000.0,22753905000.0,-1163115000.0,-2089106000.0,-443765000.0,-17802000.0,629179000.0,SASA,2022,0.43459916654277636,0.40536277682986077,0.9327279204295531,2.532914891448094,1.2739650863748704,0.8101781830166154,0.4077325286327882,0.21206807735118574,-0.1921462279204359,0.10251052129191321,0.23621232435663084,0.16573743573339353,2.551058245599154,0.6185115682422672,-0.011934569518675137,0.022250703570777797,-0.04134449391245343,0.3932190081156294,0,5.5,72.3,10.5,16.55,86.2,10.4,8.5,54,72,11.4,19.6,16.0,8.89,26.8,12.0,17.0,37.0,42.0,4.5632912486991515,1.0661094214358975,58.57588263210129,14.286566960218522,13.37663340693614,2.205508004452332,3.4018136253324696,9.793643164510307,-10.375896307703538,0.06608085906023513,139.30497767773068
41556619000.0,7596108000.0,15534961000.0,16431485000.0,176570679000.0,218127298000.0,50839418000.0,73255253000.0,94032627000.0,33393832000.0,66871472000.0,-54302798000.0,12568674000.0,8674089000.0,8678741000.0,176274000.0,26089347000.0,26265621000.0,-12031841000.0,-2120218000.0,-688968000.0,-33289000.0,8089542000.0,SASA,2023,0.23307224022918946,0.43109059646445536,1.8496007763110112,1.2836298169634333,1.4228707613077116,0.17157368905681072,0.33487835267317806,0.4942057755263839,-0.04255679635292599,0.0397661781882981,0.17070889757235222,0.1297128467577325,1.609165365449966,0.30657085386901,-0.06274434310361511,-0.2015269263135869,-0.31194071437325716,-0.6386044939598047,0,4.5,53.9,25.0,23.75,43.5,9.4,1.6,60,70,5.5,72.3,10.5,16.55,86.2,10.4,8.5,54.0,72.0,5.826806005729736,0.3738020749700021,9.247821840162098,5.642508833961364,35.57176903269279,4.645534289948009,1.379568842410545,46.24001940777528,-2.5534077811755593,0.9271583696965796,117.48755099291022
26394774000.0,2196824000.0,8592557000.0,13188222000.0,205917309000.0,232312083000.0,49556847000.0,61876839000.0,120878397000.0,13192646000.0,48582547000.0,-39955356000.0,8627191000.0,5771622000.0,5734998000.0,17143359000.0,1135919000.0,18279278000.0,9615046000.0,-1778403000.0,-727464000.0,-97818000.0,11213102000.0,SASA,2024,0.21332014400645705,0.5203276361651838,2.439186597161841,1.9535321932007548,1.8478910318016404,0.13942520560883856,0.23686530480558635,0.266492983300572,-0.09970240333990721,0.024844260898818596,0.1157256433202863,0.11880031732383237,1.8406123500053457,0.20912621665055622,-0.014921917289479503,-0.019752096222732413,-0.09744463721845378,-0.032148483447972165,0,3.2,65.0,45.0,32.5,36.8,9.8,3.0,45,60,4.5,53.9,25.0,23.75,43.5,9.4,1.6,60.0,70.0,9.599406480290567,0.24347375680842226,9.062638364574507,4.37185167751703,83.15509643107382,2.6116312363456053,0.66920389328178,109.76339687228285,-4.486608150295824,2.1720333418903572,83.74831196802019
17413633.0,158951.0,4315899.0,7859554.0,6368098.0,23781731.0,5340040.0,1282230.0,17159461.0,-5776969.0,12431239.0,-10059851.0,2371388.0,1946987.0,2019457.0,557736.0,-80183.0,477553.0,-1732585.0,-428417.0,-1102510.0,0.0,-1416259.0,SELGD,2018,0.22454378951641493,0.7215396137480489,3.2133581396394035,13.382514057540378,0.961618599060443,1.849424830178673,2.629556481387802,1.7891399689889964,0.507683523962154,0.08186901954277424,0.3781726354109707,0.15662051063453933,0.713879694145386,0.5227222105909785,0.006019422571992318,-0.03910339101216669,0.053355043037457,-0.22583612548216092,1,3.0,16.3,17.75,4.83,39.0,10.9,1.9,14,20,3.75,17.950000000000003,16.875,7.95,32.9,11.45,2.05,35.5,39.0,3.985652263916365,0.8923723130162393,30.145624731912374,6.108199914747034,17.068730133322862,19.50162566198006,1.5681666317729355,57.03710697859941,7.107569335470156,-1.0570549826671574,50.953284716520265
17987646.0,1068522.0,3208192.0,7809415.0,14727286.0,32714932.0,5152139.0,2768617.0,24794176.0,-5300291.0,16040037.0,-15004827.0,1035210.0,336818.0,3808046.0,3707213.0,-455646.0,3251567.0,-100833.0,-414436.0,-1389052.0,0.0,1495155.0,SELGD,2019,0.1574858538602495,0.757885604041604,4.81240432371875,8.955437317621037,1.8593283267405283,0.3739087060434867,2.2709506516802183,1.9755350156507812,0.3923439914226323,0.010295543331711648,0.7391194220497544,0.020998579990806756,0.8917251873869433,0.4902971218158118,-0.0715734762110626,-0.06705793565616544,-0.032425088775166644,-1.4755161241351864,1,0.9,15.2,19.75,5.67,17.4,13.7,-0.6,8,25,3.0,16.3,17.75,4.83,39.0,10.9,1.9,14.0,20.0,3.1103456137399275,0.1410489436444496,5.683412331860998,0.36537529184003753,36.721734453125435,27.0648297144157,0.4412674096342306,95.04498539344532,3.1387519313810586,0.9026248701968875,16.252965664963387
27396451.0,5124475.0,8778548.0,7548735.0,16576271.0,43972722.0,4282340.0,1485649.0,38204733.0,-2048619.0,23422308.0,-21195338.0,2226970.0,958642.0,958642.0,942063.0,-115473.0,826590.0,-16579.0,-796199.0,-512504.0,0.0,-6375898.0,SELGD,2020,0.09738628416043928,0.868828020244005,8.921461864307831,25.715854148590953,2.8738388717454213,1.4989879843758518,4.749740507480164,4.634782852365762,0.5256465815329786,0.02180083370777001,0.22385938528935115,0.0409285882501417,0.8549394956302917,0.5326554039570259,0.011505290376058363,-0.060099569699810215,0.04235828214121412,1.125079278332365,1,1.9,12.3,10.25,7.01,23.6,13.2,2.2,34,36,0.9,15.2,19.75,5.67,17.4,13.7,-0.6,8.0,25.0,0.9982094126445026,0.28777100494256413,18.43755220782298,0.9659146827033442,29.45684843539057,61.17913365122806,1.0120452675183491,91.44498410915527,17.871983772121272,-1.486215806699435,33.43825208566302
29701986.0,5090478.0,14789730.0,3804214.0,36744024.0,66446010.0,5267778.0,4217423.0,56960809.0,-1222112.0,43046093.0,-41565274.0,1480819.0,1484031.0,11843873.0,11727075.0,-1126389.0,10600686.0,-116798.0,-2244960.0,-889939.0,0.0,-25490.0,SELGD,2021,0.0792790718359161,0.857249502265072,10.81306178810117,13.506069701806055,3.873826606310188,0.351119392102713,3.131402908594135,4.9162610876920025,0.36773025197449777,0.022334388475696285,2.248362212682463,0.03447539362050814,1.449266490126283,0.6478356337724417,0.0005335547679262732,-0.01810721232452317,0.11518022981541576,-1.1478685922731389,0,11.4,19.6,16.0,8.89,26.8,12.0,17.0,37,42,1.9,12.3,10.25,7.01,23.6,13.2,2.2,34.0,36.0,1.2684651493746577,0.2680126617083554,6.8819400852131745,0.9239405490296181,61.98122570096301,58.99513305230403,7.385326225005835,173.0089886096187,13.606019323056417,-0.006137915579882073,205.33566337638382
53622604.0,3544768.0,19677927.0,18145012.0,118114884.0,171737488.0,12913723.0,15032188.0,143791577.0,-200836656.0,74603341.0,-58859894.0,15743447.0,14595447.0,40286585.0,85633992.0,-3153655.0,82480337.0,45347407.0,-3181676.0,-3478142.0,0.0,3755680.0,SELGD,2022,0.07519454925298547,0.8372754177002985,11.134788705007843,9.56557867690319,4.226553358736453,1.04731573341153,1.9187996412069015,2.747278379751525,0.2370413208792247,0.08498695986516351,3.11967238262738,0.1956406617231794,1.3912666568747762,0.4344033551952268,0.06265257138946723,-0.004084522582930641,-0.21343227857721486,0.696196341308817,0,5.5,72.3,10.5,16.55,86.2,10.4,8.5,54,72,11.4,19.6,16.0,8.89,26.8,12.0,17.0,37.0,42.0,0.7895427671563474,0.8838643825977005,75.72092752565361,16.864225040538066,44.378810266732756,28.57169514941586,2.3892184535737475,116.91528140258235,12.800231327478134,0.22962161878133444,104.28812699987141
55992509.0,8889789.0,14082580.0,28813609.0,124522880.0,180515389.0,35871166.0,13594495.0,131049728.0,-181479858.0,91071357.0,-61102141.0,29969216.0,21807745.0,26326455.0,46021928.0,758330.0,46780258.0,19695473.0,-3391436.0,-5449916.0,0.0,-24462798.0,SELGD,2023,0.19871527961530194,0.7259753793068578,3.6533445274681062,9.639911449450679,2.5173600732839696,2.2045111642617106,1.131947049085223,0.7576809741841121,0.11146608115499781,0.12080823203389048,0.7339169013909389,0.2394577803425066,1.626491804466201,0.5045074411910665,0.035821272168726964,0.12352073036231648,0.07010408599583967,1.1571954308501806,0,4.5,53.9,25.0,23.75,43.5,9.4,1.6,60,70,5.5,72.3,10.5,16.55,86.2,10.4,8.5,54.0,72.0,4.967881990382549,1.1355973811185704,118.8231517537062,10.416413444899037,62.93400183209924,7.122201157330654,2.270283485359799,91.33361318670265,6.6879648692998686,-3.3879103238117834,85.55096965374321
145009959.0,70790439.0,4512638.0,0.0,7616932.0,152626891.0,15246973.0,1990650.0,135389268.0,-134699600.0,86823218.0,-89964644.0,-3141426.0,-16795648.0,15323561.0,-6395364.0,10532417.0,4137053.0,-21718925.0,-3143351.0,-7320150.0,0.0,1493353.0,SELGD,2024,0.09989702928561914,0.8870603804672926,8.879747343948205,68.01259287167508,0.4418783262634297,-0.16740893954243927,7.55454406398396,9.510737573943366,0.7037999406520007,-0.11004383231523729,1.0050231609907094,-0.19344650413671605,0.5987396906994505,0.5688592451247664,-0.23085206434912775,-0.0988182503296828,0.06435180393369988,-3.7826017376924996,0,3.2,65.0,45.0,32.5,36.8,9.8,3.0,45,60,4.5,53.9,25.0,23.75,43.5,9.4,1.6,60.0,70.0,4.495366317852861,-1.0784295566893256,-4.293003950528837,-7.11883135223115,19.884524681854337,93.205228224645,1.8203495843992525,399.58863047766926,25.996504203423882,0.44029518363182807,60.29922201652089
10314397000.0,3164017000.0,3234587000.0,3006188000.0,17494244000.0,27808641000.0,6005159000.0,5090496000.0,16712986000.0,4231128000.0,15550314000.0,-10389363000.0,5160951000.0,2855964000.0,3835328000.0,3461595000.0,-95698000.0,3365897000.0,-2431476000.0,-1865633000.0,-884278000.0,-75265000.0,1610132000.0,SISE,2018,0.2159457918134151,0.6009997396133094,2.783104660509405,3.2831743704346295,1.5766751940286536,1.0138404980575566,0.9295888345482984,1.216988426118276,0.1549603952239162,0.1027005958327845,0.6386721817024329,0.1836595711186282,1.507631905190386,0.5591900014099934,-0.01776584340500901,-0.004917144694539938,-0.06271432006378938,-0.128807491434051,0,3.0,16.3,17.75,4.83,39.0,10.9,1.9,14,20,3.75,17.950000000000003,16.875,7.95,32.9,11.45,2.05,35.5,39.0,3.8330378046881184,1.1194364945773512,16.525600118338172,7.1627232736265,27.985984694008604,13.265173844689208,1.6775700042299801,49.400107724041945,2.1694455331348266,1.0277324591302395,72.14583791005296
17241254000.0,8368913000.0,3572022000.0,3831439000.0,21509584000.0,38750838000.0,8191171000.0,11426282000.0,19133385000.0,5721078000.0,18058686000.0,-12179031000.0,5879655000.0,2831075000.0,3493603000.0,2596138000.0,104181000.0,2700319000.0,-2926501000.0,-2311288000.0,-1037506000.0,-74310000.0,2301502000.0,SISE,2019,0.21138048679102114,0.49375409636302575,2.3358546659567967,1.674506633041264,1.0964514098746663,0.5145728943150537,0.8788732156004145,1.6371059766668283,0.23354547842294404,0.07305842005274828,0.42650837102533934,0.15677081931653278,1.0474114005860595,0.46602052838186364,-0.029642175780036223,-0.004565305022393967,-0.09316947302812978,-0.4992676037425029,0,0.9,15.2,19.75,5.67,17.4,13.7,-0.6,8,25,3.0,16.3,17.75,4.83,39.0,10.9,1.9,14.0,20.0,4.174764614122668,1.0009003547226514,7.821507993588816,2.7278122561076703,21.65491534502466,22.428351880335548,0.4194184755436773,46.13312965264674,1.8683638273835523,1.1729982329672457,21.942376396486544
21216994000.0,9354964000.0,4352606000.0,4180755000.0,23011042000.0,44228036000.0,8238478000.0,13498325000.0,22491233000.0,8898265000.0,21340686000.0,-14679283000.0,6661403000.0,3246078000.0,4338024000.0,3255184000.0,-430613000.0,2824571000.0,-5734093000.0,-2721967000.0,-1126188000.0,-58682000.0,2663054000.0,SISE,2020,0.18627275242337235,0.5085288661698657,2.730022827031886,1.6662239944585717,1.0586212701104205,0.4934984896274167,0.9760862257435006,2.0678866897502184,0.29344545165876235,0.07339412493921277,0.5265564828843385,0.1521074814558445,1.0058298550680649,0.48251489168544587,0.00033570488646449126,-0.025107734367648793,0.016494363303582227,-0.021074404687636994,0,1.9,12.3,10.25,7.01,23.6,13.2,2.2,34,36,0.9,15.2,19.75,5.67,17.4,13.7,-0.6,8.0,25.0,1.9092957123395666,0.9688024491976085,6.070031422417226,3.5897365623579303,10.850868018631811,27.29610430470288,0.9167782942023471,27.982733977076833,9.97714535639792,0.6171719562677394,46.57398697482145
36086743000.0,12810775000.0,9185761000.0,8100964000.0,56173958000.0,92260701000.0,19197635000.0,20133841000.0,52929225000.0,10379285000.0,32057875000.0,-20877579000.0,11180296000.0,6228023000.0,9542139000.0,10984450000.0,-1853162000.0,9131288000.0,-10912241000.0,-4056158000.0,-1511634000.0,-111625000.0,2442696000.0,SISE,2021,0.2080803071288175,0.5736919883147213,2.757070076600581,2.628868729021949,1.4282189155576057,0.555298713246022,0.9175028925942164,1.4577722203802708,0.18305852672851466,0.06750461390923097,0.49704763112748,0.1942743553651014,0.8883560092968212,0.347470533526512,-0.005889511029981795,0.021807554705445154,-0.13504435815893384,0.061800223618605266,0,11.4,19.6,16.0,8.89,26.8,12.0,17.0,37,42,1.9,12.3,10.25,7.01,23.6,13.2,2.2,34.0,36.0,3.32928491406108,0.8100553669107717,10.883854779622032,5.206552723784718,22.85150264892169,17.49326664456325,3.961164082202237,44.1131212256093,6.773165488955042,0.423616291404506,286.5257698522922
123998304000.0,41596612000.0,32691659000.0,34410893000.0,164986942000.0,288985246000.0,58609480000.0,56925398000.0,173450368000.0,68435922000.0,170655164000.0,-116072653000.0,54582511000.0,24323709000.0,32363519000.0,25705181000.0,-1672048000.0,24033133000.0,-24582237000.0,-23429238000.0,-8640212000.0,-566507000.0,20901032000.0,SISE,2022,0.2028113227621316,0.6002049253407213,2.9594251305420216,3.0469768169209814,1.4280271451881397,0.9588428525348212,1.073254294690128,1.5285481290739997,0.2262704581118996,0.0841693800520183,0.5521891509701161,0.14253133881140567,1.376270146404583,0.5905324453830422,0.01666476614278732,-0.005268984366685908,0.24306191185653014,0.4035441392887992,0,5.5,72.3,10.5,16.55,86.2,10.4,8.5,54,72,11.4,19.6,16.0,8.89,26.8,12.0,17.0,37.0,42.0,2.129518889002382,0.8753615525409902,69.32433823826757,12.286201405543169,14.994285024475467,15.896900542369599,3.2479284496067318,31.073963870691227,12.218604738042579,0.7594188251396059,145.14302809518895
162943346000.0,54517346000.0,39661549000.0,47514615000.0,257694941000.0,420638287000.0,96332368000.0,83580951000.0,240724968000.0,125382695000.0,219447449000.0,-159076738000.0,60370711000.0,20875132000.0,30363488000.0,34067297000.0,-6598224000.0,27469073000.0,-22656552000.0,-30530205000.0,-14279732000.0,-707895000.0,54515060000.0,SISE,2023,0.22901474016320345,0.5722849665370571,2.498900141227713,2.88014152889933,1.4323283147258263,0.7223022743543561,0.9056769499094172,1.1982341283253828,0.15835690677391903,0.04962727513199482,0.31519507544961417,0.09512588136761617,1.346771466200283,0.5217010809099267,-0.03454210492002347,0.02620341740107185,-0.06883136447311544,-0.23654057818046503,0,4.5,53.9,25.0,23.75,43.5,9.4,1.6,60,70,5.5,72.3,10.5,16.55,86.2,10.4,8.5,54.0,72.0,5.725368504080086,0.46649638624075135,38.93209258769979,4.137975839491303,35.80820786814566,11.263400806258598,2.3476548640946704,62.472503530692826,9.501414406435142,3.2400200888037562,120.44267606499196
134208317000.0,53659025000.0,26096363000.0,42475739000.0,264819216000.0,399027533000.0,79571708000.0,111345412000.0,208110413000.0,147356608000.0,185589224000.0,-143564346000.0,42024878000.0,-2603019000.0,-1184612000.0,3227356000.0,2015507000.0,5242863000.0,-14176819000.0,-29928727000.0,-15300645000.0,-1064773000.0,29454653000.0,SISE,2024,0.19941407902797526,0.5215439933063466,2.615382002356918,1.8690524311859387,1.3870899372460679,0.37742801652213565,0.7029663814329485,1.1528290683417277,0.13692440867232086,-0.0065234069950757005,-0.014887351670269538,-0.014025701190495845,1.3828444328081395,0.4651038052554634,-0.05615068212707052,-0.02960066113522819,-0.05659727565446332,-0.3448742578322205,0,3.2,65.0,45.0,32.5,36.8,9.8,3.0,45,60,4.5,53.9,25.0,23.75,43.5,9.4,1.6,60.0,70.0,8.973633556258886,-0.06392938855174186,24.532821073938816,-0.516145803810247,62.41904717607306,11.297724869748933,1.488332176817483,117.69219010606132,6.161598390254439,3.3217241302494283,85.47934802069783
237314622.0,2698616.0,141438539.0,42642100.0,49971505.0,287286127.0,140886134.0,140173340.0,6226653.0,4181652.0,318903102.0,-310827762.0,8075340.0,-5670744.0,-5670744.0,-6390674.0,3478043.0,-2912631.0,-746945.0,-6855356.0,-7062303.0,0.0,11227801.0,SMRTG,2018,0.49040354113583773,0.021674046933703832,0.044196350792051683,0.044421093197893405,0.17779690642984694,0.05760967099735228,0.8443573120755218,1.3817720486247427,0.33565313092894317,-0.019739010926900762,-0.040250547296584914,-0.017782028347908638,1.3437987904512685,1.1100539567648529,0.05261353680241747,0.005856162693340938,-0.09761721785572464,0.3982261688624471,0,3.0,16.3,17.75,4.83,39.0,10.9,1.9,14,20,3.75,17.950000000000003,16.875,7.95,32.9,11.45,2.05,35.5,39.0,8.70466285516112,-0.2151552191032183,0.9390376372568422,-0.6934991055684369,3.1558950891297832,15.061315330009696,3.3301618702945586,0.7844852265589174,4.699143833005205,0.6937107260664904,58.42796770583787
334871701.0,8323197.0,236666280.0,53295307.0,61681717.0,396553418.0,290704008.0,89103294.0,16746116.0,932384.0,401776810.0,-312418668.0,89358142.0,13933593.0,13933593.0,9867568.0,725678.0,10593246.0,-10916715.0,-30965717.0,-11601086.0,0.0,-5847163.0,SMRTG,2019,0.7330765410273176,0.0422291556190798,0.05760538396154483,0.18794048175143782,0.16240266228478145,1.0028601411750278,0.8816884226201633,0.968601691931265,0.1113789239864779,0.035136736609845585,0.04793051563293204,0.03467993336897667,1.199793260523976,1.0131719757361919,0.054875747536746344,0.24267299989147983,-0.09688198102866097,0.9452504701776755,0,0.9,15.2,19.75,5.67,17.4,13.7,-0.6,8,25,3.0,16.3,17.75,4.83,39.0,10.9,1.9,14.0,20.0,14.478261685289523,0.4813732915548845,15.243474145860421,0.603430840620194,3.207452580124434,13.269843179458329,0.9118547781625728,1.1377063332405104,0.8910313918918232,-0.2912128959382718,17.818489182418453
500880569.0,25869747.0,200745984.0,82967102.0,77177364.0,578057933.0,439247657.0,64783958.0,74026318.0,-16126616.0,579697636.0,-459117786.0,120579850.0,60774441.0,60774441.0,58878825.0,-1136924.0,57741901.0,-17663746.0,-9977731.0,-15797096.0,0.0,15836482.0,SMRTG,2020,0.7598678816159418,0.12806037902778855,0.16852979593696502,1.1426643305739361,0.15312008553272993,1.861260931294133,0.9937483167598524,0.9514301564049094,0.1066206490414171,0.1051355539480158,0.13836030774775424,0.10483817291261129,1.1573570065961174,1.002836572091469,0.0699988173381702,0.026791340588624202,-0.010335403644722962,0.8584007901191053,0,1.9,12.3,10.25,7.01,23.6,13.2,2.2,34,36,0.9,15.2,19.75,5.67,17.4,13.7,-0.6,8.0,25.0,7.788645786563403,1.3877893121138085,22.893509454917837,2.4741808807376264,1.5694808767104818,12.558878064544803,1.9053894869737908,1.7274304083538914,3.6251020674081813,0.28080912177361295,38.33285083826374
712656851.0,23734489.0,365450354.0,98969813.0,105674912.0,818331763.0,579082290.0,38637911.0,200611562.0,-2122664.0,846114782.0,-711568123.0,134546659.0,145099018.0,138813620.0,96451367.0,-12106073.0,84345294.0,-42362702.0,-17656692.0,-26791987.0,0.0,-57964580.0,SMRTG,2021,0.7076375575073456,0.24514698203154067,0.34643014553251145,5.192091311561849,0.1710724561523608,3.4822446534441265,1.1536887572177683,1.0597579110906672,0.16322788267476793,0.17731074921015866,0.23971311573006315,0.17148857470262233,1.1872681513027368,1.0339508011984622,0.07217519526214286,-0.05223032410859618,0.03111422910699324,1.6209837221499934,0,11.4,19.6,16.0,8.89,26.8,12.0,17.0,37,42,1.9,12.3,10.25,7.01,23.6,13.2,2.2,34.0,36.0,11.32220092011753,2.127728990521904,68.25199520750489,4.595893802030279,2.737159298437773,12.717094933088006,11.78703913366247,5.542882328520183,6.039431658966413,-1.1333218652054204,233.9596736526349
3641419864.0,395846957.0,1672825140.0,780942940.0,652843925.0,4294263789.0,2667816199.0,194299153.0,1432148437.0,127343747.0,3973288754.0,-3366948871.0,606339883.0,477396355.0,483200841.0,112669866.0,-42833205.0,69836661.0,-386255306.0,-88821850.0,-102242657.0,0.0,-267611633.0,SMRTG,2022,0.6212511224470565,0.3335026694607186,0.5368242525616361,7.37084240917921,0.22809839741218088,3.1206511898690574,1.2722827056762176,1.0722166411135132,0.22672190457743677,0.11117071015126687,0.18112223817409995,0.12015143740041402,1.0911372218515476,0.9252549329125529,-0.06614003905889179,-0.08638643506028909,-0.10869586828590927,-0.36159346357506905,0,5.5,72.3,10.5,16.55,86.2,10.4,8.5,54,72,11.4,19.6,16.0,8.89,26.8,12.0,17.0,37.0,42.0,6.523136785694093,1.1561753855731753,225.62308102753283,10.35705390391569,2.3950331728278993,11.151053067580538,5.088902131019041,5.636654651897179,12.242982847181585,-0.6543431620800229,121.99300281582849
10286230998.0,847117786.0,3655590834.0,2848354160.0,4946727709.0,15232958707.0,9233794679.0,2926265473.0,3072898555.0,-151734577.0,11684945071.0,-9017857159.0,2667087912.0,2460458508.0,2584502940.0,1386941695.0,110867870.0,1497809565.0,-1394588600.0,-339426129.0,-457563504.0,0.0,-2400304762.0,SMRTG,2023,0.6061721072451142,0.20172696677684232,0.3327882698094375,1.0501092889052448,0.40680125321472177,0.9114306055307102,0.8459029700036635,0.8055059806468976,0.06908942243218805,0.16152203621935546,0.2798960806306228,0.21056654464781607,1.1359792593878126,0.7670830923759032,0.05035132606808859,-0.015079015201942325,-0.15817184053664968,-2.2092205843383472,0,4.5,53.9,25.0,23.75,43.5,9.4,1.6,60,70,5.5,72.3,10.5,16.55,86.2,10.4,8.5,54.0,72.0,15.154302681127854,1.5183071404619413,49.12610963810528,9.159644692179999,10.170031330368044,7.5717562180808375,3.4518739156915643,8.319706745235937,4.145365345931283,-3.9393278879187603,105.51027264001995
10647568441.0,468045170.0,3065999160.0,2259414976.0,6814751300.0,17462319741.0,11270982832.0,2677384180.0,3513952729.0,1261421066.0,11677588216.0,-9403198138.0,2274390078.0,1362398510.0,1391934610.0,-301051891.0,735005228.0,433953337.0,-1797807295.0,-215649510.0,-608529601.0,0.0,1492072202.0,SMRTG,2024,0.6454459086290075,0.20123057996410101,0.3117698590599716,1.3124574184194964,0.4885698300121557,0.8494821531364991,0.7633559134083387,0.7442255560167107,-0.03570054839485487,0.07801933134927128,0.12349718127935483,0.11666779858989335,1.0967375585052603,0.6687306376931149,-0.08350270487008418,0.03927380138389336,-0.0983524546827883,-0.061948452394211095,0,3.2,65.0,45.0,32.5,36.8,9.8,3.0,45,60,4.5,53.9,25.0,23.75,43.5,9.4,1.6,60.0,70.0,29.045065888305338,0.7645894472228586,55.21633995387244,4.2933749881080745,21.985642350547007,7.2934104489637654,2.139938040617968,14.029643657698722,-1.6065246777684692,3.845036059691057,75.4665959642944
15777890.0,578340.0,12213757.0,2574815.0,3158390.0,18936280.0,11931833.0,1915609.0,5088838.0,-10589079.0,22736014.0,-17647090.0,5088924.0,835813.0,1783532.0,86355.0,78993.0,165348.0,-1783782.0,-2237127.0,-3996795.0,0.0,-4031542.0,SNKRN,2018,0.6301043816420121,0.26873483070592535,0.42649255986066853,2.6565118455801784,0.22808472496219878,2.6565567399192633,1.139408274827943,1.106542054351582,0.2031052033451132,0.04413818342356577,0.14947678198312028,0.03676163288780522,1.4410047224311997,1.2006589467413875,0.017181260400133597,0.03811357478342811,-0.03531350068986086,-0.4385950562130505,1,3.0,16.3,17.75,4.83,39.0,10.9,1.9,14,20,3.75,17.950000000000003,16.875,7.95,32.9,11.45,2.05,35.5,39.0,11.184352774145715,0.48110619931686693,43.301874860683995,1.4337036826244036,4.048503868079028,12.061308392432245,3.6019768402241628,7.570242937526866,2.8434728468315846,-3.778982487584679,50.26977065014921
13373054.0,336708.0,4094978.0,3308213.0,6429985.0,19803039.0,18197074.0,229999.0,1375966.0,-10423731.0,8536041.0,-8599913.0,-63872.0,-1198254.0,-1101283.0,-3043458.0,151254.0,-2892204.0,-2058547.0,-457391.0,-1817164.0,0.0,-883447.0,SNKRN,2019,0.9189031037104961,0.06948256780184092,0.07561468398710694,5.982486880377741,0.3489422872531085,-0.16740893954243927,0.7257286059484325,0.5531021635676153,-0.2435999848306111,-0.060508591635859525,-0.06051978466428174,-0.14037584871019246,0.6383015427889546,0.4310470226312234,-0.1046467750594253,0.288798722068484,-0.7696119241101641,-2.9342622951608077,1,0.9,15.2,19.75,5.67,17.4,13.7,-0.6,8,25,3.0,16.3,17.75,4.83,39.0,10.9,1.9,14.0,20.0,18.1483362982823,-0.8289677054112754,-4.221124439671477,-2.4425397675573484,6.891610173248893,7.577499640876329,0.38794232036810106,1.493390008745362,-1.9487998786448888,-0.8810808406729896,16.252965664963387
25844995.0,218417.0,13473648.0,0.0,4868057.0,30713052.0,22502899.0,66129.0,8144024.0,-13315935.0,14853853.0,-3605849.0,11248004.0,9888828.0,9889165.0,9637666.0,-2916063.0,6721603.0,-262246.0,-50940.0,-1190675.0,0.0,-95580.0,SNKRN,2020,0.7326819555412467,0.26516492076398007,0.3619099921303473,123.15359373346035,0.21569635165502032,150.4045567211987,1.145153216168636,1.1485184642209878,0.10881679879941596,0.32197477476351094,0.43946182223010466,0.665741609264613,0.5747284145344195,0.48363324491489806,0.3814843924994046,-0.1862211481692494,0.052586222283674655,48.108736021542754,1,1.9,12.3,10.25,7.01,23.6,13.2,2.2,34,36,0.9,15.2,19.75,5.67,17.4,13.7,-0.6,8.0,25.0,7.509990044297779,4.2411558962138445,2092.129764551105,15.711501978644868,2.2108876044639585,15.160443727717038,0.9189031653383063,3.70957741933606,3.6997711591801425,-0.03189832778585469,32.75637671069726
81530259.0,160465.0,43873738.0,16128618.0,15894093.0,97424352.0,34055075.0,14929169.0,48440108.0,-9802969.0,126852108.0,-72988188.0,53863920.0,37480140.0,37635409.0,38113484.0,92131.0,38205615.0,-1998499.0,-80861.0,-2592221.0,-4333930.0,-835744.0,SNKRN,2021,0.34955403141916713,0.497207392254454,1.4224049719461784,3.2446620438150306,0.32447357970860996,3.6079650515042063,1.6644180320512858,1.9204668026718485,0.48730305129460855,0.3773903655705024,1.1051336401402727,0.29546328075210226,1.5558899181223012,1.3020574979036041,0.06273540529496152,-0.3831279241220796,0.818424252988706,-166.48388572500838,0,11.4,19.6,16.0,8.89,26.8,12.0,17.0,37,42,1.9,12.3,10.25,7.01,23.6,13.2,2.2,34.0,36.0,5.592864502706674,4.2411558962138445,70.71611500948245,7.918415924156341,5.191577275337759,23.045601632062183,14.843455476101088,22.758479551138855,18.030212897900515,-0.137254225719664,209.6982890400226
215067681.0,282342.0,86975115.0,38365034.0,18764733.0,233832414.0,143105982.0,7489254.0,83237178.0,-18877630.0,72060354.0,-52364221.0,19696133.0,6169604.0,10775247.0,9347793.0,-2687072.0,6660721.0,-1427454.0,-28523.0,-3041621.0,-37800.0,2381556.0,SNKRN,2022,0.6120023291552728,0.3559693738610593,0.5816470900566546,11.114214847032828,0.12460376236602863,2.629919214917801,1.42811742730029,1.234767719213862,0.3077490317488661,0.026384725258834302,0.0752955735980345,0.08561717584679088,0.3350589622064135,0.30817093647247723,-0.3583254547996382,0.2624482977361056,-0.993886561431127,-0.9780458365864053,0,5.5,72.3,10.5,16.55,86.2,10.4,8.5,54,72,11.4,19.6,16.0,8.89,26.8,12.0,17.0,37.0,42.0,6.426024456130364,0.27440114269187676,190.14315923855702,7.380200557993374,1.3083395048433006,12.841584279824165,1.6949401505986248,6.1072944455948734,16.61844771443877,0.10694128145980651,105.98563380490666
166832505.0,307433.0,22196583.0,28652597.0,36770402.0,203602907.0,180307987.0,915753.0,22379167.0,-180362724.0,37657928.0,-14363459.0,23294469.0,-404795.0,-404795.0,-11331772.0,-10629507.0,-21961279.0,-10926977.0,-78455.0,-8500849.0,0.0,10717502.0,SNKRN,2023,0.8855865058940441,0.10991575380601025,0.12411633767504708,24.437994743123966,0.20290058024406737,25.437502252244872,0.9205885774126502,0.7663548925317435,-0.06618511591290786,-0.001988159235860026,-0.0022450197949356507,-0.010749263740692265,0.2257229668762691,0.18495771280908085,-0.028372884494694328,0.27358417673877133,-0.12321322366339638,22.80758303732707,0,4.5,53.9,25.0,23.75,43.5,9.4,1.6,60,70,5.5,72.3,10.5,16.55,86.2,10.4,8.5,54.0,72.0,22.139662647351102,-0.018688696817084245,1371.0813713959985,-0.4675929727201135,5.072514506101684,7.203735989798389,0.8323097076408639,3.102908441876177,-3.9711069547744717,1.315980964849387,86.09256954240652
29347930.0,212589.0,19253779.0,9635629.0,27161715.0,56509645.0,34689467.0,594961.0,21225217.0,-202324003.0,20080480.0,-4886153.0,15194327.0,3651293.0,3651293.0,5810190.0,-6755975.0,-945785.0,2158897.0,0.0,-10774676.0,0.0,1958669.0,SNKRN,2024,0.613868075087005,0.37560343902355076,0.6118634512314646,35.67497197295285,0.7697932640427103,25.538357976405177,0.8317530328109612,0.5682503279741946,-0.0945243418181091,0.06461362480688031,0.1052565321917457,0.18183295419233006,0.6842213403125876,0.355346065260187,0.06660178404274034,-0.27171843080703906,0.17038835245110617,0.1008557241603043,0,3.2,65.0,45.0,32.5,36.8,9.8,3.0,45,60,4.5,53.9,25.0,23.75,43.5,9.4,1.6,60.0,70.0,27.624063378915228,0.6332135231074271,1659.9932684663365,6.691452714277745,34.64069688192196,5.568853214147108,1.1371074088325985,27.533855305415905,-4.25359538181491,1.5597355991176374,57.119750046439435
76894272.0,34202237.0,15787032.0,21266977.0,209475223.0,286369495.0,22387939.0,29994119.0,233987437.0,-7771445.0,166068714.0,-111362726.0,54705988.0,54029501.0,72896643.0,86305408.0,-634078.0,85671330.0,-3653172.0,-1155943.0,-3113377.0,0.0,53580155.0,SNPAM,2021,0.07817850501150621,0.8170822698835293,10.451495200161123,7.801110511030513,3.998988031359898,1.8238904766631086,1.4679505719305646,2.484699239175165,0.19033568152920757,0.18867058797585964,3.2560676085458335,0.3253442487668087,2.1597020126544666,0.5799106290982564,0.19289999533177962,-0.023709024928859693,0.22169968449683974,1.1576529470664587,1,11.4,19.6,16.0,8.89,26.8,12.0,17.0,37,42,1.9,12.3,10.25,7.01,23.6,13.2,2.2,34.0,36.0,1.2508560801840993,2.2640470557103156,35.74825334259693,8.719225866950472,63.98380850175837,29.81639087010198,6.610981171720123,167.22392320257796,7.04242021658068,2.993623605056118,221.9898456207737
345166315.0,99212180.0,46852256.0,65265871.0,836156669.0,1181322984.0,89384850.0,101084974.0,990853160.0,82864986.0,653341072.0,-547292124.0,106048948.0,79128479.0,108360119.0,-23350484.0,-70133985.0,-93484469.0,-178116215.0,-3414291.0,-31992028.0,0.0,-19492793.0,SNPAM,2022,0.07566503929123587,0.8387656664775431,11.08524722030635,9.80218049024774,4.389969242581964,1.049106942442306,1.812183724178797,3.1314081077498033,0.2165211956969763,0.06698293360217902,1.2122873059584482,0.12111358429950352,1.8928297565769128,0.5530588000478622,-0.12168765437368062,-0.002513465720270336,-0.026851829050394183,-0.7747835342208025,1,5.5,72.3,10.5,16.55,86.2,10.4,8.5,54,72,11.4,19.6,16.0,8.89,26.8,12.0,17.0,37.0,42.0,0.7944829125579767,0.6966225094626619,75.85043193857872,10.439990966617204,46.09467704711062,32.56664432059795,3.041823400263242,116.39509581321667,11.69214456763672,-0.17325856626184122,114.89445451143226
349161199.0,54513522.0,100191006.0,104725078.0,6083846447.0,6433007646.0,159728680.0,529740609.0,5743538357.0,3942845619.0,758636786.0,-700164233.0,58472553.0,61363433.0,165661438.0,384672303.0,-223793131.0,160879172.0,175358636.0,-5698249.0,-44693012.0,0.0,207174662.0,SNPAM,2023,0.02482954922326545,0.8928231821038317,35.95809066349262,10.842171167209875,8.823955677306463,0.11037959334546693,0.5064202344768978,1.5303207977427724,0.02944696002619985,0.009538840364686238,1.0371427222712915,0.08088644544057214,2.1727408090381775,0.11792878661845135,-0.057444093237492784,-0.05083549006797042,-0.4351300134294109,-0.9387273490968391,1,4.5,53.9,25.0,23.75,43.5,9.4,1.6,60,70,5.5,72.3,10.5,16.55,86.2,10.4,8.5,54.0,72.0,0.6207387305816363,0.08966509942805063,5.949460081320668,3.518560376664888,220.5988919326616,14.385015498782062,0.5306795397830311,898.9522665873155,1.766817601571991,0.8051236427832469,101.63118608070103
329447637.0,58291649.0,156914217.0,76720156.0,6248614753.0,6578062390.0,132172681.0,621238903.0,5824650806.0,4102077577.0,786222783.0,-713691469.0,72531314.0,52434346.0,76249194.0,382593895.0,-295353726.0,87240169.0,290347594.0,-6182199.0,-39225209.0,0.0,320958316.0,SNPAM,2024,0.020092950349776175,0.8854660324983631,44.068492535155585,9.375862937546911,8.293759859418355,0.11675269151648733,0.43727445130442805,1.9121007388811309,0.029989827445221297,0.007971092837263284,0.5768907267606987,0.0666914609112771,2.3864878502679927,0.11952194071543308,-0.0015677475274229538,-0.0047365988734892756,0.0015931540969817276,0.0063730981710204,1,3.2,65.0,45.0,32.5,36.8,9.8,3.0,45,60,4.5,53.9,25.0,23.75,43.5,9.4,1.6,60.0,70.0,0.9041827657399278,0.07811670980518019,7.588924948571677,2.454245761534997,373.21919367382594,18.738587241035084,0.3824702102893859,1983.0821640820013,1.3495422350349584,2.195650233107625,72.34241942180508
1315334721.0,354087758.0,69539782.0,872461203.0,1946596806.0,3261931527.0,2845118009.0,153824495.0,262989023.0,397169153.0,12060771860.0,-9126780915.0,2933990945.0,4086686.0,15431684.0,-248221485.0,315803135.0,67034536.0,-263653169.0,-2432466837.0,-71753605.0,0.0,491919684.0,SOKM,2018,0.872218802096271,0.08062371046821792,0.09243518974189587,1.7096693410240027,0.6490944069129776,19.07362637530518,0.4385995127434427,0.1556608606739869,-0.46898080947975707,0.0012528423623160867,0.005423917022487203,0.0003388411660080933,9.061101272935645,3.190762582643398,-0.020991720791391878,-0.019552428408639494,0.022937290042557734,0.2338329337637306,0,3.0,16.3,17.75,4.83,39.0,10.9,1.9,14,20,3.75,17.950000000000003,16.875,7.95,32.9,11.45,2.05,35.5,39.0,15.481883737208811,0.013655981749245346,310.9001099174745,0.013214805474315638,11.521425722705352,1.6967033813464574,11.092297701686244,1.6407246179186517,-6.565731332716599,2.6768110607859485,65.71675604944551
1860432013.0,431286166.0,74417039.0,1329732797.0,3847368901.0,5707800914.0,4290295414.0,1444370323.0,-26864823.0,428057451.0,16051963222.0,-12311478936.0,3740484286.0,322294974.0,328800952.0,-243890899.0,-54438823.0,-298329722.0,-572691851.0,-2771035995.0,-97705649.0,0.0,1388017394.0,SOKM,2019,0.7516547053133605,-0.004706685360049333,-0.006261765311622898,-0.018599678055002518,0.6708968015654022,2.589698934156237,0.3244185621834091,0.12392337571460607,-0.4257092070327946,0.056465699987797435,0.07663830115918446,0.02007822778700857,8.62808375142704,2.8122850575653415,0.05521285762548135,-0.12056409678291047,-0.8851475096634065,-16.483927441148943,0,0.9,15.2,19.75,5.67,17.4,13.7,-0.6,8,25,3.0,16.3,17.75,4.83,39.0,10.9,1.9,14.0,20.0,14.845180429938871,0.7735800898328248,39.363423799174804,0.3493611634939491,13.250211830916694,1.694657024193439,2.5310565518088075,-0.12366986490455224,-3.4056736562623566,4.802785511362354,20.21858969178283
3377045204.0,1149089432.0,106183646.0,2090253657.0,4384784572.0,7761829776.0,5746230609.0,1761701289.0,253897878.0,129419773.0,21353835397.0,-16318273326.0,5035562071.0,848959944.0,870830648.0,293860009.0,-21948383.0,271911626.0,-576970639.0,-3473128697.0,-160669722.0,0.0,2148874344.0,SOKM,2020,0.7403190709963335,0.03271108557225334,0.044185118084598615,0.14412084476825288,0.5840202910162305,2.8583518116504028,0.44979699468232975,0.22393663508467104,-0.3052354242971999,0.10937626416712079,0.15154815517429227,0.03975678973901196,6.323230548322859,2.751134205883672,0.052910564179323355,-0.011335634317026999,-0.06115085168166967,0.26865287749416566,0,1.9,12.3,10.25,7.01,23.6,13.2,2.2,34,36,0.9,15.2,19.75,5.67,17.4,13.7,-0.6,8.0,25.0,7.588270477712419,1.4437666870059944,35.157727283299955,0.9382602378406824,5.986207982916363,2.9559635831176574,5.227154991178976,0.4528974603671358,-10.378004426104797,2.837728043728229,43.26771948452246
4369754981.0,1343778022.0,99962387.0,2849358576.0,5365074858.0,9734829839.0,7065781281.0,2173158720.0,495889838.0,319995612.0,28411812112.0,-21767673133.0,6644138979.0,967841685.0,1099539988.0,300901021.0,18022654.0,318923675.0,-798638967.0,-4682929637.0,-172889056.0,0.0,2137552282.0,SOKM,2021,0.7258248369881959,0.05093975407904405,0.07018188340098437,0.22818850433529309,0.5807024244577081,3.0573648016836983,0.4729714643159311,0.21517739433689667,-0.2769464227509236,0.09942050359448507,0.15561477836239862,0.03406476437281601,6.5019233882761265,2.9185730600216195,-0.009955760572635725,-0.014494234008137652,0.16743885413794768,0.19901299003329553,0,11.4,19.6,16.0,8.89,26.8,12.0,17.0,37,42,1.9,12.3,10.25,7.01,23.6,13.2,2.2,34.0,36.0,11.613197391811134,1.1930460431338208,59.92435011300049,0.9129356851914692,9.29123879132333,2.58212873204276,21.286468651000995,1.12291013441575,-10.247017641784174,3.5132444097772995,262.18832635800607
20051823531.0,1415532224.0,199508932.0,15715394092.0,26735787426.0,46787610957.0,22710912202.0,6225917572.0,17850781183.0,6383927843.0,112384820331.0,-89633316182.0,22751504149.0,36234647.0,171458377.0,7247075503.0,-293035968.0,6954039535.0,7075617126.0,-20742529118.0,-953971278.0,0.0,8593863162.0,SOKM,2022,0.48540439952944786,0.3815279476313869,0.7860001845909121,2.867172746276121,0.9239362996848516,3.6543214531655543,0.6929516359465453,0.19094034622784192,-0.05683317905339998,0.0007744496087500884,0.007549603268903519,0.0003224158466711105,5.604718202175166,2.4020209203305316,-0.09864605398573498,-0.24042043745874803,-0.5165521396910879,0.5969566514818561,0,5.5,72.3,10.5,16.55,86.2,10.4,8.5,54,72,11.4,19.6,16.0,8.89,26.8,12.0,17.0,37.0,42.0,5.096746195059202,0.00805427593100092,264.20744106386957,0.027792245983049725,9.701331146690942,1.985779600769556,13.211115061817924,8.253001938204578,-3.068991668883599,1.9286208753836713,135.12886354925996
36698856591.0,6082019017.0,202912870.0,26509370431.0,40284664060.0,76983520651.0,35473527226.0,12546345308.0,28963648117.0,16431365555.0,193155221661.0,-155158908476.0,37996313185.0,-2405983785.0,-1923870684.0,8168666456.0,-2033218583.0,6135447873.0,10092537140.0,-37999788063.0,-1598652747.0,0.0,19725852000.0,SOKM,2023,0.4607937767203065,0.37623179444214944,0.8164862753138165,2.308532676725527,0.8389165138136683,3.0284766003349346,0.7642431071639295,0.2872419789293383,0.015916774845293895,-0.03125323140139794,-0.054233983323482886,-0.012456219222603562,5.2632490383465855,2.5090463520973167,-0.03202768101014803,-0.024610622809141336,0.10702543176678514,-0.6258448528306197,0,4.5,53.9,25.0,23.75,43.5,9.4,1.6,60,70,5.5,72.3,10.5,16.55,86.2,10.4,8.5,54.0,72.0,11.519844418007663,-0.29378037517314065,163.23488875805296,-0.5418455361832549,20.972912845341707,2.7000746019357798,11.290708584437926,20.412156882845412,0.9550064907176338,6.40586837065621,112.80085748269018
32763644606.0,5782354582.0,261392838.0,23732757501.0,42777799477.0,75541444083.0,37560572467.0,9156271997.0,28824599619.0,22166168237.0,202173763632.0,-165218617526.0,36955146106.0,-8719756904.0,-6985766967.0,-1054213748.0,1115457095.0,61243347.0,5931553219.0,-42873177959.0,-1899468808.0,0.0,18353765127.0,SOKM,2024,0.4972180889966956,0.3815733200351507,0.767416408371431,3.1480715763407,0.9156825545005415,4.03604721638983,0.701324008115481,0.24043528923672194,-0.06350061107819767,-0.11543010608083294,-0.18598670116483346,-0.04313001225951278,6.170673808217781,2.676329081157949,-0.084176874679435,0.03642431227638909,0.16728272906063246,1.0075706160548958,0,3.2,65.0,45.0,32.5,36.8,9.8,3.0,45,60,4.5,53.9,25.0,23.75,43.5,9.4,1.6,60.0,70.0,22.374814004851302,-1.131215039592163,262.34306906533897,-1.5871844511500703,41.20571495252437,2.356265834519875,8.564253059705438,34.533738376714396,-2.857527498518895,9.862780654745045,80.15343126671056
641100927.0,27697717.0,323463202.0,237813206.0,223209193.0,864310120.0,246759458.0,116675236.0,500875426.0,199113868.0,1042444319.0,-865193025.0,177251294.0,61267486.0,64488043.0,42916177.0,-2818176.0,38576777.0,-42933403.0,-83832573.0,-54303284.0,-1469147.0,46235538.0,TATGD,2018,0.28549874899069794,0.5795089220984708,2.0298124743003774,4.2929026173128975,0.6141658919332561,1.519185219389657,1.7640058519014148,1.6343354142073048,0.45624997309993315,0.07088599865057695,0.26133970111086885,0.05877290986512633,1.626022167645376,1.2060998649419956,0.006990218070748117,0.018306378268181905,0.01301084055501045,-0.16841239346996273,0,3.0,16.3,17.75,4.83,39.0,10.9,1.9,14,20,3.75,17.950000000000003,16.875,7.95,32.9,11.45,2.05,35.5,39.0,5.0676027945848885,0.7726573852912887,24.762719076051408,2.2921434847399267,10.901444581815296,17.814256014859623,3.618299594825987,36.0291714188317,6.387499623399064,0.9495212198834373,61.73232659265507
779850592.0,10476743.0,383880332.0,338435975.0,246512801.0,1026363393.0,274590344.0,191188136.0,560584913.0,236908106.0,553221806.0,-381561604.0,171660202.0,83114646.0,83498821.0,47671941.0,-9519994.0,66155440.0,-76578047.0,-41382405.0,-56401978.0,-1047384.0,-3412146.0,TATGD,2019,0.26753715679335416,0.546185607186791,2.041531777242684,2.932111399422818,0.529249013393663,0.8978601161737358,1.6742950253949045,1.6075387450623537,0.4922820235464107,0.08097974515347899,0.3040850591599827,0.15023747274343702,0.7093946092689508,0.539011630552182,0.01009374650290204,-0.01796159219734378,-0.6670882343898136,-0.621325103215921,0,0.9,15.2,19.75,5.67,17.4,13.7,-0.6,8,25,3.0,16.3,17.75,4.83,39.0,10.9,1.9,14.0,20.0,5.283858846668744,1.1094225086026621,13.647473765840784,2.614132025735804,10.452668014524845,22.023280807354244,0.48511046749696385,40.32025260054301,3.9382561883712857,-0.06565889231787907,18.674358934677386
1172826112.0,120612224.0,445574341.0,360736236.0,135876340.0,1308702452.0,411381935.0,192573352.0,704747165.0,339018230.0,802944100.0,-549262358.0,253681742.0,121850180.0,123181851.0,96706696.0,-25393533.0,167274341.0,-60004748.0,-59308229.0,-73396832.0,-1166189.0,20833374.0,TATGD,2020,0.31434336687557457,0.5385083247326261,1.7131213236186464,3.6596297342323876,0.22497748248042077,1.3173252652319205,1.941908842003398,1.9740533234644833,0.5818313978370998,0.09310762718736008,0.29943427389440425,0.15175425038928614,0.6846233143895077,0.6135421376898283,0.012127882033881099,0.04680621008222041,0.0745305071376463,0.41946514905818466,0,1.9,12.3,10.25,7.01,23.6,13.2,2.2,34,36,0.9,15.2,19.75,5.67,17.4,13.7,-0.6,8.0,25.0,3.2220195104746394,1.229020678873153,16.203100762352623,3.581400309187153,2.3060191954243128,26.05750386973118,1.1657300616106738,17.559493567091128,19.782267526461393,0.16317084389477401,39.885373778414085
1349815872.0,106046019.0,473882599.0,627595375.0,288023718.0,1637839590.0,553236289.0,199392824.0,885210477.0,421252127.0,1091763568.0,-772830339.0,318933229.0,138149899.0,140194233.0,154298001.0,3328549.0,223190334.0,-147581571.0,-103101813.0,-83037369.0,-1780780.0,-56930548.0,TATGD,2021,0.3377841715256132,0.5404744655122178,1.6000585908781555,4.4395302661443825,0.38269010994263786,1.599522102159504,1.793467524289085,1.3054467166379247,0.486359951159808,0.08434885799774812,0.2534075146325045,0.1265382936830147,0.8088240704877413,0.6665876039789709,-0.008758769189611965,0.023440804650038616,0.05304546628914253,0.28219683692758357,0,11.4,19.6,16.0,8.89,26.8,12.0,17.0,37,42,1.9,12.3,10.25,7.01,23.6,13.2,2.2,34.0,36.0,5.404546744409811,1.0121862959729775,31.350633202326282,3.3912262707047938,6.123041759082206,15.665360599655095,7.599098685360269,25.600937454050488,17.995318192912897,-0.5561526132116515,241.86974031383906
6776211589.0,473973523.0,1390628117.0,4263771716.0,1430294695.0,8206506284.0,5119653436.0,483480109.0,2603372739.0,-240460089.0,5248584498.0,-4779533703.0,469050795.0,-211730846.0,-205784300.0,-65426636.0,-83930104.0,-149356740.0,-12015247.0,-448918040.0,-395323673.0,-9786401.0,-2504016922.0,TATGD,2022,0.6238529843060802,0.3172327722548296,0.5085056579599307,5.384653247441044,0.25526692939102524,0.9701553099467842,1.2093610717250896,0.4907441303220275,0.2018591219785874,-0.02580036359842992,-0.04019496682196908,-0.040340561551534725,0.7745603024734593,0.6395638187998492,-0.11014922159617804,0.286068812780467,-0.02702378517912163,-0.6293667922127198,0,5.5,72.3,10.5,16.55,86.2,10.4,8.5,54,72,11.4,19.6,16.0,8.89,26.8,12.0,17.0,37.0,42.0,6.550456335213842,-0.2683237814236712,70.1422289091525,-3.4773564057422934,2.680302758605765,5.103738955349086,3.5176010033991707,5.339309408579273,10.90039258684372,-3.203821062351605,125.55506219228747
7111233872.0,133825470.0,1933672297.0,4442317052.0,2428711025.0,9539944897.0,4641068748.0,1495916666.0,3402959483.0,-563243270.0,8304211377.0,-7778944644.0,525266733.0,-173167592.0,-158726077.0,-88892259.0,-35626395.0,-124518654.0,-116280831.0,-613479408.0,-687022678.0,-23028121.0,1170097518.0,TATGD,2023,0.4864880036633612,0.3567064086575719,0.7332275533445729,2.2748322552614706,0.3957498447787577,0.3511336860792752,1.1587503297266268,0.5750651336828678,0.2589286574157033,-0.018151844048329414,-0.03420032876444691,-0.020852984604849852,1.1677595655653048,0.8704674363068284,0.007648519550100506,-0.13736498064271896,0.2309036175069792,-0.619021623867509,0,4.5,53.9,25.0,23.75,43.5,9.4,1.6,60,70,5.5,72.3,10.5,16.55,86.2,10.4,8.5,54.0,72.0,12.16220009158403,-0.1706273340542965,18.926105679672933,-0.9071048303109686,9.893746119468942,5.405612256618958,3.917103463380728,18.33068883361432,15.535719444942199,3.066310997162985,103.40439095877352
5180934288.0,117628435.0,1029415111.0,3600406193.0,2518104757.0,7699039045.0,3846901507.0,765167549.0,3086969989.0,0.0,6332759473.0,-5670431716.0,662327757.0,-91002083.0,-83327718.0,-332455688.0,-72911799.0,-405367487.0,-303702770.0,-527569043.0,-509984331.0,-24079242.0,1472547650.0,TATGD,2024,0.4996599555496864,0.4009552323292575,0.802456206217603,4.034371286438338,0.5459815814605183,0.8655983357705098,1.1233427394717657,0.41085743737498814,0.17327263483179284,-0.011819927456933686,-0.021660995959572407,-0.014370052010974268,1.2223199756977887,0.8225389475213396,0.0063319165913957275,0.013171951886325195,-0.04792848878548883,0.5144646496912346,0,3.2,65.0,45.0,32.5,36.8,9.8,3.0,45,60,4.5,53.9,25.0,23.75,43.5,9.4,1.6,60.0,70.0,22.48469799973589,-0.11583528907795014,56.263891825083135,-0.528817914003853,24.569171165723326,4.026402886274884,2.6321246320682867,36.11052927979214,7.797268567430677,8.606872086592984,72.8459563477354
5462462000.0,3330686000.0,1037645000.0,55081000.0,15341819000.0,20804281000.0,5005601000.0,9579130000.0,6219550000.0,1217661000.0,3975497000.0,-2017650000.0,1957847000.0,912370000.0,1246133000.0,614166000.0,-151233000.0,1517324000.0,-631967000.0,-12737000.0,-924857000.0,0.0,2346753000.0,TAVHL,2018,0.24060437368635812,0.29895529674877974,1.2425181311894415,0.649281302164184,1.05190963069528,0.20438672405531608,0.37453292762135965,1.0802660859305406,0.021959951415768706,0.04385491620690953,0.2489477287542495,0.22949834951453868,0.7277848340180673,0.19109033376351722,0.011690224436802479,0.003994673604651708,0.017465126067581237,0.02339551482666935,0,3.0,16.3,17.75,4.83,39.0,10.9,1.9,14,20,3.75,17.950000000000003,16.875,7.95,32.9,11.45,2.05,35.5,39.0,4.270727632932856,0.47801858665531394,3.331503602101652,8.950435631067009,18.67139594484122,11.774900336642894,0.5732710012905516,22.054696828612588,0.3074393198207619,2.0022256837426875,71.2752738593517
7169674000.0,3882681000.0,852486000.0,59414000.0,18387169000.0,25556843000.0,5994319000.0,10853155000.0,8709369000.0,1683623000.0,4756204000.0,-2510013000.0,2246191000.0,1307662000.0,1605922000.0,758594000.0,-245513000.0,2415416000.0,-847328000.0,-15274000.0,-1132663000.0,0.0,881596000.0,TAVHL,2019,0.23454849255050791,0.3407842275354589,1.4529371893621277,0.8024734743030943,1.0913902582666102,0.20696203085646525,0.42556373732940617,1.186166435253112,0.04598983528599366,0.05116680491404983,0.26790733025719854,0.27493816497357976,0.663378000171277,0.1861029548915725,0.0073118887071403,-0.006055881135850205,-0.004987378871944725,0.002575306801149174,0,0.9,15.2,19.75,5.67,17.4,13.7,-0.6,8,25,3.0,16.3,17.75,4.83,39.0,10.9,1.9,14.0,20.0,4.632332727872531,0.7009852273224827,3.1458228690182715,4.783924070540287,21.55495760076555,16.250480162967634,0.16749265940241526,28.695509489902022,0.3679186822879493,0.6812860649494149,21.56775385097278
9770948000.0,5443456000.0,758159000.0,64195000.0,22253260000.0,32024208000.0,11549353000.0,12055157000.0,8419698000.0,3460130000.0,2415468000.0,-2041262000.0,374206000.0,-501308000.0,-1030040000.0,-2200948000.0,-28009000.0,-2283316000.0,-1170908000.0,-6844000.0,-1039453000.0,0.0,25523000.0,TAVHL,2020,0.36064445372076026,0.26291666604213915,0.7290190195069802,0.6984312191039901,0.9427545837638655,0.031041155249989693,0.4139441149170222,0.8404585953862523,-0.05553314542548562,-0.01565403272424411,-0.08918594833840476,-0.20754073330716863,0.247209175609163,0.07542631499270802,-0.06682083763829394,0.12609596117025235,-0.11067663989886448,-0.17592087560647557,0,1.9,12.3,10.25,7.01,23.6,13.2,2.2,34,36,0.9,15.2,19.75,5.67,17.4,13.7,-0.6,8.0,25.0,3.6966056506377925,-0.20663323196002226,0.38180620957487327,-4.89796130604918,9.66323448357962,11.09405345909853,0.14330999848614523,7.4724449499465475,-1.888126944466511,0.008169155971007931,45.96054011211406
6747366000.0,1402142000.0,1461462000.0,312875000.0,45222200000.0,51969566000.0,7352579000.0,29369475000.0,15247512000.0,1255766000.0,5459329000.0,-3249074000.0,2210255000.0,602509000.0,496066000.0,865262000.0,-329036000.0,522412000.0,-1407100000.0,-16156000.0,-1434778000.0,0.0,2489988000.0,TAVHL,2021,0.14147855304391035,0.2933930985684968,2.0737637773086153,0.5191618849162268,1.2314725096804227,0.07525687810217922,0.18374151946947195,0.8751338815944718,-0.011645527307270568,0.011593496855448053,0.06746829921854632,0.11036319664925855,0.8091052123154427,0.10504857785420028,0.027247529579692162,-0.2191659006768499,0.029622262861492263,0.044215722852189526,0,11.4,19.6,16.0,8.89,26.8,12.0,17.0,37,42,1.9,12.3,10.25,7.01,23.6,13.2,2.2,34.0,36.0,2.2636568487025657,0.13912196226537663,1.475034810802713,2.9577336702001293,19.703560154886762,10.50160657913366,1.1975537875378832,33.180220436937844,-0.430884510369011,0.7665988205481646,281.282734910546
14985806000.0,5143504000.0,2476632000.0,996651000.0,69349629000.0,84335435000.0,14575384000.0,46195064000.0,23564987000.0,1855819000.0,18308307000.0,-10603074000.0,7705233000.0,3954880000.0,5080777000.0,2424036000.0,-361463000.0,2046662000.0,-2810260000.0,-28118000.0,-3808263000.0,0.0,4836894000.0,TAVHL,2022,0.17282633332003328,0.2794197599146788,1.6167661174484322,0.5101191547218118,1.1411735684423456,0.1667977557082722,0.24659693145589448,0.9597795159290486,0.004866542752758671,0.04689464161772569,0.3485861504575111,0.21601560428279906,1.2217098633199976,0.2170891393398279,0.035301144762277636,0.03134778027612292,0.11204056148562762,0.09154087760609299,0,5.5,72.3,10.5,16.55,86.2,10.4,8.5,54,72,11.4,19.6,16.0,8.89,26.8,12.0,17.0,37.0,42.0,1.8146764998603495,0.4877042728243472,12.05947773770808,18.62054508917728,11.982322468644629,9.981706965662106,1.1939902663690534,16.976044233208537,0.2627933086489682,0.6022069726681317,138.36937376704154
33605578000.0,17554420000.0,3935996000.0,1101168000.0,121221367000.0,154826945000.0,28932753000.0,79429490000.0,46464702000.0,5793347000.0,34433068000.0,-21143434000.0,13289634000.0,6502355000.0,11914124000.0,8458818000.0,-675545000.0,7777419000.0,-4943706000.0,-95564000.0,-6681415000.0,0.0,1635359000.0,TAVHL,2023,0.1868715616651869,0.30010733596790923,1.6059550917951015,0.584980490243611,1.1186679386103147,0.1673136010315564,0.31012257655094866,1.1234468424072883,0.03018095461355257,0.04199756702555876,0.4117867387178814,0.18884041933178886,1.024623590762224,0.2223971286134981,-0.004897074592166928,0.01404522834515362,0.0053079892736702106,0.000515845323284192,0,4.5,53.9,25.0,23.75,43.5,9.4,1.6,60,70,5.5,72.3,10.5,16.55,86.2,10.4,8.5,54.0,72.0,4.671789041629673,0.3947771300402524,9.01820309560089,8.214558240932815,27.966698465257867,10.56040031862851,1.0007870787607416,40.148877294877536,1.8108572768131541,0.26406240205798803,115.94508230818022
31266055000.0,12952136000.0,5021862000.0,1642583000.0,147385777000.0,178651832000.0,29704135000.0,89330183000.0,59617514000.0,13962623000.0,59211470000.0,-37725119000.0,21486351000.0,10373620000.0,14636131000.0,8594236000.0,-1531067000.0,7059342000.0,-6948636000.0,-149623000.0,-11937422000.0,0.0,11210565000.0,TAVHL,2024,0.16626829217178138,0.3337078233824101,2.007044271782363,0.6673837665820074,1.2381788670389997,0.24052733665618933,0.26266420915689204,0.9972844521478239,0.008742815466902126,0.05806612719202342,0.49273042288556795,0.17519612331867457,1.8937940843512238,0.33143500034189405,0.016068560166464657,-0.02060326949340552,0.10903787172839594,0.07321373562463293,0,3.2,65.0,45.0,32.5,36.8,9.8,3.0,45,60,4.5,53.9,25.0,23.75,43.5,9.4,1.6,60.0,70.0,7.482073147730162,0.5690480464818296,15.634276882652307,6.447217338127223,55.71804901675499,9.773387631048674,1.060592001094061,90.31699223020632,0.39342669601059566,2.823790942149421,82.9078549633638
1560812000.0,146537000.0,739343000.0,256948000.0,777825000.0,2338637000.0,892461000.0,40756000.0,1405420000.0,362420000.0,1699543000.0,-794042000.0,905501000.0,423442000.0,569700000.0,548696000.0,-121025000.0,427671000.0,-21004000.0,-416853000.0,-72083000.0,0.0,162565000.0,TBORG,2018,0.381615872835331,0.6009568821497308,1.574769093551427,34.48375699283541,0.8334878168743175,22.21761213072922,1.672507037484315,1.4609758857810033,0.2857865500289271,0.181063585327693,0.6383472218954106,0.24915050693039245,1.0888838630148923,0.7267237283939321,-0.0019912447977984554,0.011723577063052604,0.07440801989055185,1.3138580606132289,0,3.0,16.3,17.75,4.83,39.0,10.9,1.9,14,20,3.75,17.950000000000003,16.875,7.95,32.9,11.45,2.05,35.5,39.0,6.773681742827125,1.973593080071854,362.1470777308863,9.716869770285305,14.794408749519135,15.924637155012936,2.180171185181796,27.952151410537827,4.001011700404979,1.2338506360756287,64.71850235393089
1541329000.0,347427000.0,849027000.0,297407000.0,993885000.0,2535214000.0,1120893000.0,108422000.0,1305899000.0,180555000.0,2171024000.0,-985600000.0,1185424000.0,591833000.0,654680000.0,551991000.0,-114532000.0,437459000.0,-102689000.0,-530890000.0,-88038000.0,0.0,648401000.0,TBORG,2019,0.4421295401492734,0.5151040503878568,1.1650523288128305,12.0445942705355,0.8084868402321618,10.933426795299846,1.253811268877383,1.1097598075819903,0.1658384657074314,0.23344498728706925,0.5840700227407969,0.2726054617544532,1.408540292176427,0.8563474326033227,0.05238140195937624,0.06051366731394242,0.12962370420939062,-11.284185335429372,0,0.9,15.2,19.75,5.67,17.4,13.7,-0.6,8,25,3.0,16.3,17.75,4.83,39.0,10.9,1.9,14.0,20.0,8.73205841794815,3.1981963258328485,166.18808728855765,4.743335034527486,15.967615094585195,15.203709363873267,0.7707126893429904,23.0097834940534,1.3267077256594513,5.051218457297884,19.488189499715254
2268659000.0,1032516000.0,712022000.0,328301000.0,1191272000.0,3459931000.0,1536137000.0,93301000.0,1830493000.0,604469000.0,2589150000.0,-1244426000.0,1344724000.0,637538000.0,758087000.0,676488000.0,-151164000.0,525324000.0,-81599000.0,-608030000.0,-107028000.0,0.0,915587000.0,TBORG,2020,0.44397908513204454,0.529054770167382,1.191620929643645,19.619221658931846,0.7310937881649993,14.412750131295484,1.39229538037041,1.263141243261506,0.21171578277139053,0.1842632121854453,0.4935022071599083,0.24623447849680397,1.1412689170122086,0.7483241717826165,-0.04918177510162394,0.001849544982771123,-0.10802326082070624,3.4793233359956375,0,1.9,12.3,10.25,7.01,23.6,13.2,2.2,34,36,0.9,15.2,19.75,5.67,17.4,13.7,-0.6,8.0,25.0,4.550785622603456,2.432274400847878,177.27682661493446,5.811133692524574,7.4937113286912425,16.673464411051878,1.4218159263869712,12.214114528847363,7.198336614227278,2.7124144238714587,41.73257751887926
3229051000.0,1468521000.0,1047328000.0,578902000.0,1540849000.0,4769900000.0,1730746000.0,112585000.0,2926569000.0,1007231000.0,3674862000.0,-1796760000.0,1878102000.0,912565000.0,1525940000.0,1454584000.0,-250351000.0,1204233000.0,-71356000.0,-831437000.0,-139178000.0,0.0,858951000.0,TBORG,2021,0.3628474391496677,0.6135493406570368,1.690929229361212,25.994306523959676,0.8359046747437112,16.681636097171026,1.7517477870225153,1.5312177523449426,0.3141166481477599,0.19131742803832366,0.8816660561399535,0.248326331709871,1.1380625453113005,0.7704274722740518,0.007054215852878354,-0.08113164598237682,0.022103300491435385,2.2688859658755423,0,11.4,19.6,16.0,8.89,26.8,12.0,17.0,37,42,1.9,12.3,10.25,7.01,23.6,13.2,2.2,34.0,36.0,5.8055590263946835,2.295809136459884,326.9600675045521,6.655145689824543,13.37447479589938,18.37461302813931,8.782873183924192,27.05486766977939,11.622315981467116,2.881237761797941,254.05573942083603
9793949000.0,3577322000.0,2912057000.0,2746835000.0,7083803000.0,16877752000.0,7263937000.0,338529000.0,9275286000.0,-259685000.0,15141710000.0,-9373018000.0,5768692000.0,1493635000.0,2708564000.0,1064772000.0,-38336000.0,1026436000.0,-1643792000.0,-3768659000.0,-548180000.0,0.0,3561741000.0,TBORG,2022,0.43038533804738927,0.5495569552153629,1.276895160296682,27.398793013301667,0.9317770049875922,17.04046625252194,1.2882594936958613,0.9701507598427684,0.14990219076568964,0.0884972714375706,0.3728782339384276,0.09864374631398963,1.546027041798972,0.8971402115637201,-0.10282015660075307,0.06753789889772155,0.1267127392896683,0.35883015535091545,0,5.5,72.3,10.5,16.55,86.2,10.4,8.5,54,72,11.4,19.6,16.0,8.89,26.8,12.0,17.0,37.0,42.0,4.519046049497588,0.9203716229507342,1232.0257100573363,8.503090932265906,9.783658552369719,10.089567902364792,4.934271163600461,13.407399183115162,8.09471830134724,2.215833038665339,129.52094178039582
16611425000.0,7263631000.0,4805569000.0,3428970000.0,11232433000.0,27843858000.0,12584949000.0,442387000.0,14816522000.0,1107026000.0,24751075000.0,-14755346000.0,9995729000.0,2156801000.0,3849058000.0,2877656000.0,-1388481000.0,1489175000.0,-971402000.0,-6778809000.0,-1029974000.0,0.0,4619935000.0,TBORG,2023,0.45198294719072335,0.5321289169051214,1.17732078215017,33.49221835180509,0.8622202574647648,22.5949880986557,1.2751206386324878,1.0474778245029042,0.14460912708289203,0.07746056598909533,0.3058461341400748,0.0871396898922572,1.4900031153257471,0.8889240492463365,-0.011036705448475265,0.021597609143334084,-0.008216162317383646,5.55452184613376,0,4.5,53.9,25.0,23.75,43.5,9.4,1.6,60,70,5.5,72.3,10.5,16.55,86.2,10.4,8.5,54.0,72.0,11.299573679768084,0.7281293202974961,1217.8698585175423,3.7905765103131883,21.55550643661912,9.8462915503273,4.0001582216085145,29.433019553754253,8.676547624973521,4.148073697258476,108.22445208179032
17541215000.0,7236665000.0,6396566000.0,3193100000.0,11675871000.0,29217086000.0,10985112000.0,687081000.0,17544893000.0,1273931000.0,30148500000.0,-14428678000.0,15719822000.0,5684801000.0,8014970000.0,5913612000.0,-1958609000.0,3955003000.0,-2101358000.0,-8775589000.0,-1251054000.0,0.0,6029668000.0,TBORG,2024,0.3759824645072407,0.6005011245816917,1.5971519452874035,25.535407033522976,1.0003151078807555,22.87913943188649,1.5028208495181667,1.306141894593337,0.22439277483045367,0.19457111499757368,0.729621145419364,0.18855999469293663,1.718723588987422,1.0318790860936644,0.11711054900847835,-0.07600048268348264,0.1429550368473279,0.28415133323078834,0,3.2,65.0,45.0,32.5,36.8,9.8,3.0,45,60,4.5,53.9,25.0,23.75,43.5,9.4,1.6,60.0,70.0,16.91921090282583,1.9067969269762222,1487.1440630726217,6.939007804700068,45.014179854633994,12.800190567014702,3.302013075499726,71.87183753793316,10.097674867370415,9.286862488613684,77.11366243865938
18337109000.0,7419239000.0,2487511000.0,180434000.0,24428166000.0,42765275000.0,11740048000.0,14971673000.0,16053554000.0,9338252000.0,20173354000.0,-13751195000.0,7146482000.0,6238822000.0,6012229000.0,2672816000.0,-495481000.0,2177335000.0,-4619759000.0,-1626714000.0,-673370000.0,0.0,6561647000.0,TCELL,2018,0.2745229160808623,0.3753876012722939,1.367418088920931,1.072261864121665,0.9145111241615619,0.47733356185377546,0.6864817508388921,1.5465588386010005,0.15426209699341348,0.145885230481974,0.5121128124859455,0.3092605225685327,1.1001381951756954,0.47172277040192073,0.011048543565632056,0.009770660029207123,0.02846537995590037,-0.009724055104142981,0,3.0,16.3,17.75,4.83,39.0,10.9,1.9,14,20,3.75,17.950000000000003,16.875,7.95,32.9,11.45,2.05,35.5,39.0,4.8727817604353065,1.5901490122535167,7.78053705821654,12.061160380172776,16.232572453867725,16.857491340750908,1.4151683112057623,24.271671078346525,2.159669357907789,2.7234534151832297,73.43697683535211
19332144000.0,10238715000.0,3138452000.0,178399000.0,26382831000.0,45714975000.0,12655525000.0,14976506000.0,18082944000.0,9956039000.0,23996262000.0,-16816705000.0,8053655000.0,6596452000.0,6300556000.0,3289884000.0,-785630000.0,3276690000.0,-3117302000.0,-1555189000.0,-779755000.0,0.0,9880573000.0,TCELL,2019,0.27683543521570336,0.3955584357204614,1.428857672834592,1.207420742862187,0.9547915967523343,0.5377525973013999,0.699628051227939,1.5134690184721693,0.14604883848235725,0.1442952117987596,0.4978502274698205,0.27489498156004466,1.241262324551276,0.5249103165866327,-0.0015900186832144003,0.00231251913484104,0.05318754618471194,0.06041903544762445,0,0.9,15.2,19.75,5.67,17.4,13.7,-0.6,8,25,3.0,16.3,17.75,4.83,39.0,10.9,1.9,14.0,20.0,5.467499845510141,1.9768444016430062,8.173839478981279,4.783172679144776,18.857134035858603,20.734525553068718,0.4724192849279694,28.219939038483194,1.168390707858858,4.268651940638708,22.091122585526577
20583372000.0,11860555000.0,3482273000.0,203715000.0,30915021000.0,51498393000.0,11565262000.0,19148193000.0,20784938000.0,12154984000.0,28272751000.0,-20161096000.0,8767679000.0,8188484000.0,7961411000.0,4626813000.0,-387193000.0,4239620000.0,-5123176000.0,-1372953000.0,-749612000.0,0.0,14087694000.0,TCELL,2020,0.22457520179318993,0.4036036231266479,1.7971869552112179,1.0854777785036949,1.0065627914541038,0.4578854516454895,0.670174423554758,1.7621439963919538,0.17511439628805506,0.15900465088298968,0.6883900252324591,0.28962459295170817,1.3735723670543387,0.549002587323453,0.014709439084230086,-0.05226023342251343,0.024092270736820298,-0.07986714565591041,0,1.9,12.3,10.25,7.01,23.6,13.2,2.2,34,36,0.9,15.2,19.75,5.67,17.4,13.7,-0.6,8.0,25.0,2.301895818380197,2.0988613916554635,5.631991055239521,6.835140393660313,10.317268612404563,23.26030075237379,1.0431049159145607,18.421166290914982,5.953889473793872,2.8039489212799324,46.86315123646693
29511606000.0,18628665000.0,4332024000.0,260535000.0,41171037000.0,70682643000.0,17091346000.0,31029025000.0,22562272000.0,13202920000.0,34906646000.0,-24940126000.0,10690568000.0,14402681000.0,14685725000.0,4541094000.0,490184000.0,5031278000.0,-13195713000.0,-1778483000.0,-919023000.0,0.0,21171108000.0,TCELL,2021,0.24180400271676314,0.31920526797505294,1.3200991893792333,0.7271344168887034,0.8555843636367642,0.3445344479886171,0.6132871668840625,1.7114550837599332,0.17571866971641115,0.20376545625210987,0.8592491779172922,0.4126056969208672,1.1828107897618314,0.4938503219241533,0.044760805369120193,0.017228800923573206,-0.05515226539929968,-0.1133510036568724,0,11.4,19.6,16.0,8.89,26.8,12.0,17.0,37,42,1.9,12.3,10.25,7.01,23.6,13.2,2.2,34.0,36.0,3.8688640434682102,2.4451854750253186,6.752875180576896,11.05783267747924,13.689349818188226,20.537461005119198,5.629893669935348,21.121587030067733,6.501590779507213,4.792374954060504,284.7887110044886
77312584000.0,42776160000.0,11108184000.0,494988000.0,157676596000.0,234989180000.0,48476004000.0,77135237000.0,109377939000.0,70505827000.0,90206307000.0,-80360678000.0,11805917000.0,17608398000.0,20751641000.0,3251221000.0,2785265000.0,6878856000.0,-17930982000.0,-4592793000.0,-2579411000.0,0.0,46267718000.0,TCELL,2022,0.20629036622026597,0.46545946924024334,2.2563315862421334,1.4180022419584968,1.2552745657532354,0.15305478350964294,0.6154909654940834,1.5846519857536112,0.12271450115277648,0.0749328032890706,0.42808068503336205,0.19520140648258663,1.166773923893166,0.3838743000847954,-0.12883265296303928,-0.035513636496497164,-0.1099760218393579,-0.19147966447897416,0,5.5,72.3,10.5,16.55,86.2,10.4,8.5,54,72,11.4,19.6,16.0,8.89,26.8,12.0,17.0,37.0,42.0,2.1660488453127926,0.7793011542063342,11.065860847747183,16.826361238798967,13.180382940408972,16.480380651837557,2.1113086504663747,23.6914816555424,6.62658306224993,2.06737620430013,144.00542919112564
148054985000.0,72158656000.0,16021738000.0,780377000.0,208680884000.0,356735869000.0,83346570000.0,96908102000.0,176481197000.0,107656229000.0,148656399000.0,-118737471000.0,32771309000.0,34070143000.0,45160072000.0,8499116000.0,6750994000.0,18093903000.0,-43297843000.0,-8204102000.0,-4951496000.0,0.0,68647616000.0,TCELL,2023,0.2336366405588444,0.49471110795421586,2.1174380301432922,1.8211191155100737,1.1577002786368833,0.3381689283317096,0.8213655899027128,1.7670146233972195,0.18139026832762925,0.09550523499502653,0.5418347989605331,0.22918719428956436,1.004062098956006,0.41671278925977584,0.020572431705955935,0.02734627433857842,0.032838489174980445,0.18511414482206665,0,4.5,53.9,25.0,23.75,43.5,9.4,1.6,60,70,5.5,72.3,10.5,16.55,86.2,10.4,8.5,54.0,72.0,5.84091601397111,0.8977492089532494,18.227305237079147,9.96964295159605,28.94250696592208,16.609937459933864,1.8752075516689912,52.935950753582304,10.883416099657754,4.810815365471422,119.70117666966347
113692636000.0,68934333000.0,16709776000.0,674611000.0,230582983000.0,344275619000.0,90833998000.0,66475091000.0,186966530000.0,118923475000.0,158854007000.0,-120434191000.0,41128750000.0,35423511000.0,35123330000.0,15952932000.0,-4866033000.0,23514862000.0,-19684860000.0,-10948678000.0,-6919862000.0,0.0,75012309000.0,TCELL,2024,0.26384092566252854,0.5430722353882399,2.0583320575628523,2.812580279130419,1.4657956794855,0.6187091943958377,0.722734056390092,1.2442260330762938,0.06639633113258596,0.10289288304206055,0.3866760329100564,0.222994129446165,1.3972233610627165,0.4614152098874013,0.007387648047034026,0.030204285103684142,0.04470242062762547,0.28054026606412813,0,3.2,65.0,45.0,32.5,36.8,9.8,3.0,45,60,4.5,53.9,25.0,23.75,43.5,9.4,1.6,60.0,70.0,11.872841654813785,1.0083502538121936,40.216097635729454,8.206183963618871,65.9608055768475,12.19341512414768,1.4765286716396844,92.62494259032836,2.987834900966368,9.804800917371962,85.0070668529256
23706000000.0,8606000000.0,3002000000.0,1000000000.0,85370000000.0,109076000000.0,27246000000.0,50546000000.0,31284000000.0,8206000000.0,62853000000.0,-49284000000.0,13569000000.0,6192000000.0,7334000000.0,5234000000.0,-1189000000.0,4045000000.0,-2853000000.0,-6185000000.0,-1238000000.0,0.0,9613000000.0,THYAO,2018,0.24978913784883935,0.28680919725695847,1.1482052411363135,0.6189213785462747,1.0974136157959686,0.26844854192220946,0.3047357054709996,0.8333700359685825,-0.032454435439510064,0.05676775826029557,0.2691771269177127,0.09851558398167153,2.6513540875727664,0.5762312516043859,-0.013462508619422841,-0.0028830366423733406,-0.014753135426953251,0.03243332721942699,0,3.0,16.3,17.75,4.83,39.0,10.9,1.9,14,20,3.75,17.950000000000003,16.875,7.95,32.9,11.45,2.05,35.5,39.0,4.433757196816899,0.6187685650372218,4.375711233332014,3.8421077752851893,19.479091680378442,9.08373339205755,1.7286937548131578,20.380643030169566,-0.4543620961531409,1.5643289999633283,76.24593217175318
28339000000.0,12328000000.0,3205000000.0,1723000000.0,118532000000.0,146871000000.0,35417000000.0,70659000000.0,40795000000.0,12024000000.0,75118000000.0,-62039000000.0,13079000000.0,5042000000.0,6022000000.0,5056000000.0,-520000000.0,4536000000.0,-1746000000.0,-8015000000.0,-1695000000.0,0.0,13029000000.0,THYAO,2019,0.24114358859134888,0.27776075603761124,1.1518479826072225,0.5773503729178165,1.1174252422791207,0.18510027031234522,0.2671575097100192,0.7515035152610329,-0.04819195075951005,0.03432944556787929,0.17003134088149757,0.06712106286109853,2.650693390733618,0.5114556311320819,-0.02243831269241628,-0.008645549257490476,-0.06477562047230401,-0.08334827160986424,0,0.9,15.2,19.75,5.67,17.4,13.7,-0.6,8,25,3.0,16.3,17.75,4.83,39.0,10.9,1.9,14.0,20.0,4.76258587467914,0.4703134042799463,2.813524108747647,1.1679064937831145,22.069148535012634,10.29559815907615,0.46031006801887375,22.748997656492644,-0.3855356060760804,1.752032395775885,23.141538438688286
30659000000.0,13293000000.0,4672000000.0,2236000000.0,156743000000.0,187402000000.0,47379000000.0,100512000000.0,39511000000.0,16533000000.0,46448000000.0,-43765000000.0,2683000000.0,-1382000000.0,-699000000.0,-6101000000.0,513000000.0,-5588000000.0,-5906000000.0,-4542000000.0,-1518000000.0,0.0,5603000000.0,THYAO,2020,0.25282014066018504,0.21083553003703268,0.8339348656577809,0.39309734161095194,1.0598548931307517,0.026693330149633876,0.2073080850085536,0.5999071318516642,-0.08921996563537209,-0.007374521083019391,-0.014753371746976508,-0.029753703065794005,1.514987442512802,0.2478522107554882,-0.041703966650898684,0.011676552068836166,-0.26360342037659373,-0.15840694016271134,0,1.9,12.3,10.25,7.01,23.6,13.2,2.2,34,36,0.9,15.2,19.75,5.67,17.4,13.7,-0.6,8.0,25.0,2.5914064417668965,-0.09734367829585595,0.3283279608404967,-0.7021873923527385,10.863512654590204,7.918774140441967,0.47091920043542757,8.547832372992254,-3.033478831602651,0.3064575084577539,49.31739157019951
65797000000.0,35679000000.0,12323000000.0,3481000000.0,287911000000.0,353708000000.0,90443000000.0,172615000000.0,90650000000.0,11097000000.0,97378000000.0,-75233000000.0,22145000000.0,13547000000.0,16061000000.0,9191000000.0,-977000000.0,8214000000.0,-7660000000.0,-7573000000.0,-2123000000.0,0.0,49362000000.0,THYAO,2021,0.25569961663292884,0.2562848451264885,1.002288734340966,0.5251571416157345,1.0944772635692508,0.12829128407148857,0.25012354689840266,0.6890085468195438,-0.06967894421387133,0.03829995363407104,0.1775814601461694,0.13911766518104704,1.4799762907123426,0.2753061847625725,0.045674474717090435,0.0028794759727437946,0.027453974007084325,0.1015979539218547,0,11.4,19.6,16.0,8.89,26.8,12.0,17.0,37,42,1.9,12.3,10.25,7.01,23.6,13.2,2.2,34.0,36.0,4.091193866126861,0.4595994436088525,2.514509167801176,3.7283534268520606,17.511636217108013,8.268102561834526,3.138490506293327,16.036619749455458,-2.578120935913239,2.232892668528843,286.5257698522922
135095000000.0,76192000000.0,18618000000.0,6196000000.0,443476000000.0,578571000000.0,154040000000.0,243104000000.0,181427000000.0,19311000000.0,311169000000.0,-235528000000.0,75641000000.0,48811000000.0,56167000000.0,51403000000.0,-3971000000.0,47432000000.0,-17280000000.0,-23209000000.0,-4701000000.0,0.0,117012000000.0,THYAO,2022,0.26624217252506605,0.3135777631440221,1.177791482731758,0.7462937672765565,1.1166629736317306,0.3111466697380545,0.3401662872912596,0.8367891456764477,-0.03274446869960644,0.08436475385043495,0.36462607115035056,0.1568633122194049,2.30333469040305,0.537823361350638,0.0460648002163639,0.010542555892137206,0.2625171765880655,0.18285538566656592,0,5.5,72.3,10.5,16.55,86.2,10.4,8.5,54,72,11.4,19.6,16.0,8.89,26.8,12.0,17.0,37.0,42.0,2.7955428115131933,0.8773934400445235,22.495904222061338,13.521617513312702,11.724961223133171,8.702607115035056,2.958028487428509,12.366810568683459,-1.768201309778748,2.123552684113099,148.96104908987866
251895000000.0,20115000000.0,25192000000.0,12311000000.0,797048000000.0,1048943000000.0,266808000000.0,325023000000.0,457112000000.0,66088000000.0,504398000000.0,-384952000000.0,119446000000.0,71425000000.0,100663000000.0,91282000000.0,71716000000.0,162998000000.0,-21384000000.0,-41901000000.0,-10622000000.0,0.0,145032000000.0,THYAO,2023,0.2543589117807164,0.4357834505783441,1.7132619711552877,1.4063989317679058,1.3467493253986358,0.3675001461435037,0.42561981376440233,0.8979640790381098,-0.014217169093077507,0.06809235582867706,0.3772862882672184,0.14160444728171007,2.0024137041227497,0.4808631164896472,-0.01627239802175788,-0.011883260744349644,-0.05696024486099083,0.05635347640544919,0,4.5,53.9,25.0,23.75,43.5,9.4,1.6,60,70,5.5,72.3,10.5,16.55,86.2,10.4,8.5,54.0,72.0,6.35897279451791,0.6400681447895644,19.80825787713485,6.159793456754388,33.6687331349659,8.440862342958233,2.1638840242034125,42.83154927888219,-0.8530301455846504,3.4566225238168324,124.55461847880954
341910000000.0,95992000000.0,31908000000.0,23661000000.0,1057696000000.0,1399606000000.0,339533000000.0,380061000000.0,680012000000.0,228888000000.0,745430000000.0,-602522000000.0,142908000000.0,80393000000.0,139152000000.0,121421000000.0,-8064000000.0,113357000000.0,-50257000000.0,-60283000000.0,-18675000000.0,0.0,135580000000.0,THYAO,2024,0.24259184370458545,0.4858595919137243,2.002786179841135,1.7892180465767338,1.4698510549004022,0.37601332417690847,0.4751429278176305,0.9373138987962878,0.001698335102878953,0.057439736611589264,0.40983350661055035,0.10784781937941859,2.180193618203621,0.5325998888258553,-0.010652619217087801,-0.011767068076130954,0.0517367723362081,0.008513178033404789,0,3.2,65.0,45.0,32.5,36.8,9.8,3.0,45,60,4.5,53.9,25.0,23.75,43.5,9.4,1.6,60.0,70.0,10.916632966706345,0.5629094187935748,24.44086607149905,3.968799753162604,66.1432974705181,9.18567620820362,1.704319644242737,90.12537809285107,0.07642507962955289,4.359155362294818,89.49507802998363
7088297000.0,1981012000.0,2097344000.0,1076671000.0,5913502000.0,13001799000.0,6097705000.0,3197539000.0,3706555000.0,2254002000.0,18603331000.0,-16190143000.0,2516146000.0,1180306000.0,1214987000.0,1290894000.0,39529000.0,1330423000.0,-2173865000.0,-362325000.0,-329856000.0,-66441000.0,1336612000.0,TOASO,2018,0.46898932986119846,0.28508016467567293,0.6078606623311558,1.159189927003236,0.6361857741442828,0.78690080089719,0.7625724510297954,0.985883377434625,0.07618884125189138,0.09078020664678788,0.19925316164032206,0.0634459495452723,2.6245134762270825,1.4308274570311386,0.007654752088405256,0.002973270896477115,-0.007019216626396707,0.3791924469577575,0,3.0,16.3,17.75,4.83,39.0,10.9,1.9,14,20,3.75,17.950000000000003,16.875,7.95,32.9,11.45,2.05,35.5,39.0,8.324560605036272,0.9895042524499879,12.826483054624196,2.47439203226562,11.292297491061019,10.746128814037412,4.292482371093415,10.789526756378015,1.0666437775264792,1.824736946018009,69.86506070834719
6969685000.0,2825487000.0,2143822000.0,749130000.0,5839602000.0,12809287000.0,6126477000.0,2353601000.0,4329209000.0,2724907000.0,18896914000.0,-16510459000.0,2498611000.0,1660103000.0,1672761000.0,1456555000.0,25084000.0,1481639000.0,-1362272000.0,-337093000.0,-373358000.0,-68651000.0,3656536000.0,TOASO,2019,0.478283998164769,0.33797423697353335,0.7066392316497719,1.8393980118125375,0.6886259772610582,1.061611972462622,0.8218892562073132,1.0153559704867903,0.06582786379913261,0.1296015149008684,0.273037995572333,0.08785048182999616,2.7113010128865223,1.4752510424662981,0.03882130825408053,0.009294668303570564,0.04442358543515956,0.2747111715654321,0,0.9,15.2,19.75,5.67,17.4,13.7,-0.6,8,25,3.0,16.3,17.75,4.83,39.0,10.9,1.9,14.0,20.0,9.446108963754188,1.775540754141897,16.136501981431856,1.528598383841933,13.6003630509059,13.910376795669025,1.3277259382196684,13.956124825082997,0.5266229103930609,5.637830271115012,20.946092662498582
12841366000.0,4249809000.0,5493012000.0,1523966000.0,6634255000.0,19475621000.0,10880734000.0,4126276000.0,4468611000.0,3004101000.0,23556747000.0,-20439545000.0,3213608000.0,2066163000.0,2076721000.0,1830776000.0,-46606000.0,1784170000.0,-1791910000.0,-480225000.0,-390629000.0,-75997000.0,1584410000.0,TOASO,2020,0.558684829613392,0.22944639351936455,0.4106902163034222,1.082964639301879,0.4420770693162729,0.7788155712317838,0.855691173658177,1.0401320352101247,0.10067109028256403,0.10608971082359839,0.1908622157291962,0.08771003059123571,1.8344424572899798,1.209550493922633,-0.02351180407727002,0.08040083144862303,-0.2657005485436652,-0.28279640123083827,0,1.9,12.3,10.25,7.01,23.6,13.2,2.2,34,36,0.9,15.2,19.75,5.67,17.4,13.7,-0.6,8.0,25.0,5.7265195035372685,1.4003841828714987,9.579431526150941,2.069956721953163,4.531289960491797,13.729742864773645,2.2981459384530023,4.209574717110077,3.422817069607177,0.8338734102496654,45.01561569893605
16169548000.0,4214726000.0,7142346000.0,2379087000.0,7303793000.0,23473341000.0,13757789000.0,3972161000.0,5743391000.0,3259419000.0,29684305000.0,-24065233000.0,5828463000.0,4095719000.0,4134174000.0,3512216000.0,-230900000.0,3281316000.0,-3953134000.0,-596791000.0,-510139000.0,-126527000.0,2679899000.0,TOASO,2021,0.5861027196767601,0.24467718506709377,0.417464681279819,1.445910928585221,0.41194662139487137,1.467327985950217,0.9119906147507466,1.0023748001950024,0.10274459864916545,0.1744838538323113,0.30049697665809527,0.13797591016532137,1.8358153858104136,1.2645965054569777,0.06839414300871291,0.027417890063368033,0.05504601153434474,0.6885124147184333,0,11.4,19.6,16.0,8.89,26.8,12.0,17.0,37,42,1.9,12.3,10.25,7.01,23.6,13.2,2.2,34.0,36.0,9.377643514828161,2.093806245987736,28.759628524624258,3.697754392430613,6.591145942317942,12.028497602340028,14.416400162209547,6.679434900477104,3.8015501500191218,1.826684322440508,272.22209555023284
55198234000.0,19804382000.0,24643029000.0,5553569000.0,18600860000.0,73799094000.0,43006761000.0,4943265000.0,25849068000.0,4660138000.0,124019056000.0,-108956607000.0,16009924000.0,9250581000.0,9363132000.0,10778351000.0,-1404312000.0,9374039000.0,-5396203000.0,-2609028000.0,-1812268000.0,-767100000.0,19959493000.0,TOASO,2022,0.5827545931661438,0.35026267395640387,0.6010466121826752,5.229148750876192,0.3879217917420942,3.238734722900755,1.151161711570292,1.1543455923127994,0.16519813915330722,0.1253481648433245,0.21771302423821223,0.07458999687918927,2.2467939101095156,1.680495644025115,-0.04913568898898679,-0.003348126510616334,0.4158991385681374,1.7714067369505377,0,5.5,72.3,10.5,16.55,86.2,10.4,8.5,54,72,11.4,19.6,16.0,8.89,26.8,12.0,17.0,37.0,42.0,6.118923228244509,1.3036209143705748,234.16052046572457,6.429657730986115,4.073178813291989,12.005194160053115,9.242726042138132,6.31098942791809,8.92069951427859,2.8398001268145645,137.63536760630095
87354835000.0,35828275000.0,26591246000.0,14022124000.0,26224041000.0,113578876000.0,51349926000.0,8982658000.0,53246292000.0,11426262000.0,184228756000.0,-151753506000.0,33437122000.0,20224584000.0,20396473000.0,26459612000.0,-4682328000.0,21777284000.0,-10779608000.0,-5931229000.0,-3191839000.0,-1605140000.0,13071337000.0,TOASO,2023,0.45210806629218625,0.4688045336881129,1.0369302576989108,5.9276766409229875,0.43465801166414486,3.7224084452508377,1.4478881759813238,1.4280976957980427,0.3170035685156807,0.17806642143561976,0.397205499380856,0.10977973492911172,2.1089703391918717,1.622033625337162,0.05271825659229526,-0.1306465268739575,-0.05846201868795298,0.4836737223500829,0,4.5,53.9,25.0,23.75,43.5,9.4,1.6,60,70,5.5,72.3,10.5,16.55,86.2,10.4,8.5,54.0,72.0,11.302701657304656,1.6738243614948258,200.63781519902014,4.77541846941636,10.866450291603622,13.424118340501602,7.299151314017229,25.92325644247277,19.02021411094084,2.8771496646964527,114.55093518857217
62716132000.0,19715820000.0,20885083000.0,8701217000.0,28943848000.0,91659980000.0,26515983000.0,18042385000.0,47101612000.0,17132753000.0,120266571000.0,-108483344000.0,13371873000.0,4122373000.0,4517198000.0,4889966000.0,331473000.0,5221439000.0,-9546844000.0,-4562247000.0,-3649760000.0,-2079389000.0,-7357168000.0,TOASO,2024,0.2892863712167513,0.5138732519906725,1.776347948329881,2.6106089632828477,0.6495715462469361,0.7411366623647594,1.4075051402241663,2.0370700569539513,0.39493952540683513,0.044974622512464,0.17035755378180775,0.034276964627186386,1.9176337437391706,1.312094667705579,-0.13309179892315576,-0.16282169507543492,-0.3099389576315832,-2.981271782886078,0,3.2,65.0,45.0,32.5,36.8,9.8,3.0,45,60,4.5,53.9,25.0,23.75,43.5,9.4,1.6,60.0,70.0,13.01788670475381,0.44075130062214724,48.17388305370936,1.2613922982804588,29.230719581112126,19.963286558148724,4.1987029366578525,79.93565767484465,17.77227864330758,-3.6119641309107857,80.77232543305497
2162519652.0,412668530.0,448664439.0,1084438951.0,930733936.0,3093253588.0,1082294860.0,1359101006.0,651857722.0,279572898.0,3908943513.0,-3192105745.0,716837768.0,435224746.0,442658875.0,256383584.0,-16276935.0,240106649.0,-272791678.0,-181028075.0,-106627486.0,-18263385.0,104847721.0,TTRAK,2018,0.3498888239227026,0.21073529972738853,0.6022921720241746,0.47962419211100193,0.38123024166700215,0.5274352419984891,0.8857718169004223,0.9961062745876849,0.3492196036531357,0.1407012821995634,0.40900025617787744,0.11134076114238288,1.8075875099608112,1.2636996617944276,-0.00710021252781718,0.02939657072499033,0.058700033708389165,0.8336748492609266,0,3.0,16.3,17.75,4.83,39.0,10.9,1.9,14,20,3.75,17.950000000000003,16.875,7.95,32.9,11.45,2.05,35.5,39.0,6.210526624627971,1.5336439759752412,8.597194444575374,4.342289684552933,6.766836789589288,10.857558393005766,3.791098985383283,10.690686053429099,4.8890744511439,0.6016470990188988,65.55746794500818
1935831192.0,746806508.0,466999469.0,631694053.0,979940237.0,2915771429.0,1095038334.0,1056718830.0,764014265.0,519679547.0,3806474633.0,-3257839047.0,548635586.0,288093021.0,290407101.0,109257672.0,2635794.0,111893466.0,-365442550.0,-164224875.0,-105574123.0,-31033484.0,1059096190.0,TTRAK,2019,0.3755569874609674,0.26202817456854915,0.6977054969474703,0.7230061992933352,0.4554139534864353,0.519187858136303,0.8996513288708632,1.1909511279264493,0.28836034595769405,0.09880507715201979,0.26520268011000975,0.07568499695292728,1.966325704808666,1.3054777185691395,-0.041896205047543614,0.025668163538264788,0.041778056774711914,-0.008247383862186153,0,0.9,15.2,19.75,5.67,17.4,13.7,-0.6,8,25,3.0,16.3,17.75,4.83,39.0,10.9,1.9,14.0,20.0,7.417250502354106,1.353629556982671,7.891655443671805,1.3169189469809346,8.994425581357097,16.316030452592354,1.1749299467122256,13.779683564712538,2.3068827676615524,7.1737961159986385,19.614060236613557
3668749558.0,1890430861.0,795646399.0,870863728.0,923256003.0,4592005561.0,2025020133.0,1125818991.0,1441166437.0,521839858.0,6243308297.0,-4935311548.0,1307996749.0,934895180.0,936442354.0,873710656.0,-97267613.0,776443043.0,-262870030.0,-204493061.0,-135978315.0,-39482108.0,1599211443.0,TTRAK,2020,0.44098817087647685,0.31384248513108454,0.711680053701471,1.2801049267430593,0.29301908687357026,1.161817982692033,1.1643722239117404,1.3816582780611792,0.3579545806651953,0.2035919093696411,0.46243607099979384,0.14974355510350668,1.701753744238543,1.3596038188682846,0.10478683221762132,0.06543118341550946,0.05412610029914511,0.64263012455573,0,1.9,12.3,10.25,7.01,23.6,13.2,2.2,34,36,0.9,15.2,19.75,5.67,17.4,13.7,-0.6,8.0,25.0,4.520128751483887,2.6874132036792626,14.290361187112007,3.5339479004427576,3.0034456404540952,18.237889270407564,2.5832472558497406,7.294720550440078,12.17045574261664,3.5696640766219665,42.270407143266006
4939922370.0,1566586803.0,1264477581.0,1739360491.0,1170724223.0,6110646593.0,3366757709.0,692894786.0,2050994098.0,474667368.0,11644197445.0,-9511285881.0,2132911564.0,1413317331.0,1415451415.0,1510233050.0,-188045473.0,1322187577.0,-451017713.0,-316661914.0,-191813873.0,-51902978.0,886046934.0,TTRAK,2021,0.5509658687931259,0.3356427289297828,0.609189693846187,2.960036847499095,0.2883804031113259,3.078261818526659,1.21683379946539,0.9506362368887651,0.2574465135657044,0.23128768936155036,0.42041974425906037,0.12137524614089022,2.3571620306656764,1.9055589728162177,0.027695779991909253,0.10997769791664908,0.545955153947933,1.9164438358346259,0,11.4,19.6,16.0,8.89,26.8,12.0,17.0,37,42,1.9,12.3,10.25,7.01,23.6,13.2,2.2,34.0,36.0,8.815453900690015,2.7754522723386046,60.33393164312252,3.252856596575858,4.614086449781214,11.407634842665182,21.286468651000995,9.747035101538993,9.525521001931063,2.3200083212536065,256.87960210084924
19452117704.0,7277810456.0,3463374779.0,6332693829.0,6553980328.0,26006098032.0,15189923819.0,1571727242.0,9244446971.0,2221967236.0,41397462345.0,-34948694717.0,6448767628.0,3641213073.0,3677960751.0,4553517159.0,-243690864.0,4309826295.0,-218759296.0,-1319221872.0,-843791606.0,-312917862.0,6826521952.0,TTRAK,2022,0.5840908467048418,0.35547228037150697,0.6085907395688698,5.8817119942748946,0.3910104263684027,4.102981392492782,1.160513223500996,0.8636925392996272,0.16389209483696682,0.14001381785608735,0.24213161269442968,0.08795739803214742,2.1281725195651737,1.5918367412928007,-0.09127387150546301,0.03312497791171587,-0.31372223152341694,1.0247195739661232,0,5.5,72.3,10.5,16.55,86.2,10.4,8.5,54,72,11.4,19.6,16.0,8.89,26.8,12.0,17.0,37.0,42.0,6.132953890400839,1.4561437057033084,296.6455546772281,7.581927710371107,4.105609476868229,8.982402408716123,8.755102077110404,6.390202765473132,8.850173121196208,2.7562181918948787,131.89878287938035
36103955828.0,17803233513.0,3487602845.0,12554763838.0,10755132264.0,46859088092.0,22717624209.0,1910498577.0,22230965306.0,4374677551.0,84366889719.0,-61856904188.0,22509985531.0,16324860943.0,16349113238.0,17523419633.0,-4035895660.0,13487523973.0,-2401250191.0,-2731371013.0,-1764304145.0,-669952460.0,14272351696.0,TTRAK,2023,0.484807219560008,0.47442163753492617,0.9785779138468537,11.636211391954363,0.43670126048396257,11.782257156321347,1.4659645861650286,1.036604522257682,0.28567204706839733,0.34838195978011477,0.7196665059510493,0.19349843282563883,2.3367768928403754,1.800438146669856,0.20836814192402742,-0.0992836271448338,0.2086014053770553,7.6792757638285645,0,4.5,53.9,25.0,23.75,43.5,9.4,1.6,60,70,5.5,72.3,10.5,16.55,86.2,10.4,8.5,54.0,72.0,12.1201804890002,3.274790421933079,635.0636607257205,8.41718182791529,10.917531512099064,9.744082509222212,8.101971660014351,24.464447846171343,17.14032282410384,7.614505679228445,110.5668486430744
22979730489.0,6594097719.0,4331146131.0,9743556870.0,12953731575.0,35933462064.0,16082216157.0,2883735770.0,16967510137.0,6259536381.0,66969628539.0,-54050698074.0,12918930465.0,7628216268.0,7639553664.0,7976136370.0,-2235600185.0,5740536185.0,-2557966682.0,-2866713822.0,-1563973014.0,-526555587.0,5370922340.0,TTRAK,2024,0.4475554325479814,0.4721924680338255,1.0550480090155152,5.8838643656315295,0.6829992833926263,4.479928639578515,1.2116307463737672,0.8230316947480387,0.1919524013498907,0.21228726178439514,0.4750311517654103,0.11390560817516976,2.914291295585786,1.8637121137874892,-0.13609469799571963,-0.03725178701202658,0.06327396711763322,-7.302328516742832,0,3.2,65.0,45.0,32.5,36.8,9.8,3.0,45,60,4.5,53.9,25.0,23.75,43.5,9.4,1.6,60.0,70.0,20.139994464659164,2.0804151654870724,291.1953615726035,4.191726380846247,30.734967752668183,8.06571060853078,5.963878764119966,47.477160405698186,8.637858060745081,6.726084585713744,77.77579132554519
20962205000.0,5982828000.0,5428738000.0,6764745000.0,19073522000.0,40035727000.0,15949538000.0,14140360000.0,9945829000.0,5739481000.0,88552170000.0,-79327847000.0,9224323000.0,5736300000.0,5992802000.0,3724380000.0,37065000.0,3761445000.0,-5555367000.0,-284806000.0,-1001517000.0,-21061000.0,1351978000.0,TUPRS,2018,0.39838262459927354,0.24842383903756762,0.6235810090549331,0.7033646243801431,0.6338845681696894,0.6523400394332252,0.696652577552772,0.8901486676291188,0.12520484516242206,0.14327952630908888,0.37573514668575353,0.06477876262094989,4.224372865354575,2.2118286999009658,-0.034238854303955485,-0.0024703445194878826,-0.3424747896034208,0.18353053798035734,0,3.0,16.3,17.75,4.83,39.0,10.9,1.9,14,20,3.75,17.950000000000003,16.875,7.95,32.9,11.45,2.05,35.5,39.0,7.0712915866371056,1.5617468367690688,10.633142642761571,2.5263717422170457,11.251451085011986,9.702620477157396,6.635486099702897,11.068562910725062,1.7528678322739089,0.5994048640605427,73.23911420225073
27918955000.0,10652009000.0,4787906000.0,9468581000.0,27592603000.0,55511558000.0,28120266000.0,14254752000.0,13136540000.0,5752162000.0,89600776000.0,-84716489000.0,4884287000.0,2230137000.0,2427378000.0,-311348000.0,896678000.0,585330000.0,-4261484000.0,-482074000.0,-1277213000.0,-24073000.0,11334588000.0,TUPRS,2019,0.5065659659561348,0.23664513253257996,0.46715560940995365,0.9215551417520277,0.6511525965605489,0.34264272012589203,0.6588541154130011,0.6561237365251097,-0.0036264700046790255,0.04017428226388458,0.08632130293504336,0.02488970631236497,3.2093169676300564,1.614092258048315,-0.1031052440452043,0.10818334135686125,-0.5977364418526507,-0.30969731930733313,0,0.9,15.2,19.75,5.67,17.4,13.7,-0.6,8,25,3.0,16.3,17.75,4.83,39.0,10.9,1.9,14.0,20.0,10.004677827633662,0.5503876670152187,5.208169345913559,0.4330808898351505,12.860263782070842,8.988895190394002,1.4526830322434836,9.226323285846584,-0.029011760037432204,4.032639707211964,22.265871379442608
31281757000.0,20319133000.0,1840427000.0,7700630000.0,32332472000.0,63614229000.0,28766431000.0,21922365000.0,12925433000.0,6357914000.0,63243815000.0,-61479585000.0,1764230000.0,-619027000.0,-646837000.0,-3795394000.0,1372469000.0,-2422925000.0,-6362233000.0,-633052000.0,-1344225000.0,-34972000.0,2114010000.0,TUPRS,2020,0.45220120485937193,0.20318462084952724,0.4493234840290059,0.5896003008799461,0.6378622999843989,0.08047626248354135,0.6171335574828015,0.8197446183017977,0.039540304732766623,-0.009730951859842551,-0.02248582731726435,-0.009787945271802469,2.0217475316364104,0.9941771832210684,-0.04990523412372713,-0.05436476109676286,-0.6199150748272466,-0.2621664576423507,0,1.9,12.3,10.25,7.01,23.6,13.2,2.2,34,36,0.9,15.2,19.75,5.67,17.4,13.7,-0.6,8.0,25.0,4.635062349808562,-0.12844856454992168,0.9898580285475587,-0.23099550841453828,6.5380885748400885,10.82062896158373,1.8889366481200298,4.60556571129731,1.3443703609140651,0.34062509033945854,47.26459571650066
66515384000.0,21176186000.0,13796682000.0,23757526000.0,39741727000.0,106257111000.0,64828702000.0,22347409000.0,19081000000.0,4008731000.0,152492019000.0,-136631978000.0,15860041000.0,776561000.0,1477304000.0,2358355000.0,1254869000.0,3613224000.0,-11974270000.0,-1409076000.0,-1869536000.0,-38966000.0,-1429088000.0,TUPRS,2021,0.6101116564330457,0.17957386400238193,0.29432950855625645,0.8538350016326277,0.45587864088133045,0.7097037960866067,0.7630001297029642,0.6595513511900948,0.01587359174483861,0.007308320287382931,0.022787807783040296,0.005092469790173085,2.292582705378353,1.4351229537945935,0.017039272147225483,0.15791045157367373,0.44094577057352513,0.6292275336030654,0,11.4,19.6,16.0,8.89,26.8,12.0,17.0,37,42,1.9,12.3,10.25,7.01,23.6,13.2,2.2,34.0,36.0,9.76178650292873,0.08769984344859517,13.910194403297492,0.13647819037663866,7.294058254101287,7.914616214281137,16.360401673258366,4.709272136900103,0.5873228945590285,-0.2151894380038245,286.5257698522922
197509966000.0,78489840000.0,35290273000.0,59452710000.0,150190516000.0,347700482000.0,130003677000.0,38284238000.0,179412567000.0,88764593000.0,916751060000.0,-803671342000.0,113079718000.0,76252790000.0,68689217000.0,68508196000.0,-6962959000.0,61545237000.0,-13908281000.0,-7291676000.0,-8653399000.0,-214081000.0,82493808000.0,TUPRS,2022,0.37389559040070586,0.5159974641622729,1.3800576348313593,4.686329841539487,0.8924616838945327,2.9536886172319794,1.1736431935709704,1.0619488554927565,0.19415069145633224,0.21930596575934572,0.5283636477451327,0.08317720407108119,4.64154330318704,2.636611415453833,0.2119976454719628,-0.2362160660323398,1.0629385649726146,2.243984821145373,0,5.5,72.3,10.5,16.55,86.2,10.4,8.5,54,72,11.4,19.6,16.0,8.89,26.8,12.0,17.0,37.0,42.0,3.9259036992074114,2.2807820438971955,213.5516870258721,7.169874990927198,9.370847680892593,11.044268097124668,14.501362784996081,14.490605165729272,10.48413733864194,2.491181430113749,146.1603399421648
290417521000.0,140512161000.0,58386047000.0,64196689000.0,239155513000.0,529573034000.0,224178678000.0,12390507000.0,293003849000.0,161658516000.0,991202993000.0,-832772469000.0,158430524000.0,106303044000.0,107939882000.0,83480454000.0,-5700367000.0,77780087000.0,-53059733000.0,-9263098000.0,-18567271000.0,-404209000.0,123121104000.0,TUPRS,2023,0.42331966245849295,0.5532831737803326,1.3070103348544146,23.647446307080088,1.010932649575641,12.786444009111168,1.227621936474947,1.0091094925628923,0.12507971280123753,0.20073349127516188,0.48149040293653617,0.1072464921420995,3.413027525291768,1.8717021626142694,-0.018572474484183837,0.049424072057787094,-0.7649092528395636,9.83275539187919,0,4.5,53.9,25.0,23.75,43.5,9.4,1.6,60,70,5.5,72.3,10.5,16.55,86.2,10.4,8.5,54.0,72.0,10.582991561462324,1.8868948179865217,689.189332091092,4.665222408181328,25.273316239391026,9.485629230091188,8.422659731764211,32.675258371360364,7.504782768074252,5.81228159740475,121.47901615169614
185591048000.0,73534436000.0,37071661000.0,60277662000.0,268536479000.0,454127527000.0,148768451000.0,19111355000.0,286247721000.0,185384141000.0,810385588000.0,-742355284000.0,68030304000.0,35709966000.0,37136437000.0,31745504000.0,-12711864000.0,19033640000.0,-35116697000.0,-9966399000.0,-16655220000.0,-320749000.0,35271031000.0,TUPRS,2024,0.3275917933950742,0.6303245321660494,1.9241157589252575,14.977887282194276,1.5995758239082072,3.55967978199348,1.1054995381636312,0.8423384471483137,0.08108426556578237,0.07863422469873754,0.24962575566509057,0.044065401123594514,4.366512268415016,1.7844890252600785,-0.12209926657642434,-0.09572786906341874,-0.0872131373541909,-9.226764227117688,0,3.2,65.0,45.0,32.5,36.8,9.8,3.0,45,60,4.5,53.9,25.0,23.75,43.5,9.4,1.6,60.0,70.0,14.74163070277834,0.770615402047628,231.3791858295762,1.621606761348278,71.98091207586933,8.254916782053476,5.710364880832252,86.58520915163659,3.6487919504602067,3.4950455557828364,85.8932604544624
21167871.0,145211.0,11562111.0,0.0,559838055.0,581005926.0,2156805.0,166379687.0,412469434.0,15486000.0,17318726.0,-7901473.0,9417253.0,22379897.0,26917467.0,23883051.0,3077319.0,26960370.0,-48744698.0,0.0,-2118532.0,0.0,12451384.0,UFUK,2020,0.003712191052591777,0.7099229380321329,191.24094853266755,2.479085286414801,3.3217616455432095,0.05660097797876011,0.1255981464239804,9.81445749615751,0.03272095025068643,0.03851922329618373,12.480250648528726,1.2922369116527395,0.818160976132177,0.02980817445225163,-0.011100589337002205,-0.013051183613868417,-0.03149952783899304,-0.03410350169769691,1,1.9,12.3,10.25,7.01,23.6,13.2,2.2,34,36,0.9,15.2,19.75,5.67,17.4,13.7,-0.6,8.0,25.0,0.04375395572850352,0.5084537475096252,0.6961920291387494,30.496791115004655,34.048056866817895,129.55083894927913,0.05663553145927809,1960.2197224598424,1.1125123085233386,0.21966503315837094,38.34251587739787
56829224.0,257256.0,47913520.0,0.0,905019860.0,961849084.0,2231700.0,309279653.0,650337731.0,166409651.0,28803238.0,-7671853.0,21131385.0,482125413.0,494866128.0,404118331.0,-105316333.0,298801998.0,-92287239.0,0.0,-3042672.0,0.0,-11264322.0,UFUK,2021,0.002859160780187407,0.676132817318356,291.40911905722095,2.1027498081162164,2.9052548206806446,0.06832452376037812,0.1824306673021962,24.926439683708757,0.05676308779434259,0.3773903655705024,28.05465922340838,4.338998080403241,0.5068384885917148,0.029945693642725348,0.3814843924994046,-0.0013919725930397584,0.00013751919047371927,0.011723545781618008,1,11.4,19.6,16.0,8.89,26.8,12.0,17.0,37,42,1.9,12.3,10.25,7.01,23.6,13.2,2.2,34.0,36.0,0.04375395572850352,4.2411558962138445,1.3391606657034112,341.4815762516686,46.48407713089031,299.11727620450506,0.34138090752706896,4421.037916833236,2.100234248390676,-0.18737778618085163,235.80179655642405
131539320.0,188720.0,115756274.0,0.0,2952188846.0,3083728166.0,7194395.0,709231139.0,2367302632.0,993643385.0,103172189.0,-20523204.0,82648985.0,481571751.0,553857395.0,-8378199.0,-20917176.0,-29295375.0,-572769963.0,0.0,-11552165.0,0.0,-90080705.0,UFUK,2022,0.002859160780187407,0.7676755227976861,299.7763293928946,3.337843619412768,4.120719748104344,0.11653321527384318,0.18360501372079796,18.283583261691913,0.040322920279089215,0.1561654351734452,28.05465922340838,4.338998080403241,0.7843448559715832,0.03345696619356299,-0.3450830673411136,1.2800085766803693e-05,0.003511272550837642,0.04820869151346506,1,5.5,72.3,10.5,16.55,86.2,10.4,8.5,54,72,11.4,19.6,16.0,8.89,26.8,12.0,17.0,37.0,42.0,0.04375395572850352,1.62412052580383,8.425351464298862,341.4815762516686,43.26755735509561,190.1492659215959,0.18401331406459645,3455.005964504312,2.1774376950708176,-0.30672204279500037,120.17172829993254
510675334.0,21263.0,138585557.0,0.0,1228738061.0,1739413395.0,13727084.0,1647072.0,1724039239.0,1396070971.0,0.0,0.0,0.0,-753648424.0,-696240179.0,-1165285253.0,313320809.0,-602961348.0,-469701258.0,0.0,-22371655.0,0.0,-458863903.0,UFUK,2023,0.007891789289112609,0.9576674073914581,125.5939891531224,935.7892879318963,21.686367676739433,0.0,7.55454406398396,24.926439683708757,0.2856987599546455,-0.14831760563498836,-1.511969643146186,4.338998080403241,0.0010013699932637234,3.176650466975795e-05,-0.37624144492989975,0.005558770743793786,-0.03345696619356299,-0.11653321527384318,1,4.5,53.9,25.0,23.75,43.5,9.4,1.6,60,70,5.5,72.3,10.5,16.55,86.2,10.4,8.5,54.0,72.0,0.1972947322278152,-1.9442450183487274,0.0,341.4815762516686,510.5559514289608,299.11727620450506,0.00014482320883751968,3139.84972882806,17.14192559727873,-5.843986146011419,95.7456619380974
107413018.0,70057649.0,0.0,0.0,1399021000.0,1506434018.0,1414225.0,21671050.0,1483348743.0,620358428.0,0.0,0.0,0.0,-41416791.0,-17881846.0,-241416608.0,-65983147.0,-240690496.0,-232730835.0,0.0,-58306828.0,0.0,-29705019.0,UFUK,2024,0.002859160780187407,0.9576674073914581,299.7763293928946,68.44840203866448,21.686367676739433,0.0,4.652880158455986,24.926439683708757,0.07036404630634144,-0.027493265888264083,-1.511969643146186,4.338998080403241,0.0010013699932637234,3.176650466975795e-05,0.3814843924994046,-0.006952999416405419,0.0,0.0,0,3.2,65.0,45.0,32.5,36.8,9.8,3.0,45,60,4.5,53.9,25.0,23.75,43.5,9.4,1.6,60.0,70.0,0.04375395572850352,-0.26943400570498804,0.0,341.4815762516686,510.5559514289608,299.11727620450506,0.00014482320883751968,4421.037916833236,3.166382083785365,-0.8873444432532723,67.62563557557662
6391831000.0,3378761000.0,1899086000.0,604554000.0,4278041000.0,10669872000.0,1844865000.0,5145275000.0,3679732000.0,822885000.0,5955508000.0,-4395223000.0,1560285000.0,779084000.0,2474643000.0,973539000.0,-185918000.0,787621000.0,-2786405000.0,-598206000.0,-159664000.0,-12551000.0,3378000.0,ULKER,2018,0.17290413605711483,0.3448712411920218,1.9945806332712692,0.7151672165238981,0.6120107751776073,0.30324618217685156,0.9144067214676673,3.136965035381993,0.4261500044236707,0.07301718333640742,1.3413680675821809,0.13081738787018674,0.9317374004412821,0.5581611475751537,0.00808778317369032,0.05455307432405557,-0.0037739144943173264,0.10314241946527702,0,3.0,16.3,17.75,4.83,39.0,10.9,1.9,14,20,3.75,17.950000000000003,16.875,7.95,32.9,11.45,2.05,35.5,39.0,3.0690484150137882,0.7958872983668408,4.942912769482681,5.101878126937283,10.863191259402528,34.19291888566372,1.6744834427254611,35.40380624056503,5.96610006193139,0.0056195144609044985,69.27206971781084
9451352000.0,2045073000.0,2439832000.0,909952000.0,4206117000.0,13657469000.0,7122625000.0,1337118000.0,5197726000.0,2723302000.0,7803120000.0,-5663928000.0,2139192000.0,1153718000.0,2274379000.0,1362942000.0,-260517000.0,1102425000.0,-1466132000.0,-752076000.0,-234744000.0,-19956000.0,795683000.0,ULKER,2019,0.5215186649883664,0.38057754332080124,0.7297486530597919,3.8872605110394147,0.49719205417942364,1.5998528177767408,1.1172150265084886,1.199192713360594,0.17050941137043768,0.08447524208182351,0.31931752689492987,0.1478534227334707,0.8256088652713389,0.5713445148584998,0.011458058745416097,0.3289513826589396,0.013183367283346126,1.2966066355998893,0,0.9,15.2,19.75,5.67,17.4,13.7,-0.6,8,25,3.0,16.3,17.75,4.83,39.0,10.9,1.9,14.0,20.0,10.299993633520236,1.157310816520982,24.31776283020646,2.57264955556239,9.819543070043617,16.428940173040136,0.5142100633726499,14.412535897930889,1.3640752909635014,1.1506333457538873,21.003797149574808
14701119000.0,3835520000.0,3092000000.0,1695858000.0,4790555000.0,19491674000.0,3230685000.0,9444296000.0,6816693000.0,3541181000.0,9715630000.0,-6778372000.0,2937258000.0,1738516000.0,3634076000.0,1576169000.0,-307604000.0,1268565000.0,-2670960000.0,-923064000.0,-267314000.0,-24114000.0,630027000.0,ULKER,2020,0.16574692353258114,0.34972332289161,2.10998379600611,0.7217788387826896,0.3779536237569113,0.3110086765599045,1.1598533362693009,4.025542880225092,0.5884786499096999,0.08919274968378806,1.124862374388094,0.1789401201980726,0.6608769033159992,0.4984502613782685,0.0047175076019645434,-0.3557717414557853,-0.07289425348023132,-1.2888441412168363,0,1.9,12.3,10.25,7.01,23.6,13.2,2.2,34,36,0.9,15.2,19.75,5.67,17.4,13.7,-0.6,8.0,25.0,1.6989059662089567,1.1773442958260023,3.8254067216868255,4.222986836674513,3.874024643508341,53.13716601897121,0.94705549661871,21.627333909062628,20.008274096929796,0.3313094991225484,45.0171811502575
18764940000.0,3004834000.0,4687911000.0,3218231000.0,7478685000.0,26243625000.0,6134222000.0,15795501000.0,4313902000.0,4384636000.0,12537080000.0,-8924665000.0,3612415000.0,2429990000.0,8395201000.0,-70534000.0,-91885000.0,-162419000.0,-8910373000.0,-1120598000.0,-353681000.0,-39786000.0,27339000.0,ULKER,2021,0.23374141339087112,0.16437904443460077,0.7032516919015973,0.2731095392289235,0.34102961537635473,0.22869898207090741,0.8556852268494226,2.5344222951174573,0.4812870935322388,0.09259353462031256,1.3685844757493288,0.19382423977513105,0.6681119150927208,0.4777190651062877,0.0034007849365245008,0.06799448985828999,-0.02073119627198078,-0.08230969448899708,0,11.4,19.6,16.0,8.89,26.8,12.0,17.0,37,42,1.9,12.3,10.25,7.01,23.6,13.2,2.2,34.0,36.0,3.739862614253938,1.1111224154437507,4.4825000485897855,5.194489625973512,5.456473846021676,30.41306754140949,5.44599734221168,11.252027070425557,17.807622460692837,0.016667819327550976,273.49385390855144
41773214000.0,15249460000.0,12173983000.0,8516384000.0,24375958000.0,66149172000.0,27825778000.0,22680279000.0,15643115000.0,16234730000.0,51981208000.0,-40653018000.0,11328190000.0,7058007000.0,11622115000.0,1372995000.0,56511000.0,1429506000.0,-10588785000.0,-4389641000.0,-1238763000.0,-164649000.0,4021785000.0,ULKER,2022,0.4206519470871079,0.23648240071697346,0.5621806872749434,0.6897232172496643,0.48263435017308914,0.49947313258359827,0.8270931543913634,1.1951805983645811,0.2108482325372115,0.10669834234659809,0.41767439530352035,0.13577997263934305,1.2443669764074174,0.7858179691198554,0.014104807726285529,0.18691053369623678,0.30809890401356765,0.2707741505126908,0,5.5,72.3,10.5,16.55,86.2,10.4,8.5,54,72,11.4,19.6,16.0,8.89,26.8,12.0,17.0,37.0,42.0,4.416845444414633,1.10966276040462,36.111907485794156,11.70423364151137,5.067660676817436,12.429878222991643,4.321998830159204,5.902897216386906,11.38580455700942,0.6383865621175122,137.0334801573223
53401735000.0,16830554000.0,17421913000.0,12115210000.0,35520636000.0,88922371000.0,22302898000.0,38029627000.0,28589846000.0,24861335000.0,80615534000.0,-57260016000.0,23355518000.0,15871436000.0,26273687000.0,6897173000.0,-800398000.0,6096775000.0,-19836152000.0,-7411104000.0,-2004377000.0,-344639000.0,10613347000.0,ULKER,2023,0.2508131277786104,0.321514661366823,1.2818892863160654,0.7517782385822506,0.588747711122649,0.6141400755784431,0.8851234885329264,1.851173107638299,0.3497301820708312,0.17848642384940455,1.1780391498898484,0.1968781351742953,1.5096051467241653,0.9065832713794822,0.07178808150280647,-0.16983881930849748,0.1207653022596269,0.11466694299484481,0,4.5,53.9,25.0,23.75,43.5,9.4,1.6,60,70,5.5,72.3,10.5,16.55,86.2,10.4,8.5,54.0,72.0,6.270328194465261,1.6777723841844028,33.10215007367808,8.564198880081847,14.718692778066226,17.40102721180001,4.07962472120767,32.04723215790163,20.98381092424987,2.983879894520581,113.44963315546967
65110361000.0,26308144000.0,21899685000.0,11830655000.0,32327076000.0,97437437000.0,28444403000.0,35516935000.0,33476099000.0,10319078000.0,84097908000.0,-59031548000.0,25066360000.0,14278207000.0,20123423000.0,10965177000.0,-2949071000.0,8016106000.0,-9418543000.0,-8600376000.0,-2275527000.0,-415128000.0,5788055000.0,ULKER,2024,0.29192478656843157,0.34356506113764057,1.176895820242738,0.9425390732618116,0.5054158810749081,0.7057579715141523,1.0179643365184137,1.873117393253077,0.37630257043809556,0.14653717749164522,0.7074651206425391,0.16978076315524995,1.2916209756539363,0.8630964708154218,-0.03194924635775934,0.04111165878982115,-0.0434868005640604,0.09161789593570924,0,3.2,65.0,45.0,32.5,36.8,9.8,3.0,45,60,4.5,53.9,25.0,23.75,43.5,9.4,1.6,60.0,70.0,13.13661539557942,1.4360643394181232,45.8742681484199,6.247932084113198,22.743714648370865,18.356550453880153,2.76190870660935,52.96031191092321,16.9336156697143,2.6731252690893337,80.96792427902683
146693720.0,2039433.0,76994296.0,63109563.0,164320022.0,311013742.0,197554977.0,48406121.0,65052644.0,8651437.0,150254474.0,-139023770.0,11230704.0,-11656702.0,-12770511.0,-42356756.0,-656195.0,-43012951.0,-35419408.0,-12059193.0,-10042639.0,0.0,22595388.0,UMPAS,2018,0.6351969393043733,0.2091632465551956,0.3292888136146527,1.343892934531978,0.6680732170093012,0.2320099972480753,0.5964102502095677,0.42309314738246256,-0.16353379330743528,-0.03747970081656392,-0.06464282091966735,-0.07757973316654784,1.0242733908445434,0.48311200988668856,-0.07568283160693542,0.08148533671007696,-0.0016963019997167776,0.053998631564816275,0,3.0,16.3,17.75,4.83,39.0,10.9,1.9,14,20,1.9,15.2,17.75,5.67,23.6,13.2,1.9,14.0,25.0,11.274745672652626,-0.40852873890054675,3.781762955143628,-3.025609593495366,11.858299601915096,4.6117153064688425,1.4493360296600657,5.844876441660085,-2.289473106304094,1.2895511768094157,58.666042966987476
109569378.0,4908138.0,74323950.0,24077271.0,110908058.0,220477436.0,138241168.0,73642866.0,8593402.0,-35164238.0,113051274.0,-124366863.0,-11315589.0,-24949785.0,-31479793.0,-51104191.0,-3906887.0,-61980308.0,-21547997.0,-4067914.0,-12823767.0,0.0,4535972.0,UMPAS,2019,0.6270082349832842,0.038976333160913576,0.06216239434551074,0.11669021680932407,0.5234375422548355,-0.15365492429368516,0.5171195579559336,0.6184272618414219,-0.13004410120226542,-0.11316253242349934,-0.2277164860181158,-0.2206944169421744,1.0317780027919845,0.5127566614118281,-0.07568283160693542,-0.00818870432108909,0.02964465152513951,-0.38566492154176046,0,0.9,15.2,19.75,5.67,17.4,13.7,-0.6,8,25,3.0,16.3,17.75,4.83,39.0,10.9,1.9,14.0,20.0,12.383412640919863,-1.550326694201941,-2.3355548492640144,-3.840082854793834,10.337891459533001,8.47245348722748,0.4614809952706453,1.2277072883238371,-1.0403528096181234,0.4063247859976021,17.290175324894314
140275487.0,5618917.0,73834053.0,23611653.0,106818124.0,247093611.0,175064235.0,75565744.0,-3536368.0,-97156978.0,1277053.0,-4795376.0,-3518323.0,-8956278.0,-9801201.0,-10436109.0,-1888348.0,-12765087.0,-690409.0,-139510.0,-2050064.0,0.0,2971196.0,UMPAS,2020,0.7084935716933611,-0.014311855274962978,-0.02020040244085264,-0.0467985599400702,0.426198511551565,-0.04655976125901705,0.5596915722520169,0.6664058709650204,-0.14079177466065684,-0.03624649768868366,-0.055986312681171,-7.013239074650778,0.009103892827689844,0.005168296318272673,0.07691603473481567,0.08148533671007696,-0.5075883650935554,0.10709516303466811,0,1.9,12.3,10.25,7.01,23.6,13.2,2.2,34,36,0.9,15.2,19.75,5.67,17.4,13.7,-0.6,8.0,25.0,7.262059109856952,-0.4784537694906243,-0.5726850634859098,-165.51244216175837,4.368534743403542,8.796557496738268,0.009819763004718079,-0.20705412501873954,-4.786920338462332,0.12325190795807343,36.71802784792201
27251507.0,1489558.0,368234.0,20064375.0,131654571.0,158906078.0,162285020.0,70479250.0,-73858192.0,-128348123.0,551721.0,-27435.0,524286.0,-67325362.0,-67312861.0,-77063845.0,25241619.0,-51822226.0,-9750984.0,-211864.0,-2486463.0,0.0,14249289.0,UMPAS,2021,1.0212637681486292,-0.2270753134688389,-0.28421434112225646,-1.0479423660155294,0.5656133177140976,0.007438870305799225,0.11707770698655769,0.12392337571460607,-0.8449325949949936,-0.14831760563498836,-0.4147817278514061,-48.58576375831139,0.02024552256871519,0.0034719943185558956,-0.37624144492989975,0.31277019645526805,-0.0016963019997167776,0.053998631564816275,0,11.4,19.6,16.0,8.89,26.8,12.0,17.0,37,42,1.9,12.3,10.25,7.01,23.6,13.2,2.2,34.0,36.0,16.340220290378067,-1.9442450183487274,0.14580185799366482,-1812.5148027292769,9.049813083425562,1.262045896521557,0.03958073523153721,-3.029218792226005,-31.2303038782101,1.4347382231660137,215.27559224622047
11972062.0,598223.0,1180757.0,0.0,47545826.0,59517888.0,647245.0,7836740.0,51033903.0,-8981668.0,12626544.0,-12318903.0,307641.0,-1043031.0,18698162.0,18685366.0,-3447731.0,15237635.0,-12796.0,0.0,-1147611.0,0.0,491273.0,VANGD,2021,0.010874797842289027,0.857454871382533,78.84789067509212,6.5121342548049315,5.604185533095591,0.039256246857749526,1.4111366297795198,18.49695555778724,0.19027585454645166,-0.017524664181632253,28.05465922340838,-0.08260621433703474,1.0546674415819097,0.21214704392736516,0.00260039063650086,-0.018936754447581576,0.0052062705810413945,0.03737186251014107,1,11.4,19.6,16.0,8.89,26.8,12.0,17.0,37,42,1.9,12.3,10.25,7.01,23.6,13.2,2.2,34.0,36.0,0.17399676547662443,-0.21029597017958704,0.7694224384118907,-2.2138465442325312,89.66696852952946,221.96346669344686,2.418476300771963,1261.5662508014739,7.040206618218711,0.1320673206683678,204.08037708946978
21498361.0,187981.0,4239308.0,0.0,177612677.0,199111038.0,1453131.0,25102449.0,172555458.0,-177088249.0,46096156.0,-46101241.0,-5085.0,-830856.0,49943969.0,43957656.0,-17341526.0,26616130.0,-7977651.0,0.0,-1457084.0,0.0,7246653.0,VANGD,2022,0.007298093639590187,0.8666292925458005,118.74735175287019,6.874048743212266,6.688337328727145,-0.00020256987674788224,0.8095609660945082,14.79450992374397,0.10067362513573959,-0.004172827425067213,28.05465922340838,-0.01802440967094957,2.144170711432374,0.23150979706107502,0.01335183675656504,-0.0035767042026988403,0.01936275313370986,-0.03945881673449741,1,5.5,72.3,10.5,16.55,86.2,10.4,8.5,54,72,11.4,19.6,16.0,8.89,26.8,12.0,17.0,37.0,42.0,0.07662998321569696,-0.043397405220699015,-0.014645802088871885,-1.553704113635853,70.22754195163502,153.8629032069373,1.2733038838359125,1246.847193405137,5.436375757329937,0.3821478571167913,105.1015526383645
20239618.0,308552.0,12102493.0,0.0,207055849.0,227295467.0,6732653.0,22710523.0,197852291.0,-217249797.0,144527252.0,-142208784.0,2318468.0,-2390112.0,-53997709.0,-50628678.0,-716763.0,-51345441.0,1155040.0,0.0,-4021671.0,0.0,58541.0,VANGD,2023,0.029620709505834536,0.8704629863999883,29.386972861960952,8.711921385518071,7.032388387720129,0.10208782950529145,0.6874128660576563,3.006187605391218,0.059424700273499075,-0.010515440679685881,-1.511969643146186,-0.01653744859135632,7.140809278119775,0.6358562883262427,-0.006342613254618669,0.02232261586624435,0.40434649126516775,0.10229039938203933,1,4.5,53.9,25.0,23.75,43.5,9.4,1.6,60,70,5.5,72.3,10.5,16.55,86.2,10.4,8.5,54.0,72.0,0.7405177376458634,-0.09884514238904729,5.502534010335209,-0.7193790137239999,175.8097096930032,28.258163490677454,2.861353297468092,734.6743215490238,3.5654820164099443,0.006438865760574099,86.58792605617671
20944254.0,4659138.0,13290556.0,0.0,202569859.0,223514113.0,10582961.0,24197637.0,188733515.0,24757062.0,142385153.0,-140945711.0,1439442.0,351844.0,-5483935.0,-714203.0,-8391969.0,-9106172.0,2625439.0,0.0,-4868594.0,0.0,9813618.0,VANGD,2024,0.04734806611518083,0.8443919377923129,17.833715441264502,7.79966717411291,5.824220129855156,0.05948688295472818,0.6021821131425055,1.9790542552315935,0.04635632560705462,0.0015741466848672773,-0.5181853169448513,0.0024710722472588136,6.798291932479429,0.6370298102831654,0.012089587364553159,0.017727356609346295,0.001173521956922663,-0.04260094655056327,1,3.2,65.0,45.0,32.5,36.8,9.8,3.0,45,60,4.5,53.9,25.0,23.75,43.5,9.4,1.6,60.0,70.0,2.1306629751831374,0.015426637511699318,3.866647392057332,0.09093545869912434,262.08990584348203,19.394731701269617,2.0384953929061296,802.5171948569026,2.086034652317458,1.9757714807028763,61.519952369402176
3063271000.0,120847000.0,1480213000.0,579054000.0,1621821000.0,4685092000.0,2747126000.0,126391000.0,1811575000.0,352721000.0,5693973000.0,-4781608000.0,912365000.0,593300000.0,593300000.0,621767000.0,794000.0,622561000.0,-579132000.0,-79761000.0,-59337000.0,-45490000.0,1082870000.0,VESBE,2018,0.5863547610164326,0.386667967245894,0.6594437240956549,14.333101249297814,0.5644027858544077,7.218591513636256,1.066035454114244,0.9042967086329495,0.0674789310434032,0.12663572028041284,0.21597116404562441,0.10419789486181266,1.8587885302998004,1.2153385675243944,-0.019489759210644317,-0.016368887511755692,-0.05244353706191773,-0.7976616122531073,0,3.0,16.3,17.75,4.83,39.0,10.9,1.9,14,20,3.75,17.950000000000003,16.875,7.95,32.9,11.45,2.05,35.5,39.0,10.407797008041678,1.3803293510565,117.66304167227098,4.063717899610694,10.018149448915738,9.85683412409915,3.646015702573183,11.705126102697875,0.9447050346076449,4.102575253591605,66.8029541687514
3167744000.0,119328000.0,1748257000.0,646136000.0,1816058000.0,4983802000.0,2991718000.0,185856000.0,1806228000.0,359472000.0,6967964000.0,-6083290000.0,884674000.0,601242000.0,601242000.0,564564000.0,3508000.0,568072000.0,-375501000.0,-93392000.0,-69037000.0,-58023000.0,617727000.0,VESBE,2019,0.6002882939571035,0.36241969484341474,0.6037427324366802,9.718427169421487,0.5715234326564858,4.759996986914601,0.9969064449797235,0.8428628634115916,0.03531962144563528,0.12063922282626797,0.20096880788897883,0.08628661112485655,2.1996613362695974,1.3981221565383215,-0.005996497454144864,0.0139335329406709,0.1827835890139271,-2.4585945267216553,0,0.9,15.2,19.75,5.67,17.4,13.7,-0.6,8,25,3.0,16.3,17.75,4.83,39.0,10.9,1.9,14.0,20.0,11.855693805652793,1.6527573527198711,72.35195420110193,1.501387033572504,11.287587794965594,11.547221228738804,1.2583099408844893,11.923918965624434,0.28255697156508225,2.447952035413927,20.096513001464054
5616772000.0,216011000.0,3285995000.0,952552000.0,2613219000.0,8229991000.0,4458675000.0,409551000.0,3361765000.0,792276000.0,9409285000.0,-7602834000.0,1806451000.0,1504197000.0,1504197000.0,1331932000.0,-624000.0,1331308000.0,-648486000.0,-118022000.0,-81028000.0,-78866000.0,574223000.0,VESBE,2020,0.5417594016809982,0.40847736042481697,0.7539829657914067,8.208416045864862,0.5367908145595541,4.410808421905941,1.1537615550305182,1.046100018503255,0.14071667879102176,0.18277018771952486,0.3373641272351091,0.15986305016799895,1.6752122037355264,1.143292258764317,0.06213096489325688,-0.05852889227610525,-0.25482989777400444,-0.34918856500866013,0,1.9,12.3,10.25,7.01,23.6,13.2,2.2,34,36,0.9,15.2,19.75,5.67,17.4,13.7,-0.6,8.0,25.0,5.553033867230232,2.412566477897728,54.25294358944307,3.7727679839647754,5.50210584923543,13.808520244242965,2.172255291652202,7.7283253993619185,4.78436707889474,0.7151630846254874,43.37899644034182
10120625000.0,112837000.0,5153747000.0,2649388000.0,4068788000.0,14189413000.0,8562036000.0,734722000.0,4892655000.0,123487000.0,16178009000.0,-13613315000.0,2564694000.0,1846778000.0,1846778000.0,1216852000.0,301740000.0,1518592000.0,-2158151000.0,-196323000.0,-150602000.0,-114203000.0,1560550000.0,VESBE,2021,0.6034101622103747,0.3448102469073245,0.5714359294915369,6.659192184254725,0.4376566540723121,3.4906998837655605,1.0886187421464557,0.8726005123080538,0.10984168266862061,0.1301518251671158,0.21569379058906082,0.11415360196671914,1.598518767368616,1.140146459899363,-0.052618362552409065,0.06165076052937646,-0.0031457988649541413,-0.9201085381403802,0,11.4,19.6,16.0,8.89,26.8,12.0,17.0,37,42,1.9,12.3,10.25,7.01,23.6,13.2,2.2,34.0,36.0,9.654562595365995,1.5618219020053896,68.41771772180499,3.059316532708073,7.002506465156993,10.471206147696645,12.997669642852738,9.14297487186459,4.064142258738963,1.7596781487719049,266.4836863451713
28346799000.0,953664000.0,14222773000.0,7603835000.0,17443660000.0,45790459000.0,30365082000.0,1870938000.0,13554439000.0,4850530000.0,59583113000.0,-53782067000.0,5801046000.0,-1451835000.0,-1451835000.0,466115000.0,-254327000.0,211788000.0,-3294082000.0,-3778749000.0,-587475000.0,-540284000.0,2950418000.0,VESBE,2022,0.6631311994492127,0.2960101142467255,0.44638242702588454,7.244729114486958,0.5411232528085043,3.1006083579466557,0.8793517003649954,0.6831189851553834,-0.04407649637231197,-0.03170605911593941,-0.047812648752274076,-0.02436655164358398,2.101934437112282,1.3012123988536564,-0.1618578842830552,0.05972103723883804,0.16106593895429344,-0.3900915258189048,0,5.5,72.3,10.5,16.55,86.2,10.4,8.5,54,72,11.4,19.6,16.0,8.89,26.8,12.0,17.0,37.0,42.0,6.962877594216733,-0.3297430148057699,224.1739842795432,-2.1003967516769393,5.681794154489295,7.104437445615988,7.1566681936951095,4.687015483771788,-2.3801308041048466,0.6765468107668456,135.01037873173337
38253662000.0,1053301000.0,20056940000.0,10446340000.0,35255384000.0,73509046000.0,36400106000.0,5937881000.0,31171059000.0,6584455000.0,88171978000.0,-73770279000.0,14401699000.0,3886387000.0,3886387000.0,7941820000.0,-1120711000.0,6821109000.0,-263171000.0,-4260374000.0,-759167000.0,-805477000.0,5641269000.0,VESBE,2023,0.4951785933937981,0.4240438516913959,0.8563452809725335,5.249525714644669,0.8327128070590603,2.4253936715808213,0.9035304866998046,0.7639351929359767,0.025215345605219798,0.0528695066998965,0.10676856270693277,0.04407734847459133,2.3049290810380456,1.199471123594775,0.08457556581583592,-0.16795260605541462,-0.10174127525888133,-0.6752146863658344,0,4.5,53.9,25.0,23.75,43.5,9.4,1.6,60,70,5.5,72.3,10.5,16.55,86.2,10.4,8.5,54.0,72.0,12.379464834844953,0.4969733629790271,130.72871889820627,1.9173646586447228,20.817820176476506,7.180990813598181,5.397620056176487,21.408632024313338,1.5129207363131878,1.9185628527950152,112.59303439689921
31412895000.0,1092139000.0,14549844000.0,9854564000.0,40158725000.0,71571620000.0,32100393000.0,5626589000.0,33844638000.0,11787077000.0,75327153000.0,-67419256000.0,7907897000.0,1423308000.0,1423308000.0,132585000.0,133243000.0,265828000.0,-2788476000.0,-3385051000.0,-839585000.0,-948732000.0,7741435000.0,VESBE,2024,0.4485072854296158,0.4728779088694653,1.0543371852176389,6.015125327263108,1.0644563352562895,1.4054513311706258,0.8326373681308513,0.6715908742924113,-0.009605734787056657,0.019886485732752732,0.044339270238841,0.018895019170577176,2.39796914611022,1.052472376620789,-0.03298302096714377,-0.046671307964182285,-0.14699874697398596,-1.0199423404101955,0,3.2,65.0,45.0,32.5,36.8,9.8,3.0,45,60,4.5,53.9,25.0,23.75,43.5,9.4,1.6,60.0,70.0,20.182827844332714,0.1948875601809768,91.35433652609068,0.69533670547724,47.900535086533026,6.581590568065631,3.367911605186525,47.44517333479375,-0.4322580654175496,4.867356292899337,79.98068628359387
10036226000.0,3085661000.0,3583266000.0,2861739000.0,7924596000.0,17960822000.0,13556998000.0,1085569000.0,3318255000.0,108631000.0,15852300000.0,-11570079000.0,4282221000.0,482128000.0,391269000.0,443200000.0,-42314000.0,400886000.0,-3917899000.0,-1846306000.0,-340785000.0,-249928000.0,1199617000.0,VESTL,2018,0.7548094402360872,0.18474961780702465,0.24476325806052343,3.0566965342599133,0.5412026456836427,3.944678781357979,0.6854143812352028,0.5292091213703801,-0.19602510397352638,0.02684331485496599,0.02886103545932514,0.0304137569942532,1.579508074050943,0.8826043707799119,0.0075232146697190826,-0.04306691489414749,-0.05989918208404543,-0.05772806257277452,0,3.0,16.3,17.75,4.83,39.0,10.9,1.9,14,20,3.75,17.950000000000003,16.875,7.95,32.9,11.45,2.05,35.5,39.0,13.397867564190548,0.2925921319191293,64.29826413613506,1.186136522775875,9.60634696088466,5.7683794229371435,2.647813112339736,4.344547830574291,-2.7443514556293693,1.1855360378272217,70.83437600144187
9608581000.0,2394334000.0,3372832000.0,2833115000.0,9843824000.0,19452405000.0,14652475000.0,1020019000.0,3779911000.0,490017000.0,17174123000.0,-12896358000.0,4277765000.0,1274941000.0,1040222000.0,313913000.0,37937000.0,351850000.0,-3008981000.0,-1905221000.0,-401822000.0,-261830000.0,3104493000.0,VESTL,2019,0.7532474776255172,0.19431586993998942,0.25797082062927934,3.7057260698085037,0.6280955666660328,4.1938091349278785,0.6130856390820759,0.462411026123573,-0.25929410784938933,0.06554156157040736,0.07099292099116361,0.07423616332548684,1.7873734945878064,0.8828791607001808,0.038698246715441365,-0.0015619626105699558,0.0002747899202688586,0.24913035356989965,0,0.9,15.2,19.75,5.67,17.4,13.7,-0.6,8,25,3.0,16.3,17.75,4.83,39.0,10.9,1.9,14.0,20.0,14.876637683103965,0.8979193935145807,63.74589885090375,1.2917092418634708,12.404887441654148,6.33503105789295,0.7945912446301627,5.094923707428267,-2.0743528627951147,3.151987466331284,21.322112894777153
13777527000.0,3201571000.0,5412504000.0,4061469000.0,13300891000.0,27078418000.0,17124288000.0,2528596000.0,7425534000.0,1080040000.0,21546180000.0,-15527830000.0,6018350000.0,1946222000.0,1721320000.0,1939281000.0,-32044000.0,1907237000.0,-3091106000.0,-2328754000.0,-505628000.0,-335131000.0,2261556000.0,VESTL,2020,0.632396176172478,0.27422333165844476,0.43362585352453775,2.936623327728115,0.676790795691869,2.380115289275155,0.7010435211442758,0.567384641043178,-0.12359514503395287,0.0718735488904854,0.10051921574783139,0.09032793748126118,1.563864110010454,0.7956956717338509,0.006331987320078045,-0.12085130145303924,-0.08718348896632988,-1.8136938456527236,0,1.9,12.3,10.25,7.01,23.6,13.2,2.2,34,36,0.9,15.2,19.75,5.67,17.4,13.7,-0.6,8.0,25.0,6.482060805767899,0.9487308453544072,29.27541805808441,2.131739324557764,6.937105655841656,7.489477261769949,1.5118217762943167,4.444664998626512,-4.202234931154398,0.8560673300781457,45.64180544119381
20878654000.0,2089143000.0,6674282000.0,9528703000.0,22214035000.0,43092689000.0,30610097000.0,2170931000.0,10311661000.0,1132296000.0,32505835000.0,-23487021000.0,9018814000.0,1165107000.0,1098646000.0,1698769000.0,455184000.0,2153953000.0,-7456497000.0,-3404978000.0,-651035000.0,-405695000.0,1704425000.0,VESTL,2021,0.7103315599544043,0.23929026568752765,0.3368712291241678,4.749879659924705,0.6776491268059074,4.154353132365792,0.6369127289113691,0.37079108243270187,-0.225825847164005,0.02703723130389937,0.03589162099028958,0.03584301095480242,1.556893226929284,0.7543236626519176,-0.04483631758658603,0.07793538378192633,-0.04137200908193328,1.7742378430906367,0,11.4,19.6,16.0,8.89,26.8,12.0,17.0,37,42,1.9,12.3,10.25,7.01,23.6,13.2,2.2,34.0,36.0,11.36530495927047,0.3244467756467924,81.42532139436952,0.9605926935887049,10.842386028894518,4.449492989192422,8.599289754231862,5.3899396659866845,-8.355556345068186,0.632840526614619,279.1474587762284
49223234000.0,2557953000.0,18082032000.0,22555833000.0,62877476000.0,112100710000.0,77458315000.0,4415171000.0,30227224000.0,7645059000.0,111124940000.0,-92235255000.0,18889685000.0,-7868105000.0,-6236686000.0,340121000.0,-148635000.0,191486000.0,-13485874000.0,-13005692000.0,-2421239000.0,-1686526000.0,-3999835000.0,VESTL,2022,0.6909707797568811,0.26964346612969714,0.3902385947848207,6.846218187245749,0.7679833737627833,4.278358641148893,0.6012109219338725,0.3442806753542212,-0.2518724546882888,-0.07018782485855798,-0.08051667532401137,-0.07080413271764197,2.2575708861388506,0.9912955948271871,-0.09722505616245736,-0.019360780197523186,0.23697193217526946,0.12400550878310135,0,5.5,72.3,10.5,16.55,86.2,10.4,8.5,54,72,11.4,19.6,16.0,8.89,26.8,12.0,17.0,37.0,42.0,7.255193187447252,-0.7299533785290031,309.32532975506496,-6.103316240260738,8.063825424509224,3.5805190236839004,5.452125771549529,4.097505245240617,-13.601112553167594,-0.37464764942166734,139.93464925349335
69453104000.0,3313035000.0,25736818000.0,33944827000.0,111281443000.0,180734547000.0,112814094000.0,8926985000.0,58993468000.0,11883429000.0,162015698000.0,-125960525000.0,36055173000.0,-11110364000.0,-9838989000.0,4353062000.0,-987362000.0,3365700000.0,-12418597000.0,-20349227000.0,-4098647000.0,-2799570000.0,10194526000.0,VESTL,2023,0.6241977301661094,0.3264094716767127,0.522926399603936,6.608442604081893,0.9140829366232248,4.038897007220243,0.5704985085601221,0.31475036266301976,-0.23991533837744922,-0.061473382839197864,-0.08721418265345462,-0.06857584874275578,2.3327351647235233,0.8964290485094695,0.00871444201936012,-0.0667730495907718,-0.09486654631771763,-0.23946163392865039,0,4.5,53.9,25.0,23.75,43.5,9.4,1.6,60,70,5.5,72.3,10.5,16.55,86.2,10.4,8.5,54.0,72.0,15.604943254152733,-0.57784979868846,217.69654868917107,-2.9830494203098765,22.85207341558062,2.9586534090323857,4.033930718292613,13.073159990098402,-14.394920302646954,1.410151817848084,116.64132840249549
55938562000.0,2720031000.0,20210352000.0,27467413000.0,118555361000.0,174493923000.0,95899834000.0,26186918000.0,52407171000.0,14051915000.0,142736499000.0,-112927251000.0,29809248000.0,-4384865000.0,-7900572000.0,-10065312000.0,-781853000.0,-10847165000.0,-16171113000.0,-19790832000.0,-4230891000.0,-2252683000.0,-3460598000.0,VESTL,2024,0.5495883888174146,0.3003380868455803,0.5464782243522965,2.0012729638516453,0.9710747403616733,1.1383259381650028,0.45818699476909663,0.29688423652537294,-0.22901239947479432,-0.02512904131337571,-0.08238358368795508,-0.030719998253565122,2.5516655040220733,0.8180026934233119,0.03634434152582215,-0.07460934134869479,-0.07842635508615758,-2.90057106905524,0,3.2,65.0,45.0,32.5,36.8,9.8,3.0,45,60,4.5,53.9,25.0,23.75,43.5,9.4,1.6,60.0,70.0,24.731477496783654,-0.24626460487108195,73.99118598072518,-1.1304959357311963,43.6983633162753,2.909465517948655,2.6176086189545984,24.591520095853344,-10.305557976365744,-0.892448902074372,82.83249840885627
81251526.0,6220381.0,34304038.0,36811712.0,185862867.0,267114393.0,167981638.0,71467019.0,27665736.0,-94759011.0,230178935.0,-177004473.0,53174462.0,-1261253.0,-1127258.0,-18968168.0,-368763.0,-19336931.0,-22744298.0,-22972948.0,-10211079.0,-1118872.0,21940168.0,VKING,2018,0.6288752774171925,0.10357261429937248,0.16469500077145335,0.387111934807299,0.7762117747020816,0.7440419755020145,0.3393275494545789,0.2645516172428322,-0.324692769363424,-0.0047217710204032325,-0.006710602500494727,-0.005479445805933545,2.832918301128277,0.8617241939486203,-0.001443832109508103,0.044475417308349696,-0.1375311866466145,-0.11947210953338809,0,3.0,16.3,17.75,4.83,39.0,10.9,1.9,14,20,3.75,17.950000000000003,16.875,7.95,32.9,11.45,2.05,35.5,39.0,11.162536174155168,-0.05146730412239524,12.127884200682836,-0.21369838643140826,13.777759000961948,2.8836126279468712,2.585172581845861,2.923336263693297,-4.545698771087936,1.4579445818181724,58.20956268843999
82041371.0,5404075.0,40951113.0,33033432.0,202273046.0,284314417.0,202278981.0,77193328.0,4842108.0,-110356606.0,224046160.0,-182233988.0,41812172.0,135352.0,199613.0,-33746927.0,224204.0,-33522723.0,-35254833.0,-22780110.0,-9822341.0,-1378505.0,-30260955.0,VKING,2019,0.7114622717144872,0.01703082119820888,0.023937771369334712,0.06272702739283374,0.7237677561822413,0.541655258081372,0.2935581392430547,0.24227894938822142,-0.42290366865215984,0.0004760644972850603,0.0009868202766949868,0.0006041255069937373,2.730892442058288,0.7880225081938071,0.005197835517688293,0.08258699429729466,-0.07370168575481317,-0.2023867174206424,0,0.9,15.2,19.75,5.67,17.4,13.7,-0.6,8,25,3.0,16.3,17.75,4.83,39.0,10.9,1.9,14.0,20.0,14.051379866361122,0.006522083612805326,8.233159922836855,0.010511783821691028,14.294413184599266,3.3192216066186333,0.7092202573744264,0.47277098454436056,-3.3832293492172787,-2.102087778580711,17.5190321572673
104497827.0,19897159.0,50543864.0,32821676.0,210895509.0,315393336.0,275691935.0,63590156.0,-23888755.0,-140034411.0,252920145.0,-196470940.0,56449205.0,4668540.0,5004926.0,-26314874.0,-466743.0,-26781617.0,-34847097.0,-25579454.0,-12314022.0,-1721944.0,19803773.0,VKING,2020,0.8741209896711324,-0.07574273858468589,-0.08665017712614626,-0.37566750111448066,0.6215934014625016,0.8877035149905906,0.3079968845157819,0.25998639024387854,-0.542795577646574,0.014802278511046282,0.018154053001223993,0.018458553390438708,2.4203387980498388,0.8019197495028874,0.014326214013761222,0.16265871795664522,0.01389724130908021,0.3460482569092186,0,1.9,12.3,10.25,7.01,23.6,13.2,2.2,34,36,0.9,15.2,19.75,5.67,17.4,13.7,-0.6,8.0,25.0,8.959740144129107,0.1953900763458109,10.918753234384265,0.43562186001435355,6.371332364990642,3.4318203512191965,1.5236475240554859,-0.8881643155429991,-18.455049639983518,0.6436048263556209,37.181729096734685
142932088.0,17999067.0,67036342.0,55596021.0,435439715.0,578371803.0,456301563.0,99254729.0,22815511.0,-163035875.0,340067425.0,-294871177.0,45196248.0,-54214076.0,-54174363.0,-121906556.0,3660722.0,-118245834.0,-74890808.0,-33295217.0,-13976830.0,-2055395.0,-20610776.0,VKING,2021,0.7889415781218505,0.039447827300114764,0.05000094860512235,0.2298682514160106,0.7837904480073821,0.4553561170873783,0.25727741735305554,0.19139988569357586,-0.5418131958967578,-0.09373568303086864,-0.11872491219145791,-0.15942155000585545,2.37922379612897,0.5879737276887961,-0.10853796154191492,-0.08517941154928188,-0.21394602181409128,-0.43234739790321236,0,11.4,19.6,16.0,8.89,26.8,12.0,17.0,37,42,1.9,12.3,10.25,7.01,23.6,13.2,2.2,34.0,36.0,12.623065249949608,-1.1248281963704236,8.924979894912616,-4.272497540156926,12.540647168118113,2.29679862832291,6.702900495652275,0.8000151776819576,-20.04708824818004,-0.5701737434112084,230.00329324487382
554078358.0,134543720.0,230517374.0,137571032.0,1359930473.0,1914008831.0,1356581088.0,237743810.0,319683933.0,-210043991.0,1472059539.0,-1384295100.0,87764439.0,-194886643.0,-297864748.0,30144906.0,-2283534.0,27861372.0,314750524.0,-132658815.0,-45287985.0,-7297326.0,-60020858.0,VKING,2022,0.7087642784235408,0.16702322780453252,0.23565412773910055,1.344657229982139,0.8529820206069441,0.36915551660419677,0.34753164721636304,0.3070272243099411,-0.41927848868948087,-0.10182118276757314,-0.21957017581539512,-0.13239046236702523,2.6567714074116573,0.7690975690174336,-0.008085499736704499,-0.08017729969830967,0.18112384132863757,-0.08620060048318151,0,5.5,72.3,10.5,16.55,86.2,10.4,8.5,54,72,11.4,19.6,16.0,8.89,26.8,12.0,17.0,37.0,42.0,7.442024923447179,-1.0589403007827607,26.689943850483424,-11.412057856037576,8.956311216372912,3.1930831328233875,4.230036629595885,2.474368341260556,-22.641038389231966,-0.3292665105786024,117.54856159125269
393697774.0,28106959.0,190537212.0,146849226.0,1961600780.0,2355298554.0,1684340224.0,307888423.0,363069907.0,-256266238.0,1337189856.0,-1270559138.0,66630718.0,-341923606.0,-342292140.0,-121506766.0,62533947.0,-58972819.0,194229885.0,-169897519.0,-83098766.0,-9350756.0,-429500570.0,VKING,2023,0.7151281187429456,0.15415026956281144,0.21555615773265532,1.1792255891349315,0.9846263293893897,0.2164118980206021,0.19761676180736096,0.14655503946452092,-0.5479740340383192,-0.1451720867485405,-0.2032203085354803,-0.255703110867751,3.3964882310967806,0.5677368814790178,-0.04335090398096737,0.006363840319404734,-0.20136068753841585,-0.15274361858359467,0,4.5,53.9,25.0,23.75,43.5,9.4,1.6,60,70,5.5,72.3,10.5,16.55,86.2,10.4,8.5,54.0,72.0,17.87820296857364,-1.3646176154362808,11.664601303310453,-11.123085322747169,24.61565823473474,1.3776173709664967,2.55481596665558,5.388903943316383,-31.2303038782101,-4.558876084632454,97.10969998905843
419082855.0,131139207.0,154236852.0,111638999.0,2145674548.0,2564757403.0,2145768108.0,382202583.0,36786712.0,-344766096.0,809669976.0,-721455656.0,88214320.0,-253315292.0,-251942551.0,-484029712.0,-1297597.0,-485327309.0,-259527147.0,-135417389.0,-102583635.0,-9604732.0,-343901678.0,VKING,2024,0.8366358960461884,0.01434315462233213,0.01714384320600593,0.09624925009991364,0.8487735066070827,0.23080513822691773,0.1657783677999137,0.14327916183196437,-0.6732353130086667,-0.09876773986642821,-0.11741368979280216,-0.3128624001243687,1.9320045340437513,0.3156906672938844,0.0464043468821123,0.1215077773032428,-0.2520462141851334,0.014393240206315633,0,3.2,65.0,45.0,32.5,36.8,9.8,3.0,45,60,4.5,53.9,25.0,23.75,43.5,9.4,1.6,60.0,70.0,37.14014261674661,-0.9679238506909966,15.002333984749653,-11.513336324576768,38.194807797318724,1.404135785953251,1.01021013534043,0.7714729442702668,-30.295589085390002,-5.843986146011419,69.32841514038113
376952340.0,64079474.0,114778342.0,151544258.0,334939243.0,711891583.0,253923950.0,150664125.0,307303508.0,1502178.0,943150462.0,-543169569.0,399980893.0,115804844.0,116421406.0,84200886.0,-8561705.0,75639181.0,-36521707.0,-230155853.0,-45481976.0,-4451905.0,38392057.0,YATAS,2018,0.3566890746620894,0.43167178168476816,1.2102186816170748,2.0396594610694483,0.8278524842829339,2.6547852250826134,0.931694143481614,0.8876991792227554,0.1728189979175523,0.1626720230515775,0.4584892681450489,0.12278512142636261,2.5020416692465686,1.3248512617966997,0.008476340684400993,-0.003965574550143874,-0.04531277855283278,-0.14589510613106227,0,3.0,16.3,17.75,4.83,39.0,10.9,1.9,14,20,3.75,17.950000000000003,16.875,7.95,32.9,11.45,2.05,35.5,39.0,6.331231075252086,1.7731250512621948,43.2729991688466,4.788619735628142,14.694381596022076,9.675921053528034,3.974553785390099,21.481381598703077,2.419465970845732,0.9572511152305617,61.15030856014326
497128731.0,93242109.0,164532189.0,213360188.0,437185068.0,934313799.0,386156345.0,158533570.0,389623884.0,70924495.0,1166946159.0,-684386219.0,482559940.0,152965616.0,154834870.0,112097348.0,-25890788.0,86206560.0,-49664264.0,-280141010.0,-56641775.0,-6367149.0,155945216.0,YATAS,2019,0.413304764858771,0.41701608647653077,1.0089796245611347,2.4576743209655847,0.8026311043412654,3.0438975164692246,0.9126820917916205,0.7348540213679514,0.11877421281669415,0.16371974401289988,0.4009642001350515,0.13108198250644398,2.347372192012777,1.2489873961499738,0.0010477209613223848,0.05661569019668161,-0.07586386564672587,0.3891122913866112,0,0.9,15.2,19.75,5.67,17.4,13.7,-0.6,8,25,3.0,16.3,17.75,4.83,39.0,10.9,1.9,14.0,20.0,8.162769105960727,2.2429604929767284,46.26724225033221,2.280826495612125,15.85196431073999,10.067500092740934,1.1240886565349764,19.92734758508241,0.9501937025335532,3.2964492436015065,18.589790621700136
895863779.0,296601025.0,143805713.0,356378721.0,520454688.0,1416318467.0,585402905.0,301256497.0,529659065.0,121511381.0,1748056658.0,-1065609160.0,682447498.0,254405786.0,256327385.0,218105882.0,-48030838.0,170075044.0,-68877773.0,-357404500.0,-60738176.0,-6666819.0,299728368.0,YATAS,2020,0.413327170858671,0.3739689041278313,0.9047769672410492,1.7581664471123424,0.5869837807235027,2.265337029395253,1.0103809613694257,0.9215619761914232,0.21920272963580584,0.17962470442037948,0.43786490092665326,0.14553635022967315,1.9512527450894965,1.234225704691034,0.0159049604074796,2.240599989999925e-05,-0.014761691458939685,-0.7785604870739715,0,1.9,12.3,10.25,7.01,23.6,13.2,2.2,34,36,0.9,15.2,19.75,5.67,17.4,13.7,-0.6,8.0,25.0,4.236603501301378,2.371046098349009,27.863645461561614,3.4346578654202866,6.016583752415902,12.164618085726786,2.3450288389129645,9.273963914220754,7.452892807617398,2.169156050409671,40.03552075470723
1267175634.0,111399760.0,231159375.0,668116135.0,929311188.0,2196486822.0,890397805.0,299205742.0,1006883275.0,240113597.0,2858976118.0,-1868164511.0,990811607.0,343425008.0,365258459.0,326840151.0,-70783768.0,256056383.0,-121175295.0,-541007463.0,-92279459.0,-10742603.0,-7821115.0,YATAS,2021,0.40537361575848324,0.4584062444240788,1.1308240758747155,3.3651870056691626,0.7811940291734857,3.311472568597965,1.065208352140194,0.6727998380454229,0.1715365761479629,0.15635195465789142,0.4102194063697181,0.12012167777051715,2.256179839076672,1.3016131439371776,-0.023272749762488054,-0.007953555100187748,0.06738743924614354,1.0461355392027119,0,11.4,19.6,16.0,8.89,26.8,12.0,17.0,37,42,1.9,12.3,10.25,7.01,23.6,13.2,2.2,34.0,36.0,6.485977852135732,1.876223455894697,64.90486234452011,3.2192609642498597,12.499104466775771,8.073598056545075,14.838389840883826,18.093185213995447,6.346853317474626,-0.05697181460258267,245.21542524871813
5012238584.0,563133788.0,1227752174.0,2176312808.0,4063572197.0,9075810781.0,4202053730.0,639827426.0,4233929625.0,2677639503.0,12756701265.0,-9542366377.0,3214334888.0,400193693.0,410281554.0,589679527.0,-239741388.0,349938139.0,154866808.0,-2469058557.0,-366620311.0,-51214732.0,377359467.0,YATAS,2022,0.4629948586849014,0.46650704021547407,1.0075857894848954,6.617299373159412,0.8392548404383018,5.0237529017707345,1.0351841407319333,0.6748904126935092,0.08926859247617891,0.04409453906176584,0.09763834076438618,0.03137125222944538,2.5451105431656362,1.405571532155106,-0.11225741559612559,0.05762124292641818,0.10395838821792847,1.7122803331727696,0,5.5,72.3,10.5,16.55,86.2,10.4,8.5,54,72,11.4,19.6,16.0,8.89,26.8,12.0,17.0,37.0,42.0,4.861446016191465,0.4585832062423647,363.21733479802407,2.7042019421781918,8.81217582460217,7.018860292012496,7.730643426853083,10.579650789591401,4.820503993713661,0.43657525471938324,126.10883205451023
8128887684.0,759528318.0,2402488999.0,3008550099.0,7639663486.0,15768551170.0,7005470825.0,2013267827.0,6749812518.0,3953682330.0,19538512206.0,-14073264802.0,5465247404.0,1003243442.0,1093659812.0,1435995365.0,-424842089.0,1011153276.0,229029221.0,-3570801120.0,-600183467.0,-88741670.0,2481505114.0,YATAS,2023,0.44426851582458987,0.4280553390879474,0.9635059065426912,3.352664969597212,0.8470878002774617,2.7146151797120037,0.9013331018520349,0.7309055612261436,0.07124413948298079,0.06362305776758309,0.15611510479739954,0.05134697214519324,2.403589884069556,1.2390810034071127,0.019528518705817254,-0.01872634286031155,-0.16649052874799342,-2.309137722058731,0,4.5,53.9,25.0,23.75,43.5,9.4,1.6,60,70,5.5,72.3,10.5,16.55,86.2,10.4,8.5,54.0,72.0,11.106712895614747,0.5980567430152811,146.317758186477,2.2335932883159058,21.177195006936543,6.87051227552575,5.575864515332007,24.08764766356728,4.2746483689788475,3.9342630265250937,105.66577512521106
7272208190.0,892011822.0,1454303951.0,3174168009.0,9577732794.0,16849940984.0,6278050966.0,2523376069.0,8048513949.0,4964835606.0,16173916643.0,-11042094745.0,5131821898.0,1419998836.0,1603008816.0,526188702.0,-346337859.0,179850843.0,-1130319635.0,-3661333678.0,-641749204.0,-97559598.0,2604382601.0,YATAS,2024,0.3725859320196655,0.4776582871502359,1.2820083800829725,3.1895816275176063,1.0882022603735646,2.033712676063268,0.8262533065468968,0.6527567557501094,0.05900063536982178,0.08427322311385967,0.2553354257047935,0.08779560741798241,2.2240722790693375,0.9598797205496491,0.020650165346276575,-0.07168258380492437,-0.2792012828574636,-0.6809025036487357,0,3.2,65.0,45.0,32.5,36.8,9.8,3.0,45,60,4.5,53.9,25.0,23.75,43.5,9.4,1.6,60.0,70.0,16.766366940884947,0.8258775865158248,132.1913239441124,3.2308783529817524,48.96910171681041,6.397016206351072,3.071615105758877,57.69037710373376,2.65502859164198,6.955348814354044,75.35236157217733
20593724.0,11936815.0,3802751.0,447024.0,98137481.0,118731205.0,18746412.0,29914421.0,70070372.0,-8275963.0,19987515.0,-20480366.0,-492851.0,-6303453.0,-13541864.0,-15905846.0,326089.0,-15579757.0,-2493182.0,0.0,-863215.0,0.0,-2549884.0,YAYLA,2018,0.15788951186000344,0.5901596972758762,3.7378017724138357,2.342360963630217,2.0167653315758076,-0.01647536484159262,0.4232094423866521,1.074696320554568,0.015558774123449685,-0.0530901122413438,-0.7223709795773186,-0.3153695194224995,0.9705634104836989,0.1683425599866522,0.00022537730425170946,-0.019792904688659088,-0.012364597264309597,-0.08177555896535814,0,3.0,16.3,17.75,4.83,39.0,10.9,1.9,14,20,3.75,17.950000000000003,16.875,7.95,32.9,11.45,2.05,35.5,39.0,2.802538835515061,-0.5786822234306475,-0.26854844691795976,-12.299411257477482,35.797584635470585,11.714189894044793,0.5050276799599567,66.34598146034558,0.21782283772829558,-0.38120088985873596,55.77711814400463
14552379.0,5821920.0,3432838.0,777768.0,99374459.0,113926838.0,15600653.0,26626565.0,71699620.0,-23580694.0,19915925.0,-19784392.0,131533.0,-454527.0,524673.0,427984.0,1375124.0,1803108.0,-1911178.0,0.0,-1409861.0,0.0,-541771.0,YAYLA,2019,0.1369357148313025,0.6293479329251638,4.595937105966013,2.692785194034604,2.3533271597480088,0.004939916207742155,0.34462083199513643,0.8829509251952466,-0.00920129109525536,-0.003989639385936438,0.03363147683625807,-0.022822289198217004,1.3685683282437875,0.17481328675162564,0.04910047285540736,-0.020953797028700927,0.006470726764973428,0.021415281049334777,0,0.9,15.2,19.75,5.67,17.4,13.7,-0.6,8,25,3.0,16.3,17.75,4.83,39.0,10.9,1.9,14.0,20.0,2.7044803679182245,-0.054658059587329194,0.07508672635768075,-0.3971078320489758,46.478211405023174,12.096427675174878,0.15733195807646308,90.76975784282875,-0.07361032876204288,-0.0939197246043114,16.69596032556467
13675649.0,6049640.0,181361.0,560624.0,106117919.0,119793568.0,24701141.0,24368319.0,70724108.0,-21777586.0,10964917.0,-15128182.0,-4163265.0,-5232078.0,-2933153.0,-3929200.0,77445.0,-3851755.0,-2773881.0,0.0,-1366819.0,0.0,-8020987.0,YAYLA,2020,0.20619755644977533,0.590383183177247,2.8631919472869694,2.902297364048788,2.1626062116844165,-0.16740893954243927,0.27869980635613273,0.5309481452698885,-0.0920374289210586,-0.04367578399534773,-0.11874564822734301,-0.47716530822805137,0.8017840323336757,0.09153176738170116,-0.03968614460941129,0.06926184161847282,-0.08328151936992448,-0.17578735956236993,0,1.9,12.3,10.25,7.01,23.6,13.2,2.2,34,36,0.9,15.2,19.75,5.67,17.4,13.7,-0.6,8.0,25.0,2.113524953610197,-0.57652034873859,-2.101423553261922,-11.261101274182012,22.16671366976527,7.008515517562528,0.1739103580252322,29.347717459691435,-3.1292725833159922,-0.6863066032894187,35.34243305017146
5668555.0,668904.0,271507.0,1079364.0,150980744.0,156649299.0,29382011.0,23465257.0,103802031.0,-25629341.0,40366595.0,-45527723.0,-5161128.0,-7363616.0,12670653.0,7681614.0,-1252547.0,6429067.0,-6029887.0,0.0,-1907877.0,0.0,-4261973.0,YAYLA,2021,0.18756554410115808,0.6626396138548951,3.5328429698021693,4.423647735884589,2.8569261896376554,-0.16740893954243927,0.10774436460201606,0.15619050037112844,-0.15137926662538082,-0.047007015333021054,0.4312384540322989,-0.18241855672989016,7.121143748274472,0.2576876836199567,-0.003331231337673324,-0.01863201234861725,0.16615591623825554,-0.04910020094349346,0,11.4,19.6,16.0,8.89,26.8,12.0,17.0,37,42,1.9,12.3,10.25,7.01,23.6,13.2,2.2,34.0,36.0,3.0010487056185293,-0.5640841839962527,-4.293003950528837,-4.888817320361056,45.71081903420249,1.8742860044535412,2.9376395932675066,56.52548751683471,-5.60103286513909,-0.4353135854122143,215.11252914465484
26348620.0,17502614.0,874522.0,4093637.0,437542632.0,463891252.0,47907860.0,22301017.0,393682375.0,-101447110.0,28134666.0,-35592094.0,-7457428.0,-20051713.0,29024559.0,79769032.0,349019.0,80118051.0,46249908.0,0.0,-8998752.0,0.0,73444112.0,YAYLA,2022,0.10327390265164992,0.8486522936198848,8.217490303261302,17.653113084483994,6.232012968958327,-0.16740893954243927,0.37528901081838983,0.4645371970277946,-0.0464747716346244,-0.04322502938684431,0.6058412753147396,-0.7127048531516244,1.0677851819184458,0.06064927044582423,0.0037819859461767427,-0.08429164144950817,-0.19703841317413245,-0.11445091698722282,0,5.5,72.3,10.5,16.55,86.2,10.4,8.5,54,72,11.4,19.6,16.0,8.89,26.8,12.0,17.0,37.0,42.0,1.084375977842324,-0.44954030562318087,-4.293003950528837,-61.43515834167002,65.43613617406244,4.831186849089064,0.3335709874520333,86.28364818424367,-2.5096376682697175,1.6623792164116948,109.75338391617476
14023583.0,4513380.0,0.0,3041710.0,766929160.0,780952743.0,33428734.0,34018150.0,713505859.0,-30794634.0,22998550.0,-26618531.0,-3619981.0,-20512710.0,4757371.0,71807912.0,-131460.0,71676452.0,63041313.0,0.0,-9933525.0,0.0,43560426.0,YAYLA,2023,0.04280506637518783,0.9136351275995198,21.34408856165477,20.974269882401014,11.370861254316804,-0.10641322352920426,0.20792039851685365,0.3285159707214757,-0.02484804768782277,-0.02626626282302462,0.14231382498661183,-0.8919131858312807,1.6399910065779908,0.02944934915223161,0.016958766563819692,-0.06046883627646209,-0.03119992129359262,0.2279853377561398,0,4.5,53.9,25.0,23.75,43.5,9.4,1.6,60,70,5.5,72.3,10.5,16.55,86.2,10.4,8.5,54.0,72.0,1.0701266593796956,-0.24690287053643142,-4.293003950528837,-38.79822358366071,284.2715313579201,3.088050124781872,0.13252207118504225,533.6022140413693,-1.490882861269366,1.3944642102371103,92.14211338942766
16109683.0,1155404.0,819782.0,3049576.0,688009773.0,704119456.0,31016294.0,38353785.0,634749377.0,40881818.0,52609586.0,-63396590.0,-10787004.0,-29469491.0,-61708425.0,-58897699.0,-3287680.0,-62185379.0,2704422.0,0.0,-14942648.0,0.0,12979228.0,YAYLA,2024,0.04404976135185789,0.9014796730741097,20.465029671178637,16.54984969540816,9.917961503258487,-0.16740893954243927,0.23222811956146108,0.42107245307901714,-0.021170571091278012,-0.041852970755007796,-1.511969643146186,-0.5601543984778744,3.2657120565314663,0.07471684747765299,-0.015586707931983176,0.0012446949766700618,0.04526749832542138,-0.174836827802105,0,3.2,65.0,45.0,32.5,36.8,9.8,3.0,45,60,4.5,53.9,25.0,23.75,43.5,9.4,1.6,60.0,70.0,1.982239260833605,-0.4101591133990764,-4.293003950528837,-20.613681863985775,446.3082676466319,4.126510040174368,0.23909391192848958,920.9263352030387,-0.9526756991075105,0.8294974027816098,65.19186746094773
1285501408.0,888004.0,145512204.0,1100985539.0,831863775.0,2117365183.0,1248605612.0,1106410969.0,-237651398.0,-341413078.0,132533834.0,-45403410.0,87130424.0,-54496937.0,-3815550.0,-128147794.0,0.0,-128147794.0,-156341897.0,-194411.0,-27896724.0,0.0,86780264.0,YGYO,2021,0.5896978102902904,-0.11223921121782232,-0.19033343732880803,-0.21479486796375027,0.35323053846473107,0.07875050631389754,0.5458566272404517,0.14777754258564071,0.017425334229650456,-0.025738090640928423,-0.003055848831151978,-0.4111926393074843,0.10309894114094972,0.0625937533421697,0.0045217340266070355,0.12717349162296587,0.056572969488481874,0.07045250847732842,1,11.4,19.6,16.0,8.89,26.8,12.0,17.0,37,42,1.9,12.3,10.25,7.01,23.6,13.2,2.2,34.0,36.0,9.435164964644647,-0.30885708769114106,1.543509923752392,-11.019962733440579,5.651688615435697,1.7733305110276887,0.7135687881007345,-3.029218792226005,0.6447373664970668,0.6557603927503516,244.7971967848311
8311009955.0,778779.0,737485975.0,7526350428.0,6392693524.0,14703703479.0,3549959131.0,1390615864.0,9763128484.0,2199461267.0,619951744.0,-533763651.0,86188093.0,582760143.0,2766879284.0,5026458618.0,0.0,5026458618.0,2231813782.0,-500012.0,-343607982.0,0.0,944789940.0,YGYO,2022,0.24143299244779337,0.6639911161119247,2.750208699233614,7.020722786749396,1.293916908552058,0.061978361696584244,1.682194878816934,0.22103339729969415,0.3237994312657208,0.03963356196840509,0.7794115881048435,0.9400088775296679,0.07459403217620138,0.042162965601518165,0.06537165260933352,-0.3482648178424971,-0.020430787740651532,-0.0167721446173133,1,5.5,72.3,10.5,16.55,86.2,10.4,8.5,54,72,11.4,19.6,16.0,8.89,26.8,12.0,17.0,37.0,42.0,2.53504642070183,0.41218904447141297,4.481035550663041,81.02876524305738,13.58612753979661,2.2987473319168195,0.2318963108083499,28.877191341952944,17.485169288348924,0.6746799800586485,128.76250879990934
11531223875.0,1008996.0,530682248.0,10982631149.0,10364283057.0,21895506932.0,4181777531.0,1172850092.0,16540879309.0,10432694352.0,43472398.0,-2849295.0,40623103.0,-796735392.0,373782975.0,2444083047.0,0.0,2444083047.0,1812909779.0,0.0,-408759115.0,0.0,1495149958.0,YGYO,2023,0.19098792934948614,0.755446282215358,3.9554661113319756,14.103148750062084,1.9355749431541749,0.03463622783260181,2.153506216841178,0.1311864923308853,0.3356600222513633,-0.03638807699106439,0.08938375421195978,-18.32738539061038,0.003769972595385067,0.0019854483449508837,-0.07602163895946948,-0.050445063098307236,-0.040177517256567284,-0.027342133863982432,1,4.5,53.9,25.0,23.75,43.5,9.4,1.6,60,70,5.5,72.3,10.5,16.55,86.2,10.4,8.5,54.0,72.0,4.774698233737153,-0.3420479237160053,1.8668926801772376,-797.2412644915515,48.389373578854375,1.262045896521557,0.008934517552278977,98.88665278329938,20.1396013350818,1.70714243182794,107.14296280408965
8568737729.0,664560.0,355788221.0,8179757364.0,10669142434.0,19237880163.0,3116167998.0,2756678961.0,13365033204.0,11811171467.0,1033355586.0,-1208695092.0,-175339506.0,-659704137.0,-4861114742.0,-2289985661.0,-940093224.0,-3230078885.0,2510916905.0,0.0,-313650313.0,0.0,711998393.0,YGYO,2024,0.16198084048747174,0.6947248392629464,4.288932179708496,4.848237097275833,1.8166900156745596,-0.06360534123871815,1.4590432525861432,0.12482650654574882,0.28342882296807664,-0.03429193504743842,-1.511969643146186,-0.6384096103391074,0.12059601060057139,0.053714628495682246,0.0020961419436259718,-0.02900708886201439,0.051729180150731364,-0.09824156907131996,1,3.2,65.0,45.0,32.5,36.8,9.8,3.0,45,60,4.5,53.9,25.0,23.75,43.5,9.4,1.6,60.0,70.0,7.289137821936229,-0.3360609634648965,-4.13434718051668,-23.49347366047915,81.75105070535518,1.262045896521557,0.1718868111861832,193.00194808688232,12.754297033563448,1.665460404864255,75.77647071192193
361499601.0,3143390.0,893581.0,0.0,73045291.0,434544892.0,334827154.0,2749854.0,96967884.0,-130124681.0,99836473.0,-70769012.0,29067461.0,21648411.0,21648411.0,-5652295.0,542529.0,-5109766.0,-53034463.0,-1709745.0,-8815748.0,0.0,69589435.0,ZEDUR,2019,0.7705237368202685,0.22314813908800935,0.2896057946363574,35.2629208677988,0.2163811197710479,10.570547018132599,1.0708655875047035,1.0796603461856622,0.06138018761937259,0.04981858353083575,0.06465548191470755,0.21683869982065573,0.2761731208660449,0.22974950307320607,0.014049050068724943,0.3289513826589396,0.005230506160029708,10.392355374428327,1,0.9,15.2,19.75,5.67,17.4,13.7,-0.6,8,25,3.0,16.3,17.75,4.83,39.0,10.9,1.9,14.0,20.0,15.217843802200303,0.6825145943724498,160.6723146756155,3.7729933768794095,4.273527115478196,14.79134674274357,0.20677455276588547,5.7197144440680585,0.4910415009549807,3.1628293567652848,17.900828834480908
319176295.0,1761553.0,790752.0,0.0,87336593.0,406512888.0,349262058.0,4920901.0,52329929.0,-135202562.0,50659511.0,-37726034.0,12933477.0,7154356.0,7154356.0,-43230431.0,-2886382.0,-46116813.0,-96835065.0,-1342748.0,-4842715.0,0.0,25565158.0,ZEDUR,2020,0.8591660149284123,0.1287288313476546,0.1498299852542242,10.634216985873115,0.2465860956342623,2.628274171742126,0.9011622013130225,0.9138590570865845,-0.07400937064509502,0.017599333775612055,0.02048420616017787,0.14122433988752872,0.15871952834091266,0.12461969225438185,-0.032219249755223694,0.08864227810814373,-0.10512981081882422,-7.942272846390473,1,1.9,12.3,10.25,7.01,23.6,13.2,2.2,34,36,0.9,15.2,19.75,5.67,17.4,13.7,-0.6,8.0,25.0,8.806451653016225,0.23231120583807913,32.32777231242815,3.332894421345678,2.5275074802511885,12.062939553542915,0.23677741528332552,1.535757348855798,-2.516318601933231,0.6446114680132847,37.66393976336854
26381238.0,1315285.0,11757398.0,2544600.0,518664807.0,545046045.0,54743206.0,153477341.0,336825498.0,-178523743.0,15281667.0,-6867527.0,8414140.0,262570369.0,308956523.0,265848257.0,6012300.0,271860557.0,-54885931.0,-57378.0,-4703322.0,0.0,-202456350.0,ZEDUR,2021,0.10043776393240318,0.6179762262103929,6.152827402910966,2.194626879807619,2.490939604533841,0.05482333708140018,0.12669853374268583,0.43542641620222244,-0.05203591193841247,0.3773903655705024,5.643741855382018,4.338998080403241,0.579262694191986,0.02803738718992081,0.3814843924994046,-0.49815439339372714,-0.09658230506446104,-2.573450834660726,1,11.4,19.6,16.0,8.89,26.8,12.0,17.0,37,42,1.9,12.3,10.25,7.01,23.6,13.2,2.2,34.0,36.0,1.607004222918451,4.2411558962138445,1.0745374067954436,341.4815762516686,39.85503367254145,5.225116994426669,0.3196262139650972,98.44523844657546,-1.9253287417212614,-5.843986146011419,229.32674152238909
55229734.0,15137321.0,24019014.0,2094602.0,1384886033.0,1440115767.0,97869688.0,367389135.0,974856944.0,-118948425.0,144121860.0,-97885103.0,46236757.0,34172005.0,60915908.0,155349372.0,35963253.0,191312625.0,93290900.0,0.0,-16176232.0,0.0,-15448862.0,ZEDUR,2022,0.06795959758421283,0.6769295679824329,9.960764807996528,2.653472438699092,2.976592736211259,0.1258522710531437,0.11870754786309555,0.5429171491790186,-0.029608698812336524,0.023728651392509893,0.6224185367792324,0.2371049402221148,2.609497630388732,0.10007657946848936,-0.37624144492989975,-0.032478166348190354,0.07203919227856855,0.07102893397174352,1,5.5,72.3,10.5,16.55,86.2,10.4,8.5,54,72,11.4,19.6,16.0,8.89,26.8,12.0,17.0,37.0,42.0,0.7135757746342347,0.2467779744821029,9.099119197142288,20.438445847146298,31.25422373021822,5.646338351461793,0.5504211870766915,104.58803048396354,-1.5988697358661723,-0.11263889662003819,115.98394137579105
51278678.0,11009310.0,18988350.0,5912810.0,2187527131.0,2238805809.0,157601864.0,371136230.0,1710067715.0,91702112.0,140162266.0,-108116165.0,32046101.0,10554657.0,48216828.0,352499017.0,-68804710.0,283694307.0,303682604.0,0.0,-20224161.0,0.0,57857503.0,ZEDUR,2023,0.07039550432040173,0.7638303010138384,10.850555136835183,4.607655024679213,4.137260310583939,0.08634592478346832,0.10774436460201606,0.28785108785261576,-0.04749102649840409,0.004714413799343505,0.3059407216148154,0.07530312759070262,2.7333439836338993,0.06260581665303334,-0.019014237593166387,0.002435906736188903,-0.03747076281545601,-0.03950634626967538,0,4.5,53.9,25.0,23.75,43.5,9.4,1.6,60,70,5.5,72.3,10.5,16.55,86.2,10.4,8.5,54.0,72.0,1.7598876080100432,0.044315489713828954,4.654045345828942,3.275686050195564,103.43150776459848,2.7058002258145883,0.28172617493865004,271.26387842087956,-2.8494615899042453,0.6460754966711809,96.88143797852264
34259620.0,11673089.0,15297498.0,0.0,2147453243.0,2181712863.0,152897304.0,280074713.0,1748740846.0,334739484.0,139910561.0,-118327408.0,21583153.0,2243385.0,4387196.0,98673452.0,-20338798.0,78334654.0,93620374.0,0.0,-23739598.0,0.0,84264195.0,ZEDUR,2024,0.07008131390386362,0.8015449125580005,11.437355664557696,6.243836965031542,4.959796842944702,0.07706212663333159,0.10774436460201606,0.22406948391974263,-0.054378230065007416,0.0010282677606416075,0.028693743350765688,0.016034422162026784,4.083832832938603,0.06412876935950852,-0.003686146038701898,-0.0003141904165381154,0.001522952706475178,-0.009283798150136732,0,3.2,65.0,45.0,32.5,36.8,9.8,3.0,45,60,4.5,53.9,25.0,23.75,43.5,9.4,1.6,60.0,70.0,3.1536591256738626,0.010077024054287754,5.009038231166554,0.5900667355625856,223.19085793251162,2.1958809424134778,0.2052120619504273,514.6810049050963,-2.4470203529253336,1.7380329186792716,68.81080359105887
3538069000.0,599824000.0,725909000.0,43021000.0,13715762000.0,17253831000.0,6267576000.0,8586386000.0,2399869000.0,-1508306000.0,5970314000.0,-4484257000.0,1486057000.0,1249854000.0,1295015000.0,-90256000.0,95271000.0,5015000.0,-2496222000.0,-50283000.0,-164557000.0,0.0,2306673000.0,ZOREN,2018,0.3632570644745506,0.13909195007184202,0.3829022575873033,0.2794969851110817,0.9233739792790637,0.1730713014765467,0.23819025523291362,0.5576395084798333,-0.1581971563300927,0.0724392165426913,0.20662134771082152,0.20934476813112343,1.6874498490560812,0.3460283110458193,-0.005760982447564688,-0.03550710774471616,-0.03272878832803229,-0.018076019191477458,0,3.0,16.3,17.75,4.83,39.0,10.9,1.9,14,20,3.75,17.950000000000003,16.875,7.95,32.9,11.45,2.05,35.5,39.0,6.447812894423273,0.7895874603153351,2.8210622140677115,8.164445957113815,16.38988813220338,6.078270642430184,1.038084933137458,6.796515072174634,-2.2147601886212978,2.373006073259904,70.71390012816794
4268896000.0,832812000.0,1020539000.0,62975000.0,14417983000.0,18686879000.0,8364884000.0,8653736000.0,1668259000.0,-1275812000.0,8204197000.0,-6778689000.0,1425508000.0,1440843000.0,1535088000.0,-40538000.0,-97318000.0,-137856000.0,-2297010000.0,-38745000.0,-203444000.0,0.0,2628744000.0,ZOREN,2019,0.44763408592735043,0.08927435127074992,0.199435999351575,0.1927790494186557,0.8471887262304464,0.16472746568649657,0.25083678935189807,0.5028068530298806,-0.21919058821968077,0.07710452879798708,0.18351575467155312,0.17562267215182667,1.9218545028972362,0.4390351647270794,0.004665312255295789,0.08437702145279985,0.09300685368126005,-0.00834383579005013,0,0.9,15.2,19.75,5.67,17.4,13.7,-0.6,8,25,3.0,16.3,17.75,4.83,39.0,10.9,1.9,14.0,20.0,8.840773197065172,1.056332044532423,2.503857478434748,3.055834495441784,16.731977343051316,6.888453886509364,0.39513164825437147,3.938860987193606,-1.7535247057574461,2.7782966861400453,21.28597871109834
4047594000.0,728314000.0,1423992000.0,131166000.0,17354975000.0,21402569000.0,8027850000.0,11077499000.0,2297220000.0,-969887000.0,8579113000.0,-7062390000.0,1516723000.0,1699294000.0,1821857000.0,144693000.0,-106486000.0,38207000.0,-2658892000.0,-37021000.0,-265958000.0,0.0,1933705000.0,ZOREN,2020,0.37508814946467406,0.10733384389509502,0.28615631831685945,0.20737713449579187,0.908383039744524,0.1369192630935918,0.2118565852945162,0.48785515424428705,-0.18597094582430734,0.07939673036447167,0.2269420828739949,0.19807339057079676,2.11955868103372,0.40084501070876116,0.002292201566484589,-0.07254593646267637,-0.03819015401831821,-0.027808202592904785,0,1.9,12.3,10.25,7.01,23.6,13.2,2.2,34,36,0.9,15.2,19.75,5.67,17.4,13.7,-0.6,8.0,25.0,3.844653532012909,1.048036840811026,1.6841069360511791,4.674532017470804,9.31092615738137,6.439688036024589,0.7616055203466462,2.933102262747809,-6.32301215802645,0.926079306180487,45.1948759171465
6471306000.0,1171070000.0,2846527000.0,239030000.0,28955112000.0,35426418000.0,9501761000.0,19742764000.0,6181893000.0,-1015196000.0,11634808000.0,-9771696000.0,1863112000.0,2721263000.0,2752852000.0,-195072000.0,35638000.0,-159434000.0,-5464622000.0,-34654000.0,-365287000.0,0.0,2001211000.0,ZOREN,2021,0.2682111694159991,0.1744995217975467,0.6506049773299918,0.31312196205151416,0.9901036860745729,0.09436935983229096,0.22128265034224354,0.6559074680998607,-0.08554223574057078,0.07681451170140882,0.28972018976271874,0.23388980720610086,1.7979072539607925,0.32842180092833545,-0.002582218663062852,-0.10687698004867496,-0.07242320978042571,-0.04254990326130083,0,11.4,19.6,16.0,8.89,26.8,12.0,17.0,37,42,1.9,12.3,10.25,7.01,23.6,13.2,2.2,34.0,36.0,4.2913787106559855,0.9217741404169059,1.849639452712903,6.268246833123503,15.841658977193166,7.870889617198328,3.744008530583024,10.409679637279869,-3.1650627224011187,0.9038276463626664,276.914249609438
22590703000.0,3798939000.0,11804273000.0,1173957000.0,95153825000.0,117744528000.0,37540403000.0,45683593000.0,34520532000.0,14697287000.0,38806100000.0,-33147866000.0,5658234000.0,4965276000.0,5125032000.0,10168164000.0,-2869153000.0,9508736000.0,-3789102000.0,-156663000.0,-1097809000.0,0.0,3194649000.0,ZOREN,2022,0.31882927926807775,0.2931816245422462,0.919556777267415,0.7556439792290418,1.1433460248652323,0.12385702674480967,0.2714445843239731,0.5704985639072655,-0.12696725914940182,0.04216990873665059,0.1365204310672957,0.12795091493347696,1.717790721253783,0.32957879792086814,-0.034644602964758235,0.05061810985207865,0.0011569969925326884,0.02948766691251871,0,5.5,72.3,10.5,16.55,86.2,10.4,8.5,54,72,11.4,19.6,16.0,8.89,26.8,12.0,17.0,37.0,42.0,3.347707432314816,0.4385670508611661,8.954863033649739,11.029368867265715,12.00513326108494,5.933185064635562,1.8126833885647748,9.655346161307857,-6.856231994067699,0.28488639828765544,140.20480703584042
28626187000.0,2791942000.0,8644313000.0,767176000.0,113602970000.0,142229157000.0,45564675000.0,41118894000.0,55545588000.0,35785006000.0,39389311000.0,-33957316000.0,5431995000.0,4726298000.0,10912483000.0,6758033000.0,8809465000.0,15861441000.0,-17438018000.0,-236760000.0,-2036018000.0,0.0,16990011000.0,ZOREN,2023,0.3203610002413218,0.3905358730348096,1.2190493622526661,1.3508531625388562,1.3105479078739823,0.13210459892233484,0.33023775243956555,0.6114168706349821,-0.11909293675979532,0.03323016250458406,0.23949436707273783,0.11998935447233387,1.3759887406590336,0.2769425892048281,-0.008939746232066524,0.001531720973244055,-0.05263620871604002,0.00824757217752517,0,4.5,53.9,25.0,23.75,43.5,9.4,1.6,60,70,5.5,72.3,10.5,16.55,86.2,10.4,8.5,54.0,72.0,8.009025006033045,0.3123635275430902,7.120437881913848,5.219536919546523,32.76369769684956,5.747318583968831,1.2462416514217265,30.476234056316652,-7.145576205587719,2.9863797547502866,115.56317418971115
13410051000.0,1541918000.0,6439443000.0,467769000.0,105374674000.0,118784725000.0,20137621000.0,39999541000.0,58647563000.0,52238638000.0,29657596000.0,-25947551000.0,3710045000.0,1934896000.0,7561033000.0,-8971150000.0,4511967000.0,-2364560000.0,-21442415000.0,-237029000.0,-1703544000.0,0.0,6550147000.0,ZOREN,2024,0.1695303920600902,0.49372983773797513,2.9123382051931554,1.4662058997126992,1.7522388901558075,0.09275218933137258,0.2229910849467755,0.642691706234813,-0.05663665930110121,0.01628909777751306,0.3754680356731314,0.0652411611514298,2.211594571862553,0.24967516656708175,-0.016941064727071003,-0.1508306081812316,-0.02726742263774637,-0.039352409590962256,0,3.2,65.0,45.0,32.5,36.8,9.8,3.0,45,60,4.5,53.9,25.0,23.75,43.5,9.4,1.6,60.0,70.0,7.628867642704059,0.159633158219628,6.028892306539218,2.4008747303726166,78.85075005701134,6.298378721101168,0.7989605330146616,131.055219233692,-2.5486496685495545,2.481435344485581,81.6018517061347
